Req ID,Req Type,Item,Subtype,Timing/Frequency,Acceptance Criteria,Responsible Party,Spec Sections,Drawing Sheets,Tag(s),Bid Item,Addenda,Lane,Verified/Verified-Visual/Inferred/Unresolved,Source Citation,Notes
SUB G0.4-01,Submittal,"Utility lines come from surface-visible structures and locate marks, and Wilson does not guarantee their accuracy",Warranty / guarantee,Not stated,n/a — submittal,Contractor (submits per 01 33 00 — Inferred),,G0.4,None linked,Not stated,—,Civil & Site,Verified,"Project_Wiki.md note G0.4 (Civil & Site): (Notes 3.A–3.C; plans_1 p.4, G0.4 — Verified)","Requirement sentence taken verbatim from the note; Subtype, Timing, Acceptance and Responsible Party parsed from it by keyword (Merge, Inferred — check against the cited ¶). Linked Ledger rows: 0 (flag Y and sheet cited; linkage Inferred)."
SUB G0.5-01,Submittal,"8"" STEP influent and an influent sample sump feed the Influent Pump Station, which pumps through a 6"" influent flow meter to the flow splitter; the splitter feeds Treatment Cell #1 (Train #1) on INF1, Treatment Cell #2 (Train #2) through an 8"" Train #2 flow meter on INF2, and New Treatment Cell #3 (Train #3) through an 8"" Train #3 flow meter on INF3, with a fourth outlet marked FUTURE. Secondary effluent SE1–SE3 passes an 8"" effluent flow meter into UV Channels #1 and #2, then 10"" final effluent runs to SSMH *1288 and the 12"" outfall; a 4"" UV chamber drain is shown. WAS1–WAS3 go to a WAS pump and the aerobic digester above the UV chamber; a digested sludge pump with a flow meter feeds the rotary fan press and the existing screw press (drawn gray), and the 4"" pressate drain returns through a 4"" plant drain flow meter to the pump station. Train #3 shows Anoxic 1, Anoxic 2, Aeration 1, Aeration 2 and a clarifier, with ML recycle airlift pumps, a RAS airlift pump, and a carbon addition point into Anoxic 2. Legend: isolation valve, flow direction, flow meter (FM), airlift pump",Samples,Not stated,n/a — submittal,Contractor (submits per 01 33 00 — Inferred),,G0.5,PROPOSED-PLANT-DRAIN-FLOW-METER; PROPOSED-Plant-Drain-Flow-Meter; PROPOSED-DIGESTED-SLUDGE-FLOW-METER; PROPOSED-TRAIN-3-TREATMENT-SYSTEM; PROPOSED-TRAIN-3-RAS-AIRLIFT; PROPOSED-TRAIN-3-MLR-AIRLIFT; PROPOSED-CARBON-FEED-PUMPS; PROPOSED-INFLUENT-PUMP-STATION-WET-WELL; PROPOSED-UV-SYSTEM; PROPOSED-ROTARY-FAN-PRESS; PROPOSED-WAS-PUMP; PROPOSED-SWING-SLUDGE-PUMP; PROPOSED-DIGESTED-SLUDGE-PUMP,1; 6; 18 — Unresolved (see 04); 19; Equipment Alternate B; Equipment Alternate C; Equipment Alternate D,—,Process & Mechanical,Inferred,Project_Wiki.md note G0.5 (Process & Mechanical): citation in note header,"Requirement sentence taken verbatim from the note; Subtype, Timing, Acceptance and Responsible Party parsed from it by keyword (Merge, Inferred — check against the cited ¶). Linked Ledger rows: 12 (flag Y and sheet cited; linkage Inferred)."
SUB G0.6-01,Submittal,"Existing Trains #1 and #2 run at HWL 23.13 (0.257 MGD), NWL 23.09 (0.063 MGD), static 23.05; proposed Train #3 runs at HWL 25.38, NWL 25.34, static 25.30, top of concrete 26.80, with proposed Train #2 and Train #3 flow meters on the inlets. The proposed effluent flow meter feeds proposed UV disinfection channels #1 and #2 (HWL 21.49 at 0.50 MGD per channel; NWL 19.69 at 0.22 MGD per channel), then existing SSMH *1288 (rim 22.89) and 10"" and 8"" to the 12"" outfall; the 100-year flood elevation is 13', and a proposed effluent sample sump is labeled. The solids profile shows proposed WAS pump equipment (pump rate 20–30 gpm), the proposed aerobic digester with a supernatant telescoping valve (TOC 26.80; supernatant to the plant drain P.S.), proposed sludge pump equipment (20–30 gpm), proposed rotary fan press dewatering equipment and the existing screw press, with filtrate to the plant drain P.S. and solids hauled off site",Samples,Not stated,n/a — submittal,Contractor (submits per 01 33 00 — Inferred),,G0.6,PROPOSED-TRAIN-3-TREATMENT-SYSTEM; PROPOSED-INFLUENT-PUMP-STATION-WET-WELL; PROPOSED-UV-SYSTEM; PROPOSED-DIGESTER-TELESCOPING-VALVE; PROPOSED-ROTARY-FAN-PRESS; PROPOSED-WAS-PUMP; PROPOSED-SWING-SLUDGE-PUMP; PROPOSED-DIGESTED-SLUDGE-PUMP,1; 6; 18 — Unresolved (see 04); 19; Equipment Alternate B; Equipment Alternate C; Equipment Alternate D,—,Process & Mechanical,Inferred,Project_Wiki.md note G0.6 (Process & Mechanical): citation in note header,"Requirement sentence taken verbatim from the note; Subtype, Timing, Acceptance and Responsible Party parsed from it by keyword (Merge, Inferred — check against the cited ¶). Linked Ledger rows: 8 (flag Y and sheet cited; linkage Inferred)."
SUB C0.1-01,Submittal,"Other existing features: 8-in PVC influent sample port (IE 19.4), concrete fuel tank basin, pad-mounted transformer, generator, shed, and hangars on adjoining Port of Orcas parcels",Samples,Not stated,n/a — submittal,Contractor (submits per 01 33 00 — Inferred),,C0.1,None linked,Not stated,—,Civil & Site,Verified-Visual,"Project_Wiki.md note C0.1 (Civil & Site): (plans_1 p.8, C0.1 — Verified-Visual)","Requirement sentence taken verbatim from the note; Subtype, Timing, Acceptance and Responsible Party parsed from it by keyword (Merge, Inferred — check against the cited ¶). Linked Ledger rows: 0 (flag Y and sheet cited; linkage Inferred)."
SUB C0.2-01,Submittal,"Construction is expected from spring 2023 to fall 2024; no sediment ponds, diversions or waterways are used and no detention calculations are needed",Calculations / sealed design,Not stated,n/a — submittal,Contractor (submits per 01 33 00 — Inferred),,C0.2,PROPOSED-Catch basin inserts; PROPOSED-Filter fabric fence; PROPOSED-Stabilized construction entrance; PROPOSED-Block retaining wall; PROPOSED-Hydroseeded restoration areas; PROPOSED-Dewatering system,1; 4,—,Civil & Site,Inferred,"Project_Wiki.md note C0.2 (Civil & Site): (Items 23–24; plans_2Part-1 p.1, C0.2 — Verified-Visual)","Requirement sentence taken verbatim from the note; Subtype, Timing, Acceptance and Responsible Party parsed from it by keyword (Merge, Inferred — check against the cited ¶). Linked Ledger rows: 6 (flag Y and sheet cited; linkage Inferred)."
SUB C1.4-01,Submittal,"Twelve are gate valves: 6-in influent flow meter isolation (1), 8-in Train 2 and Train 3 flow meter isolation (2, 3), 4-in drain flow meter isolation (4, 5, 13), 4-in treated effluent outlet box drain (6, 7), 4-in UV disinfection drain (8), 4-in sample sump drain (9) and 4-in pump station clean-out drain (10, 11)",Samples,Not stated,n/a — submittal,Contractor (submits per 01 33 00 — Inferred),,C1.4,Buried Valve ID 1; Buried Valve ID 2; Buried Valve ID 3; Buried Valve ID 4; Buried Valve ID 5; Buried Valve ID 6; Buried Valve ID 7; Buried Valve ID 8; Buried Valve ID 9; Buried Valve ID 10; Buried Valve ID 11; Buried Valve ID 12; Buried Valve ID 13,1,—,Civil & Site,Inferred,"Project_Wiki.md note C1.4 (Civil & Site): (plans_3Part-2 p.1, C1.4 — Verified)","Requirement sentence taken verbatim from the note; Subtype, Timing, Acceptance and Responsible Party parsed from it by keyword (Merge, Inferred — check against the cited ¶). Linked Ledger rows: 13 (flag Y and sheet cited; linkage Inferred)."
SUB C3.1-01,Submittal,"Plan of the new flow splitter box beside existing Train #1, with 8"" outlets to Train #1 (west), Train #2 and Train #3 (south), a future Train #4 connection sealed with an 8"" blind flange (keyed note 1), and the inlet from the north; dashed vaults with flow meter symbols sit on the inlet line and on the Train #2 and Train #3 lines, and a vault drain is labeled. Keyed notes: proposed concrete support for the splitter box (2); existing sampling port (3); pipe supports per 5/C7.2 (4); carefully cut a hole through the building for the new 8"" Train #1 influent and seal with flashing (5); 8"" Train #1 influent elbow discharging into the aeration basin beside the existing influent pipe (7); confirm the existing Train #2 influent pipe and connect new 8"" DI piping with positive drainage from the splitter box (8); pot-hole existing 8"" piping before construction",Calculations / sealed design; Plan / procedure,before construction (9,n/a — submittal,Contractor (submits per 01 33 00 — Inferred),,C3.1,None linked,Not stated,—,Process & Mechanical,Verified-Visual,Project_Wiki.md note C3.1 (Process & Mechanical): (9),"Requirement sentence taken verbatim from the note; Subtype, Timing, Acceptance and Responsible Party parsed from it by keyword (Merge, Inferred — check against the cited ¶). Linked Ledger rows: 0 (flag Y and sheet cited; linkage Inferred)."
SUB C3.2-01,Submittal,"Keyed note 7 makes the flow splitter a prefabricated 316 SS unit sized to match the drawing, with 4 equal splitter chambers (flow to each of the 3 trains and 1 additional train), an adjustable weir in each chamber and a removable cover; manufacturer Smith & Loveless or approved equal. The box is about 7'-0"" × 4'-6"" in plan (outlet spacing 5'-3"") with its bottom at elev 26.00 on a proposed concrete support about 6.5' × 4.0' × 1.3' tall; the contractor coordinates the support with the actual box, top of concrete elev 26.00, see structural drawings (keyed note 2); the existing slab TOC is 24.7. The inlet is 6"" DI restrained pipe and a restrained 90° bend (INV 20.75) rising through a 12""×6"" DI eccentric reducer, 12"" DI flange spools and 90° bends on 12"" pipe supports per 5/C7.2; outlets are 8"" DI flanged bends and spools (one at INV 20.75) on 8"" pipe supports per 5/C7.2, labeled To Cell #1, #2 and #3, with a future connection sealed by a blind flange",Calculations / sealed design; Plan / procedure,Not stated,n/a — submittal,Contractor (submits per 01 33 00 — Inferred); also named: Contractor; Manufacturer / supplier,,C3.2,None linked,Not stated,—,Process & Mechanical,Verified-Visual,Project_Wiki.md note C3.2 (Process & Mechanical): (keyed note 1),"Requirement sentence taken verbatim from the note; Subtype, Timing, Acceptance and Responsible Party parsed from it by keyword (Merge, Inferred — check against the cited ¶). Linked Ledger rows: 0 (flag Y and sheet cited; linkage Inferred)."
SUB C4.1-01,Submittal,"The new Influent Pump Station is a 96"" precast wet well ""per WSDOT Std Plan B-15.60-00 for precast manholes"" (Unresolved: external reference, not staged) on a 12"" thick precast base, interior bottom elev 9.0 and top elev 23.30, with the top slab per 1/S2.4 and 2/S2.4, a 36""×36"" Halliday H1R3636 hatch and a 30""×48"" Halliday H1R3048 hatch over the pumps (both H-20), and ""WrapidSeal or equal"" at all joints; it takes 8"" influent at IE 19.50, 4"" filtrate and digester supernatant at IE 13.40 and a 4"" sample sump line at IE 18.00. Small and large pumps, each a duplex arrangement per specs (keyed notes 28, 52, 53), hang on stainless guide rails with stainless haul chains, manufacturer's disconnect elbows and flapper valves that close and seal when submerged; discharges pass through two precast valve vaults (4'-2"" × 4'-2"" × 5'-6"" minimum inside, Utility Vault Co. 506-LA or equal, floor elev 18.0±) with 4"" and 6"" check and gate valves and pressure gages, into 4"" and 6"" DI restrained piping with buried gate valves. Floats F1–F4 on timer control start the redundant large lag (19.00), large lead (18.50), small lag (18.00) and small lead (17.50) pumps; the transducer, set 6"" above the floor, runs T1 high level alarm 17.50 (with float), T2 large lag 17.00, T3 large lead 16.00, T4 small lag 14.00, T5 small lead 12.00, T6 pumps off 11.00 and T7 low level alarm and redundant off 10.50. Also shown: the influent sample sump structure (see 4/C7.5), a 2"" SCH 80 conduit for the influent sampler intake tubing, a 3"" stainless vent pipe with 24-mesh stainless screen (IE 21.00), clean outs, 2"" PVC and 4"" vault drains (IE 16.15), link-seal boots at every pipe-to-concrete penetration, 16 stainless anchor bolts, steps or ladder per WSDOT Std Plan B-30.90-01 (keyed note 21) and a 12"" base of Class A gravel per WSDOT 9-03.12(1)A — both Unresolved: external reference, not staged. The vertical pipe brace points to detail 7/C7.2 (keyed note 27) and to ""sheet M4.1"" (elevation callout), which is not in the sheet index (Issue 11); Add. 4 p.1 Clarification 2 requires CANUSA-CPS WrapidSeal (Manhole Encapsulation System) or approved equal on the exterior of all precast concrete wet well and vault joints, installed per manufacturer, over the C4.1 call-out — Add. 4 governs",Plan / procedure; Samples,Not stated,n/a — submittal,Contractor (submits per 01 33 00 — Inferred); also named: Manufacturer / supplier,,C4.1,PROPOSED-INFLUENT-PUMP-STATION-WET-WELL; PROPOSED-INFLUENT-PUMPS-SMALL; PROPOSED-INFLUENT-PUMPS-LARGE; PROPOSED-IPS-CHECK-VALVES; PROPOSED-IPS-GATE-VALVES,1; Equipment Alternate A,—,Process & Mechanical,Inferred,Project_Wiki.md note C4.1 (Process & Mechanical): citation in note header,"Requirement sentence taken verbatim from the note; Subtype, Timing, Acceptance and Responsible Party parsed from it by keyword (Merge, Inferred — check against the cited ¶). Linked Ledger rows: 5 (flag Y and sheet cited; linkage Inferred)."
SUB C4.2-01,Submittal,"Add. 4 p.1 Clarification 2 (exterior of all precast concrete wet well joints sealed with CANUSA-CPS WrapidSeal or approved equal) applies to this precast wet well, where C4.2 calls no joint sealant — Add. 4 governs",Calculations / sealed design,Not stated,n/a — submittal,Contractor (submits per 01 33 00 — Inferred),,C4.2,PROPOSED-2W-PUMP-STATION-WET-WELL; PROPOSED-2W-Pump-Station-Wet-Well; PROPOSED-2W-PUMPS; PROPOSED-2W-AIR-GAP-ENCLOSURE,1; 6,—,Process & Mechanical,Inferred,Project_Wiki.md note C4.2 (Process & Mechanical): citation in note header,"Requirement sentence taken verbatim from the note; Subtype, Timing, Acceptance and Responsible Party parsed from it by keyword (Merge, Inferred — check against the cited ¶). Linked Ledger rows: 3 (flag Y and sheet cited; linkage Inferred)."
SUB C5.1-01,Submittal,"One concrete structure about 45.00' × 13.00' (44.00' and 12.00' inside dimensions shown) holds the UV disinfection chamber (UV Channels #1 and #2), an effluent sample chamber (""effluent sample location"") and the aerobic digester; section cuts A–D refer to C5.2 and C5.3. An 8"" inlet splits to the two channels through 8"" gate valves with hand wheels (keyed note 5); each channel holds a bank of UV modules with 1"" drains, work areas sloped 1% minimum, rim EL 18.74 and TOC 18.83, with two wall-mounted control panels, aluminum access ladders (nominal 2' wide, keyed note 4) and a 4"" UV drain with 4"" gate valves",Samples,Not stated,n/a — submittal,Contractor (submits per 01 33 00 — Inferred),,C5.1,PROPOSED-UV-SYSTEM; PROPOSED-UV-CONTROL-PANELS; PROPOSED-DIGESTER-TELESCOPING-VALVE; PROPOSED-DIGESTER-DIFFUSERS,1; Equipment Alternate D,—,Process & Mechanical,Inferred,Project_Wiki.md note C5.1 (Process & Mechanical): (keyed note 3),"Requirement sentence taken verbatim from the note; Subtype, Timing, Acceptance and Responsible Party parsed from it by keyword (Merge, Inferred — check against the cited ¶). Linked Ledger rows: 4 (flag Y and sheet cited; linkage Inferred)."
SUB C5.1-02,Submittal,"The grating & guardrail plan shows guardrail with removable guard chains (4 locations) around the UV chamber, a removable guard chain with a 2'-8"" opening at the effluent sample chamber, and removable grating over the aerobic digester. 01 sets this sheet to Text, but its text layer holds only UV module labels (LAMP/STATUS/TOP/BOTTOM) and view titles, so the plan content above was read from the image",Plan / procedure; Samples,Not stated,n/a — submittal,Contractor (submits per 01 33 00 — Inferred),,C5.1,PROPOSED-UV-SYSTEM; PROPOSED-UV-CONTROL-PANELS; PROPOSED-DIGESTER-TELESCOPING-VALVE; PROPOSED-DIGESTER-DIFFUSERS,1; Equipment Alternate D,—,Process & Mechanical,Inferred,Project_Wiki.md note C5.1 (Process & Mechanical): citation in note header,"Requirement sentence taken verbatim from the note; Subtype, Timing, Acceptance and Responsible Party parsed from it by keyword (Merge, Inferred — check against the cited ¶). Linked Ledger rows: 4 (flag Y and sheet cited; linkage Inferred)."
SUB C5.2-01,Submittal,"On the UV side the 8"" influent pipe (IE 19.61) enters past a valve hand wheel, the unit runs from HWL 21.49 to HWL 21.09 over a weir level control, with 1"" drains, a 2""×1"" reducer and 1"" PVC ball valve, a floor drain (rim 18.74, IE 16.00), a wall control panel, and the 10"" effluent pipe leaving at IE 18.75 (IE 19.44 also shown); guardrail tops are 42"" above finish grade (field adjust) and a prefab aluminum ladder connects to the access platform. Between the chambers the labels TOC 17.25, bottom elev 16.25 and a 4"" drain pipe at IE 17.25 fall in the effluent sample chamber",Samples,Not stated,n/a — submittal,Contractor (submits per 01 33 00 — Inferred),,C5.2,PROPOSED-UV-SYSTEM; PROPOSED-UV-CONTROL-PANELS; PROPOSED-DIGESTER-DIFFUSERS,1; Equipment Alternate D,—,Process & Mechanical,Inferred,Project_Wiki.md note C5.2 (Process & Mechanical): (location Inferred from C5.1),"Requirement sentence taken verbatim from the note; Subtype, Timing, Acceptance and Responsible Party parsed from it by keyword (Merge, Inferred — check against the cited ¶). Linked Ledger rows: 3 (flag Y and sheet cited; linkage Inferred)."
SUB C7.1-01,Submittal,"The floor drain is a 4-in stainless steel drain with a 2-in trap and PVC outlet; the traffic-rated riser uses a 24-in cast iron frame and cover sealed with asphaltic sealant (Ramnek or equal), with a 12 x 8-in reinforced collar in traffic areas",Calculations / sealed design,Not stated,n/a — submittal,Contractor (submits per 01 33 00 — Inferred),,C7.1,Pipe ID 22; PROPOSED-Gravity sewer cleanouts; PROPOSED-Tracer wire and locater boxes,1,—,Civil & Site,Inferred,"Project_Wiki.md note C7.1 (Civil & Site): (Details 2–3; plans_6 p.3, C7.1 — Verified-Visual)","Requirement sentence taken verbatim from the note; Subtype, Timing, Acceptance and Responsible Party parsed from it by keyword (Merge, Inferred — check against the cited ¶). Linked Ledger rows: 3 (flag Y and sheet cited; linkage Inferred)."
SUB C7.2-01,Submittal,"Pipe and floor sleeves are standard-weight 316 stainless steel with seep rings, sealed with Dow Corning 732 RTV silicone",Calculations / sealed design,Not stated,n/a — submittal,Contractor (submits per 01 33 00 — Inferred),,C7.2,None linked,Not stated,—,Civil & Site,Verified-Visual,"Project_Wiki.md note C7.2 (Civil & Site): (Details 2–3; plans_6 p.4, C7.2 — Verified-Visual)","Requirement sentence taken verbatim from the note; Subtype, Timing, Acceptance and Responsible Party parsed from it by keyword (Merge, Inferred — check against the cited ¶). Linked Ledger rows: 0 (flag Y and sheet cited; linkage Inferred)."
SUB C7.5-01,Submittal,"Four details, not to scale: 1 Typical Plant Water (2W) Yard Hydrant Stations, 2 Post Hydrant Detail, 3 Traffic Manhole Ring Details (double manhole condition), 4 Influent Sample Sump",Samples,Not stated,n/a — submittal,Contractor (submits per 01 33 00 — Inferred),,C7.5,Pipe ID 22; PROPOSED-Post hydrant,1,—,Civil & Site,Inferred,"Project_Wiki.md note C7.5 (Civil & Site): (plans_6 p.7, C7.5 — Verified; numbering Verified-Visual)","Requirement sentence taken verbatim from the note; Subtype, Timing, Acceptance and Responsible Party parsed from it by keyword (Merge, Inferred — check against the cited ¶). Linked Ledger rows: 2 (flag Y and sheet cited; linkage Inferred)."
SUB C7.5-02,Submittal,"The influent sample sump is a 24-in by 6-ft precast well curb (H2 Precast WC-24 or equal) on a 12-in precast base, top flush with pavement at about 23.50, with 8-in DI gravity in at IE 19.65 (field-confirm), 8-in influent at IE 19.55, a 4-in drain at IE 18.20, a 2-in sampling conduit, and the traffic-rated lid of 3/C7.1",Samples,Not stated,n/a — submittal,Contractor (submits per 01 33 00 — Inferred),,C7.5,Pipe ID 22; PROPOSED-Post hydrant,1,—,Civil & Site,Inferred,"Project_Wiki.md note C7.5 (Civil & Site): (Detail 4; plans_6 p.7, C7.5 — Verified-Visual)","Requirement sentence taken verbatim from the note; Subtype, Timing, Acceptance and Responsible Party parsed from it by keyword (Merge, Inferred — check against the cited ¶). Linked Ledger rows: 2 (flag Y and sheet cited; linkage Inferred)."
SUB C7.10-01,Submittal,Add. 4 Clarification 2 requires the exterior of all precast vault joints to be sealed with CANUSA-CPS WrapidSeal or approved equal — Add. 4 governs,Calculations / sealed design,Not stated,n/a — submittal,Contractor (submits per 01 33 00 — Inferred),,C7.10,Pipe ID 8; Buried Valve ID 2; Buried Valve ID 3,1,—,Civil & Site,Inferred,"Project_Wiki.md note C7.10 (Civil & Site): (Add. 4 p.1, Clarification 2 — Verified)","Requirement sentence taken verbatim from the note; Subtype, Timing, Acceptance and Responsible Party parsed from it by keyword (Merge, Inferred — check against the cited ¶). Linked Ledger rows: 3 (flag Y and sheet cited; linkage Inferred)."
SUB A1.1-01,Submittal,"The door schedule lists insulated hollow-metal, painted doors 101A (two pairs, 10'-0""×8'-0""×1-3/4"", Type B), 101B (3'-0"" wide, Type A; height illegible at stored resolution) and 101C (5'-0""×8'-0""×1-3/4"", Type A) with no hardware group, and the finish schedule with Details 1–2 calls for a sealed concrete floor, 6"" rubber base, painted GWB walls, painted exposed-structure ceiling, and R-25 wall / R-30 roof fiberglass insulation with vapor barrier and board on furring channels at 24"" o.c.",Calculations / sealed design,Not stated,n/a — submittal,Contractor (submits per 01 33 00 — Inferred),,A1.1,PROPOSED-BLOWER-BUILDING; PROPOSED-Blower-Building; MCC; MCP; PROPOSED-Blower-Building-Slab-and-Grade-Beams; PROPOSED-Blower-Pad; PROPOSED-Fire-Extinguishers-Blower-Building; 101A; 101B; 101C,1; 6,Reissued — Add. 4 p.4 governs,Structural & Building,Unresolved,Project_Wiki.md note A1.1 (Structural & Building): [plans_7 p.5 — Verified-Visual; 101B height — Unresolved: need native sheet],"Requirement sentence taken verbatim from the note; Subtype, Timing, Acceptance and Responsible Party parsed from it by keyword (Merge, Inferred — check against the cited ¶). Linked Ledger rows: 9 (flag Y and sheet cited; linkage Inferred)."
SUB S1.1-01,Submittal,"Minimum structural shop drawings are concrete reinforcing (including wall elevations), mix designs, a slab-on-grade jointing plan and structural steel; deferred submittals, sealed by a Washington PE, are metal stairs & landings and the pre-engineered metal building for the Blower Building",Shop drawings; Calculations / sealed design; Mix design; Plan / procedure,Not stated,n/a — submittal,Contractor (submits per 01 33 00 — Inferred),,S1.1,PROPOSED-BLOWER-BUILDING; PROPOSED-Blower-Building; PROPOSED-Blower-Building-Slab-and-Grade-Beams; PROPOSED-Blower-Pad; PROPOSED-Train-3-Concrete-Tank; PROPOSED-UV-Disinfection-Chamber-Basin; PROPOSED-Digester-Concrete-Tank; PROPOSED-Digester-Grating-Beam; PROPOSED-Drain-Pump-Station-Lid; PROPOSED-Steel-Stairs-Ladders-Platforms,1; 18 — Unresolved (see 04),—,Structural & Building,Inferred,"Project_Wiki.md note S1.1 (Structural & Building): [plans_7 p.8, Submittals 4–5 — Verified-Visual]","Requirement sentence taken verbatim from the note; Subtype, Timing, Acceptance and Responsible Party parsed from it by keyword (Merge, Inferred — check against the cited ¶). Linked Ledger rows: 9 (flag Y and sheet cited; linkage Inferred)."
SUB S2.1-01,Submittal,"Detail 4 requires a hydrophilic waterstop (submit for approval), a grout surface per spec, and subgrade preparation per the structural notes and geotech report, and shows ""guardrail, mechanical equipment, and ladders per civil""",Certificates / reports,Not stated,n/a — submittal,Contractor (submits per 01 33 00 — Inferred),,S2.1,PROPOSED-Train-3-Concrete-Tank; PROPOSED-Train-3-Guardrail-and-Ladders,1; 18 — Unresolved (see 04),—,Structural & Building,Inferred,"Project_Wiki.md note S2.1 (Structural & Building): [plans_8 p.1, Detail 4 — Verified-Visual]","Requirement sentence taken verbatim from the note; Subtype, Timing, Acceptance and Responsible Party parsed from it by keyword (Merge, Inferred — check against the cited ¶). Linked Ledger rows: 2 (flag Y and sheet cited; linkage Inferred)."
SUB S2.2-01,Submittal,"Sections A-A, B-B and C-C show #5 and #6 wall bars at 10""–12"" o.c. (each face in the 12"" walls, centered in the 8"" walls) hooked 3"" clear from bottom, a hydrophilic waterstop at all construction joints (submit for approval), an unreinforced sloped concrete topping per civil, subgrade preparation per the structural notes and geotech report, and ""guardrail & ladders per civil""",Certificates / reports,Not stated,n/a — submittal,Contractor (submits per 01 33 00 — Inferred),,S2.2,PROPOSED-UV-Disinfection-Chamber-Basin; PROPOSED-Digester-Concrete-Tank; PROPOSED-Digester-Grating-Beam; PROPOSED-UV-Digester-Grating; PROPOSED-UV-Digester-Guardrail-and-Ladders,1,—,Structural & Building,Inferred,"Project_Wiki.md note S2.2 (Structural & Building): [plans_8 p.2, Details 2–4 — Verified-Visual]","Requirement sentence taken verbatim from the note; Subtype, Timing, Acceptance and Responsible Party parsed from it by keyword (Merge, Inferred — check against the cited ¶). Linked Ledger rows: 5 (flag Y and sheet cited; linkage Inferred)."
SUB S2.2-02,Submittal,"Aluminum solid plank grating per the specifications (submit for approval; attachment by manufacturer) bears on a continuous HDG 1/4"" steel edge angle at wall tops (Detail 5) and a continuous HDG L3×3×1/4 with 5/8"" drilled-and-epoxied anchors at 24"" o.c. at wall faces (Detail 6); Detail 7 connects the HDG beam to the wall with HDG L4×4×3/8 angles, 3/4"" A307 bolts and 5/8"" epoxy anchors",General submittal,Not stated,n/a — submittal,Contractor (submits per 01 33 00 — Inferred); also named: Manufacturer / supplier,,S2.2,PROPOSED-UV-Disinfection-Chamber-Basin; PROPOSED-Digester-Concrete-Tank; PROPOSED-Digester-Grating-Beam; PROPOSED-UV-Digester-Grating; PROPOSED-UV-Digester-Guardrail-and-Ladders,1,—,Structural & Building,Inferred,"Project_Wiki.md note S2.2 (Structural & Building): [plans_8 p.2, Details 5–7 — Verified-Visual]","Requirement sentence taken verbatim from the note; Subtype, Timing, Acceptance and Responsible Party parsed from it by keyword (Merge, Inferred — check against the cited ¶). Linked Ledger rows: 5 (flag Y and sheet cited; linkage Inferred)."
SUB S2.3-01,Submittal,"Details 5–7 cover slab control and construction joints (no more than 12'-0"" o.c. each way), sleeved grade beam penetrations, and perimeter foundation drains of 4"" rigid ABS perforated pipe or drain tile in drain rock that discharge by gravity or mechanical means, with a foundation drainage plan submitted to civil for review",Plan / procedure,Not stated,n/a — submittal,Contractor (submits per 01 33 00 — Inferred),,S2.3,PROPOSED-BLOWER-BUILDING; PROPOSED-Blower-Building; PROPOSED-Blower-Building-Slab-and-Grade-Beams; PROPOSED-Blower-Pad; PROPOSED-Blower-Building-Foundation-Drains,1,Reissued — Add. 4 p.9 governs,Structural & Building,Inferred,Project_Wiki.md note S2.3 (Structural & Building): [plans_8 p.3; Add. 4 p.9 — Verified-Visual],"Requirement sentence taken verbatim from the note; Subtype, Timing, Acceptance and Responsible Party parsed from it by keyword (Merge, Inferred — check against the cited ¶). Linked Ledger rows: 4 (flag Y and sheet cited; linkage Inferred)."
SUB S2.4-01,Submittal,"Add. 4 requires the exterior of all precast concrete wet well and vault joints to be sealed with CANUSA-CPS WrapidSeal (manhole encapsulation system) or approved equal, installed per the manufacturer",Calculations / sealed design,Not stated,n/a — submittal,Contractor (submits per 01 33 00 — Inferred); also named: Manufacturer / supplier,,S2.4,PROPOSED-Drain-Pump-Station-Lid; PROPOSED-Drain-Pump-Station-Precast-Wet-Well; PROPOSED-Generator-Slab; PROPOSED-Flow-Splitter-Pad,1,—,Structural & Building,Inferred,"Project_Wiki.md note S2.4 (Structural & Building): [Add. 4 p.1, Clarification 2 — Verified; Add. 4 governs]","Requirement sentence taken verbatim from the note; Subtype, Timing, Acceptance and Responsible Party parsed from it by keyword (Merge, Inferred — check against the cited ¶). Linked Ledger rows: 4 (flag Y and sheet cited; linkage Inferred)."
SUB S4.1-01,Submittal,"Details 1–7 are typical concrete details: wall-to-mat-slab reinforcing (hydrophilic waterstop for hydraulic structures, submit for approval), wall corner and intersection reinforcing, development and lap splice lengths, standard hooks, beam stirrups, and small and large penetrations",General submittal,Not stated,n/a — submittal,Contractor (submits per 01 33 00 — Inferred),,S4.1,PROPOSED-Blower-Building-Slab-and-Grade-Beams; PROPOSED-Train-3-Concrete-Tank; PROPOSED-UV-Disinfection-Chamber-Basin; PROPOSED-Digester-Concrete-Tank; PROPOSED-Existing-Slab-Trench-Infill,1,Reissued — Add. 4 p.10 governs; Detail 8 cited p.3,Structural & Building,Inferred,Project_Wiki.md note S4.1 (Structural & Building): [plans_8 p.5; Add. 4 p.10 — Verified-Visual],"Requirement sentence taken verbatim from the note; Subtype, Timing, Acceptance and Responsible Party parsed from it by keyword (Merge, Inferred — check against the cited ¶). Linked Ledger rows: 5 (flag Y and sheet cited; linkage Inferred)."
SUB E0.1-01,Submittal,"Notes 3–6: coordinate removal of existing equipment and phasing with the Owner to keep the facility operating, dispose of demo material the Owner does not want, conceal conduit in new walls and ceilings where possible, and hand over redline markups (routing, conductor counts, panel schedules, receptacle configurations) for record drawings (plans_8 p.6)",General submittal,Not stated,n/a — submittal,Contractor (submits per 01 33 00 — Inferred); also named: Owner,,E0.1,None linked,Not stated,—,Electrical & Controls,Verified,Project_Wiki.md note E0.1 (Electrical & Controls): [Verified],"Requirement sentence taken verbatim from the note; Subtype, Timing, Acceptance and Responsible Party parsed from it by keyword (Merge, Inferred — check against the cited ¶). Linked Ledger rows: 0 (flag Y and sheet cited; linkage Inferred)."
SUB E3.1-01,Submittal,"Ratings, raceway and conductors shown are estimates to be adjusted during the submittal period from the treatment-system submittal, and all outdoor control panel and disconnect enclosures are Type 316 stainless (key note; general note 4; plans_9 p.5)",General submittal,Not stated,n/a — submittal,Contractor (submits per 01 33 00 — Inferred),,E3.1,DO #1; DO-1; DO #2; DO-2; PROPOSED-Train-3-Local-Disconnects; PROPOSED-Train-3-Pole-Light,1; 6; 18 — Unresolved (see 04); 19; Equipment Alternate B,—,Electrical & Controls,Inferred,Project_Wiki.md note E3.1 (Electrical & Controls): [Verified],"Requirement sentence taken verbatim from the note; Subtype, Timing, Acceptance and Responsible Party parsed from it by keyword (Merge, Inferred — check against the cited ¶). Linked Ledger rows: 4 (flag Y and sheet cited; linkage Inferred)."
SUB E4.1-01,Submittal,"Key notes 1–2: individual oversized conduits for every pump, float and transducer cable, duct-sealed at completion; flow meters are Endress+Hauser Promag W400 (Class I Div 2, EtherNet/IP, 316L electrodes, local display on the WAS meter, remote transmitters with submersible kits on vault meters) with two 316L grounding rings per tube — the drawing already shows the W400 that Add. 4 p.2 (26 80 00 ¶2.04 D) substitutes for the L400 (plans_9 p.6)",Calculations / sealed design,Not stated,n/a — submittal,Contractor (submits per 01 33 00 — Inferred),,E4.1,PROPOSED-PLANT-DRAIN-FLOW-METER; PROPOSED-Plant-Drain-Flow-Meter; F1 (Influent Pump Station); F2 (Influent Pump Station); F3 (Influent Pump Station); F4 (Influent Pump Station); LT (Influent Pump Station); IPS; LP2; PROPOSED-Influent-Pump-Local-Disconnects; PROPOSED-Influent-Flow-Meter; PROPOSED-Plant-2-Flow-Meter; PROPOSED-Plant-3-Flow-Meter; PROPOSED-WAS-Dewatering-Flow-Meter; PROPOSED-WAS-and-Sludge-Pump-Local-Disconnects; PROPOSED-Treatment-Building-Ventilation-Control-Panel; PROPOSED-Methane-Sensor; PROPOSED-H2S-Sensor; PROPOSED-Gas-Alarm-Light-and-Horn; L2 (Treatment Building),6,—,Electrical & Controls,Inferred,Project_Wiki.md note E4.1 (Electrical & Controls): [Verified],"Requirement sentence taken verbatim from the note; Subtype, Timing, Acceptance and Responsible Party parsed from it by keyword (Merge, Inferred — check against the cited ¶). Linked Ledger rows: 19 (flag Y and sheet cited; linkage Inferred)."
SUB E4.2-01,Submittal,"Key notes: WIKA submersible pressure transmitter (316 SS, 0–15 psi, LevelGuard, polyurethane cable, 4–20 mA loop powered, vented, NEMA 4X termination enclosure); Eco-Float GP60NONC non-mercury NO/NC high-level floats; service loops in the wet well, connections in the handholes with approved connectors, conduits leaving the handholes sealed per NEC Article 500; one oversized conduit per cable (plans_9 p.7)",Calculations / sealed design,Not stated,n/a — submittal,Contractor (submits per 01 33 00 — Inferred),,E4.2,F1 (Influent Pump Station); F2 (Influent Pump Station); F3 (Influent Pump Station); F4 (Influent Pump Station); LT (Influent Pump Station),6,—,Electrical & Controls,Inferred,Project_Wiki.md note E4.2 (Electrical & Controls): [Verified],"Requirement sentence taken verbatim from the note; Subtype, Timing, Acceptance and Responsible Party parsed from it by keyword (Merge, Inferred — check against the cited ¶). Linked Ledger rows: 5 (flag Y and sheet cited; linkage Inferred)."
SUB E6.1-01,Submittal,"Load calculations: 21 loads, 348.9 A connected, 355.7 A demand and 188.0 A on the generator (156 kVA at 480 V); generator factor 1 for TCP-1 to TCP-3, 2W-P1, IP-1, BL-1 to BL-3, DB and WP-1, 0 for the standby/swing units and DW-1, and 0.25 for LP-LAB (existing lab and treatment, 45 kVA), LP-1 (20 kVA) and LP-2 (10 kVA); the 355.7 A demand exceeds the E6.2 MDP total — see Issues (plans_10 p.2)",Calculations / sealed design,Not stated,n/a — submittal,Contractor (submits per 01 33 00 — Inferred); also named: Inspector / laboratory,,E6.1,ATS; MDP; TS; GEN; MCC; LP-1; IPS; T3; LP2; PROPOSED-Influent-Pump-Local-Disconnects; PROPOSED-WAS-and-Sludge-Pump-Local-Disconnects; PROPOSED-2W-Pump-Local-Disconnects; T2; PROPOSED-VFDs-in-MCC,1; 6; 18 — Unresolved (see 04); Equipment Alternate E,—,Electrical & Controls,Inferred,Project_Wiki.md note E6.1 (Electrical & Controls): [Verified-Visual],"Requirement sentence taken verbatim from the note; Subtype, Timing, Acceptance and Responsible Party parsed from it by keyword (Merge, Inferred — check against the cited ¶). Linked Ledger rows: 14 (flag Y and sheet cited; linkage Inferred)."
SUB E6.2-01,Submittal,"Gaps against other sheets: the MDP total (225.0 kVA, 270.6 A) is below the E6.1 load-calculation demand (355.7 A), and no pole-light circuit appears on LP1 or LP2 although E6.3 feeds P-LT from a ""lighting panel"" — see Issues (plans_10 pp.2–4)",Calculations / sealed design,Not stated,n/a — submittal,Contractor (submits per 01 33 00 — Inferred),,E6.2,MDP; MCC; MCP; LP-1; LP2; PROPOSED-Treatment-Building-Ventilation-Control-Panel; PROPOSED-Methane-Sensor; PROPOSED-H2S-Sensor; L2 (Treatment Building),6,—,Electrical & Controls,Inferred,Project_Wiki.md note E6.2 (Electrical & Controls): [Verified-Visual],"Requirement sentence taken verbatim from the note; Subtype, Timing, Acceptance and Responsible Party parsed from it by keyword (Merge, Inferred — check against the cited ¶). Linked Ledger rows: 9 (flag Y and sheet cited; linkage Inferred)."
SUB E7.2-01,Submittal,"The drawing is titled ""Main PLC and Influent Control Panel — Power Wiring Diagram (Typ)"", so it serves both the main PLC panel and the Influent Pump Station panel; the operator interface and blower PTC relays are marked ""main PLC only"" and the 800 W panel heater ""influent only"" (plans_10 p.7)",Shop drawings,Not stated,n/a — submittal,Contractor (submits per 01 33 00 — Inferred),,E7.2,MCP; IPS,6,—,Electrical & Controls,Inferred,Project_Wiki.md note E7.2 (Electrical & Controls): [Verified-Visual; title partly in text],"Requirement sentence taken verbatim from the note; Subtype, Timing, Acceptance and Responsible Party parsed from it by keyword (Merge, Inferred — check against the cited ¶). Linked Ledger rows: 2 (flag Y and sheet cited; linkage Inferred)."
SUB E9.2-01,Submittal,"Key note 1: provide a 120 V blower fan circuit from each MCC unit for each blower; basis of design 0.21 HP and 1.51 A per fan, confirmed with the manufacturer during submittals (plans_12 p.4)",General submittal,Not stated,n/a — submittal,Contractor (submits per 01 33 00 — Inferred); also named: Manufacturer / supplier,,E9.2,MCC; PROPOSED-VFDs-in-MCC,6,—,Electrical & Controls,Inferred,Project_Wiki.md note E9.2 (Electrical & Controls): [Verified],"Requirement sentence taken verbatim from the note; Subtype, Timing, Acceptance and Responsible Party parsed from it by keyword (Merge, Inferred — check against the cited ¶). Linked Ledger rows: 2 (flag Y and sheet cited; linkage Inferred)."
SUB 00 51 00-01,Submittal,"It requires the contractor to execute the Contract and furnish bonds and certificates of insurance within ten (10) calendar days of the notice, but the forfeiture sentence uses ten (10) working days",Certificates / reports,within ten (10,n/a — submittal,Contractor (submits per 01 33 00 — Inferred),00 51 00,,None linked,Not stated,—,Contract & General,Unresolved,"Project_Wiki.md note 00 51 00 (Contract & General): (p.38; Issues 1.3, Unresolved)","Requirement sentence taken verbatim from the note; Subtype, Timing, Acceptance and Responsible Party parsed from it by keyword (Merge, Inferred — check against the cited ¶). Linked Ledger rows: 0 (flag Y and section cited; linkage Inferred)."
SUB 00 53 00-01,Submittal,"Required with the bid: Certification of Nonsegregated Facilities (Attachment 3), EPA DBE forms 6100-4 and 6100-3 (one per DBE sub; forms on the Ecology website), and the complete Bidders List (p.41; Verified); pp.45–46 then allow the DBE forms and the Bidders List ""as part of the bid, or within one hour"" after bid time (Verified) — timing conflicts inside this section and with 00 43 93 and 01 33 00",Certificates / reports,"within one hour"" after bid time (Verified; with the bid",n/a — submittal,Contractor (submits per 01 33 00 — Inferred),00 53 00,,None linked,Not stated,—,Contract & General,Verified,Project_Wiki.md note 00 53 00 (Contract & General): (Issues 1.6),"Requirement sentence taken verbatim from the note; Subtype, Timing, Acceptance and Responsible Party parsed from it by keyword (Merge, Inferred — check against the cited ¶). Linked Ledger rows: 0 (flag Y and section cited; linkage Inferred)."
SUB 00 53 00-02,Submittal,"American Iron and Steel applies to treatment works: iron and steel products (pipe and fittings, castings, hydrants, tanks, flanges, restraints, valves, structural steel, reinforced precast, construction materials) must be US-produced unless waived, with certification on request and damages for non-compliance",Certificates / reports,Not stated,n/a — submittal,Contractor (submits per 01 33 00 — Inferred),00 53 00,,None linked,Not stated,—,Contract & General,Verified,Project_Wiki.md note 00 53 00 (Contract & General): (pp.42–43; Verified),"Requirement sentence taken verbatim from the note; Subtype, Timing, Acceptance and Responsible Party parsed from it by keyword (Merge, Inferred — check against the cited ¶). Linked Ledger rows: 0 (flag Y and section cited; linkage Inferred)."
SUB 00 54 00-01,Submittal,"HUD-4010 federal labor standards require weekly certified payrolls, and state prevailing wage (RCW 39.12) requires L&I-approved Statements of Intent before any payment and Affidavits of Wages Paid before retainage release under RCW 60.28.010",Certificates / reports,before any payment and Affidavits of Wages Paid before retain; weekly,n/a — submittal,Contractor (submits per 01 33 00 — Inferred),00 54 00,,None linked,Not stated,—,Contract & General,Verified,Project_Wiki.md note 00 54 00 (Contract & General): (pp.68–74; Verified),"Requirement sentence taken verbatim from the note; Subtype, Timing, Acceptance and Responsible Party parsed from it by keyword (Merge, Inferred — check against the cited ¶). Linked Ledger rows: 0 (flag Y and section cited; linkage Inferred)."
SUB 00 73 00-01,Submittal,"Red-line record drawings before 90% payment, temporary barriers at all hazards, insurance ($1M/$2M bodily injury, $1M property damage, builders risk equal to the bid, Owner and Engineer additional insured), one-year guarantee (start date conflicts — Issues 1.11), and funding clauses follow (SC 20–35, pp.92–97; Verified); pp.98–121 repeat the 00 53 00 Ecology insert word for word",Warranty / guarantee,Not stated,n/a — submittal,Contractor (submits per 01 33 00 — Inferred); also named: Owner; Engineer,00 73 00,C6.4; C6.5; A1.1; A1.2; A1.3; S1.1; S2.3,PROPOSED-BLOWER-BUILDING; PROPOSED-Blower-Building; PROPOSED-UV-Disinfection-System; PROPOSED-Permanent-Standby-Generator; PROPOSED-PLC-Control-Panel; PROPOSED-Dewatering-System,1; 6; Equipment Alternate C; Equipment Alternate D; Equipment Alternate E,—,Contract & General,Inferred,Project_Wiki.md note 00 73 00 (Contract & General): (Issues 1.13),"Requirement sentence taken verbatim from the note; Subtype, Timing, Acceptance and Responsible Party parsed from it by keyword (Merge, Inferred — check against the cited ¶). Linked Ledger rows: 5 (flag Y and section cited; linkage Inferred)."
SUB 01 33 00-01,Submittal,Gives general submittal procedures and a non-exhaustive checklist; item-specific requirements sit in the individual sections,Plan / procedure,Not stated,n/a — submittal,Contractor (submits per 01 33 00 — Inferred),01 33 00,,PROPOSED-8in-Effluent-Flow-Meter; PROPOSED-UV-Disinfection-System; PROPOSED-Sludge-Pumps; PROPOSED-2W-Air-Gap-Water-System; PROPOSED-Submersible-Pump-Equipment; PROPOSED-Influent-Sampler; PROPOSED-Train-3-Biological-Treatment-Equipment; PROPOSED-Automatic-Transfer-Switch; PROPOSED-Permanent-Standby-Generator; PROPOSED-480V-Electrical-Service; PROPOSED-Motor-Control-Center; PROPOSED-PLC-Control-Panel; PROPOSED-Dewatering-System; PROPOSED-Bypass-Pumping-System; PROPOSED-Blowers; PROPOSED-Train-3-Dissolved-Oxygen-Sensors; PROPOSED-Train-3-pH-Sensors; PROPOSED-Magnetic-Flow-Meters,1; 6; 18 — Unresolved (see 04); 19; Equipment Alternate A; Equipment Alternate B; Equipment Alternate C; Equipment Alternate D; Equipment Alternate E,—,Contract & General,Inferred,"Project_Wiki.md note 01 33 00 (Contract & General): (¶1.01, ¶1.03, p.129; Verified)","Requirement sentence taken verbatim from the note; Subtype, Timing, Acceptance and Responsible Party parsed from it by keyword (Merge, Inferred — check against the cited ¶). Linked Ledger rows: 18 (flag Y and section cited; linkage Inferred)."
SUB 01 33 00-02,Submittal,"The checklist's bid-phase entries cite sections and attachments that do not exist in the project manual — 00 43 36, 00 22 13, 00 45 14, and DBE forms as ""Attachments 6 and 7"" of 00 73 00 — and move Contractor Qualifications to 24 hours after opening",O&M manual; Qualifications,Not stated,n/a — submittal,Contractor (submits per 01 33 00 — Inferred),01 33 00,,PROPOSED-8in-Effluent-Flow-Meter; PROPOSED-UV-Disinfection-System; PROPOSED-Sludge-Pumps; PROPOSED-2W-Air-Gap-Water-System; PROPOSED-Submersible-Pump-Equipment; PROPOSED-Influent-Sampler; PROPOSED-Train-3-Biological-Treatment-Equipment; PROPOSED-Automatic-Transfer-Switch; PROPOSED-Permanent-Standby-Generator; PROPOSED-480V-Electrical-Service; PROPOSED-Motor-Control-Center; PROPOSED-PLC-Control-Panel; PROPOSED-Dewatering-System; PROPOSED-Bypass-Pumping-System; PROPOSED-Blowers; PROPOSED-Train-3-Dissolved-Oxygen-Sensors; PROPOSED-Train-3-pH-Sensors; PROPOSED-Magnetic-Flow-Meters,1; 6; 18 — Unresolved (see 04); 19; Equipment Alternate A; Equipment Alternate B; Equipment Alternate C; Equipment Alternate D; Equipment Alternate E,—,Contract & General,Inferred,"Project_Wiki.md note 01 33 00 (Contract & General): (¶1.03.A–C, p.129; Issues 1.14, 2.2, 2.5)","Requirement sentence taken verbatim from the note; Subtype, Timing, Acceptance and Responsible Party parsed from it by keyword (Merge, Inferred — check against the cited ¶). Linked Ledger rows: 18 (flag Y and section cited; linkage Inferred)."
SUB 01 33 00-03,Submittal,"Before the Agreement: bonds, insurance certificates, prevailing wage filings; 10 days after execution: construction schedule, substitution requests, Schedule of Values; monthly: pay application and updated schedule; certified payroll; 14 days before any WWTP shutdown: a bypass pumping and emergency response plan; closeout: affidavits, record drawings",Certificates / reports; Plan / procedure,10 days after execution: construction schedule; 14 days before any WWTP shutdown: a bypass pumping and; Before the Agreement: bonds,n/a — submittal,Contractor (submits per 01 33 00 — Inferred),01 33 00,,PROPOSED-8in-Effluent-Flow-Meter; PROPOSED-UV-Disinfection-System; PROPOSED-Sludge-Pumps; PROPOSED-2W-Air-Gap-Water-System; PROPOSED-Submersible-Pump-Equipment; PROPOSED-Influent-Sampler; PROPOSED-Train-3-Biological-Treatment-Equipment; PROPOSED-Automatic-Transfer-Switch; PROPOSED-Permanent-Standby-Generator; PROPOSED-480V-Electrical-Service; PROPOSED-Motor-Control-Center; PROPOSED-PLC-Control-Panel; PROPOSED-Dewatering-System; PROPOSED-Bypass-Pumping-System; PROPOSED-Blowers; PROPOSED-Train-3-Dissolved-Oxygen-Sensors; PROPOSED-Train-3-pH-Sensors; PROPOSED-Magnetic-Flow-Meters,1; 6; 18 — Unresolved (see 04); 19; Equipment Alternate A; Equipment Alternate B; Equipment Alternate C; Equipment Alternate D; Equipment Alternate E,—,Contract & General,Inferred,"Project_Wiki.md note 01 33 00 (Contract & General): (¶1.03.D–J, pp.129–130; Verified)","Requirement sentence taken verbatim from the note; Subtype, Timing, Acceptance and Responsible Party parsed from it by keyword (Merge, Inferred — check against the cited ¶). Linked Ledger rows: 18 (flag Y and section cited; linkage Inferred)."
SUB 01 33 00-04,Submittal,"Submittals are PDF with a transmittal, stamped by the Contractor, with an approved-submittal file kept on site; samples in pairs, product certificates in triplicate, test reports 3 copies",Calculations / sealed design; Certificates / reports; Samples,Not stated,n/a — submittal,Contractor (submits per 01 33 00 — Inferred),01 33 00,,PROPOSED-8in-Effluent-Flow-Meter; PROPOSED-UV-Disinfection-System; PROPOSED-Sludge-Pumps; PROPOSED-2W-Air-Gap-Water-System; PROPOSED-Submersible-Pump-Equipment; PROPOSED-Influent-Sampler; PROPOSED-Train-3-Biological-Treatment-Equipment; PROPOSED-Automatic-Transfer-Switch; PROPOSED-Permanent-Standby-Generator; PROPOSED-480V-Electrical-Service; PROPOSED-Motor-Control-Center; PROPOSED-PLC-Control-Panel; PROPOSED-Dewatering-System; PROPOSED-Bypass-Pumping-System; PROPOSED-Blowers; PROPOSED-Train-3-Dissolved-Oxygen-Sensors; PROPOSED-Train-3-pH-Sensors; PROPOSED-Magnetic-Flow-Meters,1; 6; 18 — Unresolved (see 04); 19; Equipment Alternate A; Equipment Alternate B; Equipment Alternate C; Equipment Alternate D; Equipment Alternate E,—,Contract & General,Inferred,"Project_Wiki.md note 01 33 00 (Contract & General): (¶1.04–1.05, pp.130–131; Verified)","Requirement sentence taken verbatim from the note; Subtype, Timing, Acceptance and Responsible Party parsed from it by keyword (Merge, Inferred — check against the cited ¶). Linked Ledger rows: 18 (flag Y and section cited; linkage Inferred)."
SUB 01 33 00-05,Submittal,"O&M manuals (4 hard, 2 PDF sets) go in draft with shop drawings, final draft before the 75% pay application, and complete before payment above 90%",Shop drawings; O&M manual,before the 75% pay application; before payment above 90% (¶1,n/a — submittal,Contractor (submits per 01 33 00 — Inferred),01 33 00,,PROPOSED-8in-Effluent-Flow-Meter; PROPOSED-UV-Disinfection-System; PROPOSED-Sludge-Pumps; PROPOSED-2W-Air-Gap-Water-System; PROPOSED-Submersible-Pump-Equipment; PROPOSED-Influent-Sampler; PROPOSED-Train-3-Biological-Treatment-Equipment; PROPOSED-Automatic-Transfer-Switch; PROPOSED-Permanent-Standby-Generator; PROPOSED-480V-Electrical-Service; PROPOSED-Motor-Control-Center; PROPOSED-PLC-Control-Panel; PROPOSED-Dewatering-System; PROPOSED-Bypass-Pumping-System; PROPOSED-Blowers; PROPOSED-Train-3-Dissolved-Oxygen-Sensors; PROPOSED-Train-3-pH-Sensors; PROPOSED-Magnetic-Flow-Meters,1; 6; 18 — Unresolved (see 04); 19; Equipment Alternate A; Equipment Alternate B; Equipment Alternate C; Equipment Alternate D; Equipment Alternate E,—,Contract & General,Inferred,"Project_Wiki.md note 01 33 00 (Contract & General): (¶1.05.G, pp.131–132; Verified)","Requirement sentence taken verbatim from the note; Subtype, Timing, Acceptance and Responsible Party parsed from it by keyword (Merge, Inferred — check against the cited ¶). Linked Ledger rows: 18 (flag Y and section cited; linkage Inferred)."
SUB 01 70 00-01,Submittal,"Before requesting Substantial Completion the Contractor delivers tools, spare parts and extra stock, changes over locks and hands over keys, completes start-up testing and operator instruction, removes temporary facilities, turns over record information, finishes cleanup, and provides O&M manuals for all equipment, controls, telemetry and SCADA plus 2015 WSEC compliance documentation per C103.6.3",O&M manual,Not stated,n/a — submittal,Contractor (submits per 01 33 00 — Inferred),01 70 00,C6.4; C6.5; A1.1; A1.2; A1.3; S1.1; S2.3,PROPOSED-BLOWER-BUILDING; PROPOSED-Blower-Building; PROPOSED-8in-Effluent-Flow-Meter; PROPOSED-UV-Disinfection-System; PROPOSED-Sludge-Pumps; PROPOSED-2W-Air-Gap-Water-System; PROPOSED-Submersible-Pump-Equipment; PROPOSED-Influent-Sampler; PROPOSED-Train-3-Biological-Treatment-Equipment; PROPOSED-Automatic-Transfer-Switch; PROPOSED-Permanent-Standby-Generator; PROPOSED-480V-Electrical-Service; PROPOSED-Motor-Control-Center; PROPOSED-PLC-Control-Panel; PROPOSED-Dewatering-System; PROPOSED-Blowers; PROPOSED-Train-3-Dissolved-Oxygen-Sensors; PROPOSED-Train-3-pH-Sensors; PROPOSED-Magnetic-Flow-Meters,1; 6; 18 — Unresolved (see 04); 19; Equipment Alternate A; Equipment Alternate B; Equipment Alternate C; Equipment Alternate D; Equipment Alternate E,—,Contract & General,Inferred,"Project_Wiki.md note 01 70 00 (Contract & General): (¶1.03.A, pp.152–153; Verified; temporary facility removal conflicts with 00 73 00 SC 19 — Issues 1.19; energy code edition — Issues 1.20)","Requirement sentence taken verbatim from the note; Subtype, Timing, Acceptance and Responsible Party parsed from it by keyword (Merge, Inferred — check against the cited ¶). Linked Ledger rows: 18 (flag Y and section cited; linkage Inferred)."
SUB 01 70 00-02,Submittal,"The request carries a completion notice, incomplete-items list, pay request, change accounting, warranties and bonds, releases and occupancy/operating certificates, and record documents; ""substantially complete"" is defined by the WSDOT General Specifications and ""Sections 00 72 00 and 00 73 00a"" (¶1.03.B, p.153; WSDOT part Unresolved: external reference, not staged; section numbers — Issues 2.5), and warranties start on the Date of Substantial Completion",Certificates / reports; Warranty / guarantee,Not stated,n/a — submittal,Contractor (submits per 01 33 00 — Inferred),01 70 00,C6.4; C6.5; A1.1; A1.2; A1.3; S1.1; S2.3,PROPOSED-BLOWER-BUILDING; PROPOSED-Blower-Building; PROPOSED-8in-Effluent-Flow-Meter; PROPOSED-UV-Disinfection-System; PROPOSED-Sludge-Pumps; PROPOSED-2W-Air-Gap-Water-System; PROPOSED-Submersible-Pump-Equipment; PROPOSED-Influent-Sampler; PROPOSED-Train-3-Biological-Treatment-Equipment; PROPOSED-Automatic-Transfer-Switch; PROPOSED-Permanent-Standby-Generator; PROPOSED-480V-Electrical-Service; PROPOSED-Motor-Control-Center; PROPOSED-PLC-Control-Panel; PROPOSED-Dewatering-System; PROPOSED-Blowers; PROPOSED-Train-3-Dissolved-Oxygen-Sensors; PROPOSED-Train-3-pH-Sensors; PROPOSED-Magnetic-Flow-Meters,1; 6; 18 — Unresolved (see 04); 19; Equipment Alternate A; Equipment Alternate B; Equipment Alternate C; Equipment Alternate D; Equipment Alternate E,—,Contract & General,Inferred,"Project_Wiki.md note 01 70 00 (Contract & General): (¶1.03.D.1, p.153; Verified; bears on Issues 1.11)","Requirement sentence taken verbatim from the note; Subtype, Timing, Acceptance and Responsible Party parsed from it by keyword (Merge, Inferred — check against the cited ¶). Linked Ledger rows: 18 (flag Y and section cited; linkage Inferred)."
SUB 01 70 00-03,Submittal,"Retainage is released only against an affidavit of paid payrolls and bills, lien releases, the DOR tax form, the L&I affidavit of wages paid and the ESD release",Certificates / reports,Not stated,n/a — submittal,Contractor (submits per 01 33 00 — Inferred),01 70 00,C6.4; C6.5; A1.1; A1.2; A1.3; S1.1; S2.3,PROPOSED-BLOWER-BUILDING; PROPOSED-Blower-Building; PROPOSED-8in-Effluent-Flow-Meter; PROPOSED-UV-Disinfection-System; PROPOSED-Sludge-Pumps; PROPOSED-2W-Air-Gap-Water-System; PROPOSED-Submersible-Pump-Equipment; PROPOSED-Influent-Sampler; PROPOSED-Train-3-Biological-Treatment-Equipment; PROPOSED-Automatic-Transfer-Switch; PROPOSED-Permanent-Standby-Generator; PROPOSED-480V-Electrical-Service; PROPOSED-Motor-Control-Center; PROPOSED-PLC-Control-Panel; PROPOSED-Dewatering-System; PROPOSED-Blowers; PROPOSED-Train-3-Dissolved-Oxygen-Sensors; PROPOSED-Train-3-pH-Sensors; PROPOSED-Magnetic-Flow-Meters,1; 6; 18 — Unresolved (see 04); 19; Equipment Alternate A; Equipment Alternate B; Equipment Alternate C; Equipment Alternate D; Equipment Alternate E,—,Contract & General,Inferred,"Project_Wiki.md note 01 70 00 (Contract & General): (¶1.05.B, p.154; Verified)","Requirement sentence taken verbatim from the note; Subtype, Timing, Acceptance and Responsible Party parsed from it by keyword (Merge, Inferred — check against the cited ¶). Linked Ledger rows: 18 (flag Y and section cited; linkage Inferred)."
SUB 01 70 00-04,Submittal,"All mechanical and electrical equipment is tested before any facility goes into operation: procedures due 14 days before start-up covering every control device, equipment item and control circuit, joint sign-off forms, testing witnessed by the Engineer, and manufacturers' representatives who train Owner staff and certify each installation by letter",Certificates / reports; Plan / procedure,14 days before start-up covering every control device; before any facility goes into operation: procedures due 14 da; before start-up covering every control device,n/a — submittal,Contractor (submits per 01 33 00 — Inferred); also named: Owner; Engineer; Manufacturer / supplier,01 70 00,C6.4; C6.5; A1.1; A1.2; A1.3; S1.1; S2.3,PROPOSED-BLOWER-BUILDING; PROPOSED-Blower-Building; PROPOSED-8in-Effluent-Flow-Meter; PROPOSED-UV-Disinfection-System; PROPOSED-Sludge-Pumps; PROPOSED-2W-Air-Gap-Water-System; PROPOSED-Submersible-Pump-Equipment; PROPOSED-Influent-Sampler; PROPOSED-Train-3-Biological-Treatment-Equipment; PROPOSED-Automatic-Transfer-Switch; PROPOSED-Permanent-Standby-Generator; PROPOSED-480V-Electrical-Service; PROPOSED-Motor-Control-Center; PROPOSED-PLC-Control-Panel; PROPOSED-Dewatering-System; PROPOSED-Blowers; PROPOSED-Train-3-Dissolved-Oxygen-Sensors; PROPOSED-Train-3-pH-Sensors; PROPOSED-Magnetic-Flow-Meters,1; 6; 18 — Unresolved (see 04); 19; Equipment Alternate A; Equipment Alternate B; Equipment Alternate C; Equipment Alternate D; Equipment Alternate E,—,Contract & General,Inferred,"Project_Wiki.md note 01 70 00 (Contract & General): (¶1.06, p.155; Verified)","Requirement sentence taken verbatim from the note; Subtype, Timing, Acceptance and Responsible Party parsed from it by keyword (Merge, Inferred — check against the cited ¶). Linked Ledger rows: 18 (flag Y and section cited; linkage Inferred)."
SUB 01 91 00-01,Submittal,"Sets minimum supplier start-up supervision and operator training as a non-exhaustive checklist; every entry covers installation inspection, motor amperage checks, access, controls operation, an O&M manual review and controls training",O&M manual,Not stated,n/a — submittal,Contractor (submits per 01 33 00 — Inferred); also named: Manufacturer / supplier,01 91 00,,PROPOSED-UV-Disinfection-System; PROPOSED-Sludge-Pumps; PROPOSED-2W-Air-Gap-Water-System; PROPOSED-Submersible-Pump-Equipment; PROPOSED-Train-3-Biological-Treatment-Equipment; PROPOSED-Dewatering-System; PROPOSED-Blowers; PROPOSED-Train-3-Dissolved-Oxygen-Sensors; PROPOSED-Train-3-pH-Sensors; PROPOSED-Magnetic-Flow-Meters,1; 18 — Unresolved (see 04); 19; Equipment Alternate A; Equipment Alternate B; Equipment Alternate C; Equipment Alternate D,—,Contract & General,Inferred,"Project_Wiki.md note 01 91 00 (Contract & General): (¶1.01.B, pp.157–160; Verified)","Requirement sentence taken verbatim from the note; Subtype, Timing, Acceptance and Responsible Party parsed from it by keyword (Merge, Inferred — check against the cited ¶). Linked Ledger rows: 10 (flag Y and section cited; linkage Inferred)."
SUB 01 91 00-02,Submittal,"Dewatering equipment suppliers each give ""a minimum of one (2) days"" (¶1.07, p.159; Unresolved — Issues 1.21); the 2W water system supplier 1 day, verifying constant 60–90 psi from 0 to 50 gpm, the automatic valve at the air gap and the floats; the magnetic flow meter supplier 2 days, checking that submerged units are sealed and rated",Calculations / sealed design,Not stated,n/a — submittal,Contractor (submits per 01 33 00 — Inferred); also named: Manufacturer / supplier,01 91 00,,PROPOSED-UV-Disinfection-System; PROPOSED-Sludge-Pumps; PROPOSED-2W-Air-Gap-Water-System; PROPOSED-Submersible-Pump-Equipment; PROPOSED-Train-3-Biological-Treatment-Equipment; PROPOSED-Dewatering-System; PROPOSED-Blowers; PROPOSED-Train-3-Dissolved-Oxygen-Sensors; PROPOSED-Train-3-pH-Sensors; PROPOSED-Magnetic-Flow-Meters,1; 18 — Unresolved (see 04); 19; Equipment Alternate A; Equipment Alternate B; Equipment Alternate C; Equipment Alternate D,—,Contract & General,Inferred,"Project_Wiki.md note 01 91 00 (Contract & General): (¶1.10–1.11, pp.159–160; Verified)","Requirement sentence taken verbatim from the note; Subtype, Timing, Acceptance and Responsible Party parsed from it by keyword (Merge, Inferred — check against the cited ¶). Linked Ledger rows: 10 (flag Y and section cited; linkage Inferred)."
SUB 02 83 00-01,Submittal,"Submittals: three samples (fabric, post section, accessories) and shop drawings showing height, fabric, post and gate locations and sizes, footings and hardware",Shop drawings; Samples,Not stated,n/a — submittal,Contractor (submits per 01 33 00 — Inferred),02 83 00,C2.5; C2.1,PROPOSED-Chain link fence 126 LF,1,—,Civil & Site,Inferred,Project_Wiki.md note 02 83 00 (Civil & Site): (¶1.04; p.163 — Verified),"Requirement sentence taken verbatim from the note; Subtype, Timing, Acceptance and Responsible Party parsed from it by keyword (Merge, Inferred — check against the cited ¶). Linked Ledger rows: 1 (flag Y and section cited; linkage Inferred)."
SUB 02 92 00-01,Submittal,"Covers re-establishing grass in areas disturbed by construction: stripping, stockpiling, topsoil, compost and hydroseeding, with a one-year seeding guarantee and 2 in of straw on graded areas not seeded or paved by October 15",Warranty / guarantee,Not stated,n/a — submittal,Contractor (submits per 01 33 00 — Inferred),02 92 00,"C7.4 (Det. 2, Notes A, C); C0.2 (Item 22)",PROPOSED-Hydroseeded restoration areas,1,—,Civil & Site,Inferred,"Project_Wiki.md note 02 92 00 (Civil & Site): (¶1.1, ¶1.3; main spec p.169 — Verified)","Requirement sentence taken verbatim from the note; Subtype, Timing, Acceptance and Responsible Party parsed from it by keyword (Merge, Inferred — check against the cited ¶). Linked Ledger rows: 1 (flag Y and section cited; linkage Inferred)."
SUB 02 92 00-02,Submittal,"Submittals: product data and installation recommendations, seed vendor blue-tag certification, and maintenance instructions after acceptance",Product data; Certificates / reports,Not stated,n/a — submittal,Contractor (submits per 01 33 00 — Inferred); also named: Manufacturer / supplier,02 92 00,"C7.4 (Det. 2, Notes A, C); C0.2 (Item 22)",PROPOSED-Hydroseeded restoration areas,1,—,Civil & Site,Inferred,Project_Wiki.md note 02 92 00 (Civil & Site): (¶1.03; p.169 — Verified),"Requirement sentence taken verbatim from the note; Subtype, Timing, Acceptance and Responsible Party parsed from it by keyword (Merge, Inferred — check against the cited ¶). Linked Ledger rows: 1 (flag Y and section cited; linkage Inferred)."
SUB 03 30 00-01,Submittal,"The Drawing Structural Notes take precedence over less specific spec requirements and set the mix designs and reinforcing, while WSDOT M41-10 (2022), WSDOT material sources, WSDOT-approved aggregate sources and WSDOT 9-04.2 joint sealant are incorporated by reference",Mix design,Not stated,n/a — submittal,Contractor (submits per 01 33 00 — Inferred),03 30 00,A1.1; A1.2; S1.1; S2.3; S4.1; A1.3; S2.1; S2.2; S2.4,PROPOSED-Blower-Building-Slab-and-Grade-Beams; PROPOSED-Blower-Pad; PROPOSED-Train-3-Concrete-Tank; PROPOSED-UV-Disinfection-Chamber-Basin; PROPOSED-Digester-Concrete-Tank; PROPOSED-Drain-Pump-Station-Lid; PROPOSED-Generator-Slab; PROPOSED-Flow-Splitter-Pad; PROPOSED-Existing-Slab-Trench-Infill,1,—,Structural & Building,Unresolved,"Project_Wiki.md note 03 30 00 (Structural & Building): [¶1.05 A, ¶2.03 A, ¶2.04 B–C, pp.172–175 — Verified; ¶1.04 A.1, ¶1.06 D.4, ¶2.04 A, ¶2.04 D — Unresolved: external reference, not staged]","Requirement sentence taken verbatim from the note; Subtype, Timing, Acceptance and Responsible Party parsed from it by keyword (Merge, Inferred — check against the cited ¶). Linked Ledger rows: 9 (flag Y and section cited; linkage Inferred)."
SUB 03 30 00-02,Submittal,"Submittals are ACI SP-66 shop drawings, mix designs 15 working days before use, material certificates, a PE-prepared hot and cold weather plan, joint layout plans (control joints no more than 30× slab thickness where not shown), and WA SE-sealed formwork plans and calculations for the ""Clarifier, digester and chlorine contact basin structures"" — names that do not all match the sheet titles",Shop drawings; Calculations / sealed design; Mix design; Certificates / reports; Plan / procedure,15 working days before use; before use,n/a — submittal,Contractor (submits per 01 33 00 — Inferred),03 30 00,A1.1; A1.2; S1.1; S2.3; S4.1; A1.3; S2.1; S2.2; S2.4,PROPOSED-Blower-Building-Slab-and-Grade-Beams; PROPOSED-Blower-Pad; PROPOSED-Train-3-Concrete-Tank; PROPOSED-UV-Disinfection-Chamber-Basin; PROPOSED-Digester-Concrete-Tank; PROPOSED-Drain-Pump-Station-Lid; PROPOSED-Generator-Slab; PROPOSED-Flow-Splitter-Pad; PROPOSED-Existing-Slab-Trench-Infill,1,—,Structural & Building,Inferred,"Project_Wiki.md note 03 30 00 (Structural & Building): [¶1.06 A–G, p.173 — Verified; Issues, Missing information]","Requirement sentence taken verbatim from the note; Subtype, Timing, Acceptance and Responsible Party parsed from it by keyword (Merge, Inferred — check against the cited ¶). Linked Ledger rows: 9 (flag Y and section cited; linkage Inferred)."
SUB 03 40 00-01,Submittal,"Covers design, supply and installation of all precast concrete structures shown — vaults, top slabs and ""the effluent wet well"" — with WA-engineer-sealed shop drawings and calculations, mix designs 15 days ahead, material certificates, 5 years of NPCA certification, and Owner/Engineer plant inspection rights",Shop drawings; Calculations / sealed design; Mix design; Certificates / reports,15 days ahead,n/a — submittal,Contractor (submits per 01 33 00 — Inferred); also named: Owner; Engineer,03 40 00,S2.4,PROPOSED-Drain-Pump-Station-Precast-Wet-Well; PROPOSED-2W-Pump-Station-Precast-Wet-Well; PROPOSED-Influent-Pump-Station-Precast-Wet-Well; PROPOSED-Influent-Pump-Station-Top-Slab; PROPOSED-Influent-Flow-Meter-Valve-Vault; PROPOSED-Effluent-Flow-Meter-Valve-Vault; PROPOSED-Plants-2-and-3-Flow-Meter-Vault; PROPOSED-Influent-Pump-Station-Meter-Vaults,1,—,Structural & Building,Unresolved,"Project_Wiki.md note 03 40 00 (Structural & Building): [¶1.01 A, p.181; ¶1.06 A–F, ¶1.07, p.182 — Verified; WSDOT M41-10 references ¶1.04 C and ¶1.05 B — Unresolved: external reference, not staged]","Requirement sentence taken verbatim from the note; Subtype, Timing, Acceptance and Responsible Party parsed from it by keyword (Merge, Inferred — check against the cited ¶). Linked Ledger rows: 8 (flag Y and section cited; linkage Inferred)."
SUB 05 50 00-01,Submittal,"Submittals are shop drawings for all fabricated items, product data, nosing samples, PE qualification data, stainless mill certificates, paint compatibility certificates and welder certificates, with welding to AWS D1.1/D1.6 by state-licensed welders",Shop drawings; Product data; Certificates / reports; Qualifications; Samples,Not stated,n/a — submittal,Contractor (submits per 01 33 00 — Inferred),05 50 00,S2.2; S1.1,PROPOSED-Digester-Grating-Beam,1,—,Structural & Building,Inferred,"Project_Wiki.md note 05 50 00 (Structural & Building): [¶1.04, p.187; ¶1.05 B, p.187; ¶2.04 A, p.192 — Verified]","Requirement sentence taken verbatim from the note; Subtype, Timing, Acceptance and Responsible Party parsed from it by keyword (Merge, Inferred — check against the cited ¶). Linked Ledger rows: 1 (flag Y and section cited; linkage Inferred)."
SUB 05 51 10-01,Submittal,"Submittals are PE-sealed calculations and location-specific shop drawings (typical-detail sets are rejected), coordinated with the grating drawings and with aluminum handrails ""as shown in the civil drawings"" per 05 52 00 and 05 53 00 [¶1.03 A.1–3, p.200 — Verified], matching the deferred submittal for metal stairs and landings on S1.1",Shop drawings; Calculations / sealed design,Not stated,n/a — submittal,Contractor (submits per 01 33 00 — Inferred),05 51 10,S2.1; S2.2; S1.1,PROPOSED-Train-3-Guardrail-and-Ladders; PROPOSED-UV-Digester-Guardrail-and-Ladders; PROPOSED-Steel-Stairs-Ladders-Platforms,1; 18 — Unresolved (see 04),—,Structural & Building,Inferred,Project_Wiki.md note 05 51 10 (Structural & Building): [plans_7 p.8 — Verified-Visual],"Requirement sentence taken verbatim from the note; Subtype, Timing, Acceptance and Responsible Party parsed from it by keyword (Merge, Inferred — check against the cited ¶). Linked Ledger rows: 3 (flag Y and section cited; linkage Inferred)."
SUB 05 51 10-02,Submittal,"Unless shown otherwise, stairs use 7"" risers, 11"" treads and 1"" nosing with 4'-0"" min. clear width, access ladders have 3'-0"" min. clear width, and field welding needs written approval at shop drawing review",Shop drawings,Not stated,n/a — submittal,Contractor (submits per 01 33 00 — Inferred),05 51 10,S2.1; S2.2; S1.1,PROPOSED-Train-3-Guardrail-and-Ladders; PROPOSED-UV-Digester-Guardrail-and-Ladders; PROPOSED-Steel-Stairs-Ladders-Platforms,1; 18 — Unresolved (see 04),—,Structural & Building,Inferred,"Project_Wiki.md note 05 51 10 (Structural & Building): [¶2.04, p.201; ¶3.01 D, p.202 — Verified]","Requirement sentence taken verbatim from the note; Subtype, Timing, Acceptance and Responsible Party parsed from it by keyword (Merge, Inferred — check against the cited ¶). Linked Ledger rows: 3 (flag Y and section cited; linkage Inferred)."
SUB 05 52 00-01,Submittal,"Submittals are shop drawings with a dimensional layout, the manufacturer's assembly and installation instructions, and calculations sealed by a Washington State registered structural engineer; partial or unsealed submittals are rejected",Shop drawings; Calculations / sealed design,Not stated,n/a — submittal,Contractor (submits per 01 33 00 — Inferred); also named: Manufacturer / supplier,05 52 00,S2.1; S2.2; S1.1,PROPOSED-Train-3-Guardrail-and-Ladders; PROPOSED-UV-Digester-Guardrail-and-Ladders; PROPOSED-Steel-Stairs-Ladders-Platforms,1; 18 — Unresolved (see 04),—,Structural & Building,Inferred,"Project_Wiki.md note 05 52 00 (Structural & Building): [¶1.02 A–B, p.203 — Verified]","Requirement sentence taken verbatim from the note; Subtype, Timing, Acceptance and Responsible Party parsed from it by keyword (Merge, Inferred — check against the cited ¶). Linked Ledger rows: 3 (flag Y and section cited; linkage Inferred)."
SUB 05 53 00-01,Submittal,"Scope is aluminum grating set in pultruded vinyl ester FRP embedment angles with an integral anchor, to the NAAMM Metal Bar Grating Manual, with shop drawings and manufacturer's instructions as the submittal (the paragraph asks for a ""dimensional layout of all handrailing,"" as written)",Shop drawings; O&M manual,Not stated,n/a — submittal,Contractor (submits per 01 33 00 — Inferred); also named: Manufacturer / supplier,05 53 00,S2.2; S1.1,PROPOSED-UV-Digester-Grating; PROPOSED-Steel-Stairs-Ladders-Platforms,1; 18 — Unresolved (see 04),—,Structural & Building,Inferred,"Project_Wiki.md note 05 53 00 (Structural & Building): [¶1.01 A, ¶1.02 A, ¶1.03 A, p.205 — Verified]","Requirement sentence taken verbatim from the note; Subtype, Timing, Acceptance and Responsible Party parsed from it by keyword (Merge, Inferred — check against the cited ¶). Linked Ledger rows: 2 (flag Y and section cited; linkage Inferred)."
SUB 06 20 00-01,Submittal,"Covers finish carpentry to AWI Quality Standards (Section 300, Custom Grade), APA and PS-1, with shop drawings and finish samples as submittals",Shop drawings; Samples,Not stated,n/a — submittal,Contractor (submits per 01 33 00 — Inferred),06 20 00,,None linked,Not stated,—,Structural & Building,Verified,"Project_Wiki.md note 06 20 00 (Structural & Building): [¶1.1–1.3, p.207; ¶2.2 A, p.208 — Verified]","Requirement sentence taken verbatim from the note; Subtype, Timing, Acceptance and Responsible Party parsed from it by keyword (Merge, Inferred — check against the cited ¶). Linked Ledger rows: 0 (flag Y and section cited; linkage Inferred)."
SUB 06 20 00-02,Submittal,"Execution covers coped and mitered trim, 45° splices, a sealed 1/8"" gap at exterior trim ends, and installation of finish hardware and miscellaneous items on solid backing",Calculations / sealed design,Not stated,n/a — submittal,Contractor (submits per 01 33 00 — Inferred),06 20 00,,None linked,Not stated,—,Structural & Building,Verified,"Project_Wiki.md note 06 20 00 (Structural & Building): [¶3.1 A–I, p.208 — Verified]","Requirement sentence taken verbatim from the note; Subtype, Timing, Acceptance and Responsible Party parsed from it by keyword (Merge, Inferred — check against the cited ¶). Linked Ledger rows: 0 (flag Y and section cited; linkage Inferred)."
SUB 07 20 00-01,Submittal,"Covers thermal insulation and vapor barrier in exterior roof and wall construction, installed by a metal building insulation installer with 3 years' experience; materials arrive with instructions and typical shop drawings, and the section has no separate submittal article",Shop drawings; Qualifications,Not stated,n/a — submittal,Contractor (submits per 01 33 00 — Inferred),07 20 00,C6.4; C6.5; A1.1; A1.2; A1.3; S1.1; S2.3,PROPOSED-BLOWER-BUILDING; PROPOSED-Blower-Building,1,—,Structural & Building,Inferred,"Project_Wiki.md note 07 20 00 (Structural & Building): [¶1.1 A, ¶1.2 A–B, p.209 — Verified]","Requirement sentence taken verbatim from the note; Subtype, Timing, Acceptance and Responsible Party parsed from it by keyword (Merge, Inferred — check against the cited ¶). Linked Ledger rows: 1 (flag Y and section cited; linkage Inferred)."
SUB 07 92 00-01,Submittal,"Submittals are manufacturer's data on materials, application equipment and procedures; the applicator needs 3 years' experience, and a 2-year special warranty applies",Plan / procedure; Warranty / guarantee; Qualifications,Not stated,n/a — submittal,Contractor (submits per 01 33 00 — Inferred); also named: Manufacturer / supplier,07 92 00,,None linked,Not stated,—,Structural & Building,Verified,"Project_Wiki.md note 07 92 00 (Structural & Building): [¶1.2 A, ¶1.3 A, ¶1.4 A, p.211 — Verified]","Requirement sentence taken verbatim from the note; Subtype, Timing, Acceptance and Responsible Party parsed from it by keyword (Merge, Inferred — check against the cited ¶). Linked Ledger rows: 0 (flag Y and section cited; linkage Inferred)."
SUB 08 70 00-01,Submittal,"Covers all finish hardware (quantities not guaranteed), with submittals of manufacturer's data, a hardware schedule in sets cross-referenced to the door schedule, a keying schedule and templates; closers carry a 5-year and other hardware a 1-year guarantee",Warranty / guarantee,Not stated,n/a — submittal,Contractor (submits per 01 33 00 — Inferred); also named: Manufacturer / supplier,08 70 00,A1.1; A1.2,101A; 101B; 101C; PROPOSED-Boot-Brush-and-Pad,1,—,Structural & Building,Inferred,"Project_Wiki.md note 08 70 00 (Structural & Building): [¶1.01 A, ¶1.03 A–E, ¶1.05 A, pp.216–218 — Verified]","Requirement sentence taken verbatim from the note; Subtype, Timing, Acceptance and Responsible Party parsed from it by keyword (Merge, Inferred — check against the cited ¶). Linked Ledger rows: 4 (flag Y and section cited; linkage Inferred)."
SUB 09 25 00-01,Submittal,"Covers all gypsum drywall shown, taped and spackled, to ASTM C840 from a single source, with texture finish samples as the only submittal",Samples,Not stated,n/a — submittal,Contractor (submits per 01 33 00 — Inferred),09 25 00,C6.4; C6.5; A1.1; A1.2; A1.3; S1.1; S2.3,PROPOSED-BLOWER-BUILDING; PROPOSED-Blower-Building,1,—,Structural & Building,Inferred,"Project_Wiki.md note 09 25 00 (Structural & Building): [¶1.01 A, ¶1.02 A–B, ¶1.03 A, p.225 — Verified]","Requirement sentence taken verbatim from the note; Subtype, Timing, Acceptance and Responsible Party parsed from it by keyword (Merge, Inferred — check against the cited ¶). Linked Ledger rows: 1 (flag Y and section cited; linkage Inferred)."
SUB 09 90 00-01,Submittal,"Submittals are product data and procedures per service condition, color charts 30 days and a painting schedule 14 days before work; the Contractor measures wet-film thickness of every coat, the Engineer approves each coat, and hold points follow surface preparation and final coating",Product data; Plan / procedure,14 days before work,n/a — submittal,Contractor (submits per 01 33 00 — Inferred); also named: Contractor; Engineer,09 90 00,C6.4; C6.5; A1.1; A1.2; A1.3; S1.1; S2.3,PROPOSED-BLOWER-BUILDING; PROPOSED-Blower-Building; 101A; 101B; 101C,1,"Add. 4 p.2, ¶2.01 I — Add. 4 governs",Structural & Building,Inferred,"Project_Wiki.md note 09 90 00 (Structural & Building): [¶1.03 A–C, ¶1.02 E, p.229; ¶3.03 D, p.234; ¶3.06, p.235 — Verified]","Requirement sentence taken verbatim from the note; Subtype, Timing, Acceptance and Responsible Party parsed from it by keyword (Merge, Inferred — check against the cited ¶). Linked Ledger rows: 4 (flag Y and section cited; linkage Inferred)."
SUB 09 97 23-01,Submittal,"Submittals are product data with ASTM results, MSDS, project guidelines and applicator qualifications (manufacturer certification, trained equipment operators, 5 references, permits)",Product data; Certificates / reports; Qualifications,Not stated,n/a — submittal,Contractor (submits per 01 33 00 — Inferred); also named: Manufacturer / supplier,09 97 23,,PROPOSED-Influent-Pump-Station-Interior-Coating,1,—,Structural & Building,Inferred,"Project_Wiki.md note 09 97 23 (Structural & Building): [¶1.02 A, p.236 — Verified]","Requirement sentence taken verbatim from the note; Subtype, Timing, Acceptance and Responsible Party parsed from it by keyword (Merge, Inferred — check against the cited ¶). Linked Ledger rows: 1 (flag Y and section cited; linkage Inferred)."
SUB 09 97 23-02,Submittal,"The product is Raven 405 or Tnemec G436 PermaShield (amine-cured, light green), applied by a certified applicator with heated plural-component spray on concrete cured at least 28 days and blasted to CSP 3–5, at 80 mils min. and 100 mils average wet film",Certificates / reports,Not stated,n/a — submittal,Contractor (submits per 01 33 00 — Inferred),09 97 23,,PROPOSED-Influent-Pump-Station-Interior-Coating,1,—,Structural & Building,Inferred,"Project_Wiki.md note 09 97 23 (Structural & Building): [¶2.01 A, ¶2.04 A, ¶2.05, ¶3.03 E, ¶3.05 D, pp.237–239 — Verified]","Requirement sentence taken verbatim from the note; Subtype, Timing, Acceptance and Responsible Party parsed from it by keyword (Merge, Inferred — check against the cited ¶). Linked Ledger rows: 1 (flag Y and section cited; linkage Inferred)."
SUB 10 52 00-01,Submittal,"Covers furnishing and installing all fire extinguishers and cabinets shown, with product data (plus cabinet roughing-in and mounting details) as the submittal",Product data,Not stated,n/a — submittal,Contractor (submits per 01 33 00 — Inferred),10 52 00,A1.1,PROPOSED-Fire-Extinguishers-Blower-Building,1,—,Structural & Building,Inferred,"Project_Wiki.md note 10 52 00 (Structural & Building): [¶1.01 A–B, ¶1.02 A, p.242 — Verified]","Requirement sentence taken verbatim from the note; Subtype, Timing, Acceptance and Responsible Party parsed from it by keyword (Merge, Inferred — check against the cited ¶). Linked Ledger rows: 1 (flag Y and section cited; linkage Inferred)."
SUB 10 73 05-01,Submittal,"Submittals per 01 33 00 are catalog data and O&M information (¶2.01 A p.244); the contractor adds a 1-year parts-and-labor extended warranty from substantial completion (¶1.02 A p.244); three sets of wear parts are furnished (¶3.02 p.245); and the manufacturer provides installation certification, 2 days of start-up and field testing and 1 day of operator training",Product data; Certificates / reports; O&M manual; Warranty / guarantee,Not stated,n/a — submittal,Contractor (submits per 01 33 00 — Inferred); also named: Contractor; Manufacturer / supplier,10 73 05,C3.4; C3.5,PROPOSED-TRAIN-3-FRP-LAUNDER-COVER,1; 18 — Unresolved (see 04); 19; Equipment Alternate B,—,Process & Mechanical,Inferred,Project_Wiki.md note 10 73 05 (Process & Mechanical): (¶4.02 p.245),"Requirement sentence taken verbatim from the note; Subtype, Timing, Acceptance and Responsible Party parsed from it by keyword (Merge, Inferred — check against the cited ¶). Linked Ledger rows: 1 (flag Y and section cited; linkage Inferred)."
SUB 10 73 05-02,Submittal,"¶3.01 A, under the launder cover heading, repeats the packaged sludge pump paragraph of 22 13 36 ¶2.01 A word for word (Edson peristaltic pumps, 3 HP, a VFD per pump) — Issue 20. The section runs in four parts",General submittal,Not stated,n/a — submittal,Contractor (submits per 01 33 00 — Inferred),10 73 05,C3.4; C3.5,PROPOSED-TRAIN-3-FRP-LAUNDER-COVER,1; 18 — Unresolved (see 04); 19; Equipment Alternate B,—,Process & Mechanical,Inferred,"Project_Wiki.md note 10 73 05 (Process & Mechanical): (Part 2 submittals, Part 3 products, Part 4 execution)","Requirement sentence taken verbatim from the note; Subtype, Timing, Acceptance and Responsible Party parsed from it by keyword (Merge, Inferred — check against the cited ¶). Linked Ledger rows: 1 (flag Y and section cited; linkage Inferred)."
SUB 13 12 20-01,Submittal,"Design loads — 5 psf collateral, 25 psf snow, 20 psf roof live, 105 mph ultimate wind (Exposure C), Site Class D with SDS 0.79 / SD1 0.51, SDC D, Ie 1.25, 18"" frost — match S1.1, and submittals are WA SE-sealed design calculations and drawings for permit, a WA SE-sealed anchor bolt embedment design by the Contractor, and erection drawings",Calculations / sealed design,Not stated,n/a — submittal,Contractor (submits per 01 33 00 — Inferred),13 12 20,C6.4; C6.5; A1.1; A1.2; A1.3; S1.1; S2.3,PROPOSED-BLOWER-BUILDING; PROPOSED-Blower-Building,1,"Add. 4 Cited, no change — Add. 4 p.1, Clarification 3 (¶2.03, ¶2.04)",Structural & Building,Inferred,"Project_Wiki.md note 13 12 20 (Structural & Building): [¶1.03 A, p.246; ¶1.04 A–B, p.247 — Verified; plans_7 p.8 — Verified-Visual]","Requirement sentence taken verbatim from the note; Subtype, Timing, Acceptance and Responsible Party parsed from it by keyword (Merge, Inferred — check against the cited ¶). Linked Ledger rows: 1 (flag Y and section cited; linkage Inferred)."
SUB 13 12 20-02,Submittal,"Garco Building Systems or equal (AISC Category MB certified, MBMA member) supplies 50 ksi hot-dip galvanized primary framing, G-90 16-gauge secondary members, A325 bolts, galvanized cable or rod bracing, 24-gauge Galvalume standing-seam roof panels (UL 90) and 26-gauge Galvalume R- or A-type wall panels, factory-finished in polyester or Kynar at the Owner's choice",Certificates / reports,Not stated,n/a — submittal,Contractor (submits per 01 33 00 — Inferred); also named: Owner,13 12 20,C6.4; C6.5; A1.1; A1.2; A1.3; S1.1; S2.3,PROPOSED-BLOWER-BUILDING; PROPOSED-Blower-Building,1,"Add. 4 Cited, no change — Add. 4 p.1, Clarification 3 (¶2.03, ¶2.04)",Structural & Building,Inferred,"Project_Wiki.md note 13 12 20 (Structural & Building): [¶1.05, ¶2.01–¶2.04, pp.247–249 — Verified; Add. 4 p.1 Clarification 3 — Verified]","Requirement sentence taken verbatim from the note; Subtype, Timing, Acceptance and Responsible Party parsed from it by keyword (Merge, Inferred — check against the cited ¶). Linked Ledger rows: 1 (flag Y and section cited; linkage Inferred)."
SUB 13 12 20-03,Submittal,"Installers need 5 years' experience, anchor bolts and base plates are verified against the approved erection drawings, bolts are tightened by turn-of-nut (preferred), and panels are lapped and butyl-sealed with trim and closures for a weather-tight enclosure; the section has no testing article",Calculations / sealed design; Qualifications,Not stated,n/a — submittal,Contractor (submits per 01 33 00 — Inferred),13 12 20,C6.4; C6.5; A1.1; A1.2; A1.3; S1.1; S2.3,PROPOSED-BLOWER-BUILDING; PROPOSED-Blower-Building,1,"Add. 4 Cited, no change — Add. 4 p.1, Clarification 3 (¶2.03, ¶2.04)",Structural & Building,Inferred,"Project_Wiki.md note 13 12 20 (Structural & Building): [¶3.01–¶3.03, pp.250–251 — Verified]","Requirement sentence taken verbatim from the note; Subtype, Timing, Acceptance and Responsible Party parsed from it by keyword (Merge, Inferred — check against the cited ¶). Linked Ledger rows: 1 (flag Y and section cited; linkage Inferred)."
SUB 15 08 13-01,Submittal,Submittal: proof of graphics before printing,General submittal,Not stated,n/a — submittal,Contractor (submits per 01 33 00 — Inferred),15 08 13,,PROPOSED-Temporary construction sign,1,—,Civil & Site,Inferred,Project_Wiki.md note 15 08 13 (Civil & Site): (¶1.01; p.252 — Verified),"Requirement sentence taken verbatim from the note; Subtype, Timing, Acceptance and Responsible Party parsed from it by keyword (Merge, Inferred — check against the cited ¶). Linked Ledger rows: 1 (flag Y and section cited; linkage Inferred)."
SUB 15 40 00-01,Submittal,"Covers miscellaneous plumbing ""for exterior purposes only"" as described and shown on the plans (¶1.01 A p.253), with shop drawing and product data submittals (¶1.02 A) and compliance with the UBC, UPC and Eastsound Sewer and Water District standards",Shop drawings; Product data,Not stated,n/a — submittal,Contractor (submits per 01 33 00 — Inferred); also named: Owner,15 40 00,,PROPOSED-YARD-HYDRANTS; PROPOSED-POST-HYDRANTS; PROPOSED-EXTERIOR-SANITARY-DRAINS,1,—,Process & Mechanical,Inferred,Project_Wiki.md note 15 40 00 (Process & Mechanical): (¶1.03 A),"Requirement sentence taken verbatim from the note; Subtype, Timing, Acceptance and Responsible Party parsed from it by keyword (Merge, Inferred — check against the cited ¶). Linked Ledger rows: 3 (flag Y and section cited; linkage Inferred)."
SUB 22 13 29-01,Submittal,"Submittals include certified curves, shop drawings of the station and lifting system, control panel and interconnection wiring, warranty and factory test report (¶1.03 A p.256); testing includes certified non-witnessed factory performance tests to Hydraulic Institute standards, a factory operational test of the completed station submitted before installation, field tests with the manufacturer's representative, and at least one 8-hour start-up day with flow tests",Shop drawings; Certificates / reports; Warranty / guarantee,before installation,n/a — submittal,Contractor (submits per 01 33 00 — Inferred); also named: Manufacturer / supplier,22 13 29,G0.5; G0.6; C4.1; G0.7,PROPOSED-INFLUENT-PUMP-STATION-WET-WELL; PROPOSED-INFLUENT-PUMPS-SMALL; PROPOSED-INFLUENT-PUMPS-LARGE; PROPOSED-IPS-MOTOR-SAVER-RELAYS,1; Equipment Alternate A,—,Process & Mechanical,Inferred,"Project_Wiki.md note 22 13 29 (Process & Mechanical): (¶1.03 C, ¶1.04 B–C p.256; ¶3.03 p.262)","Requirement sentence taken verbatim from the note; Subtype, Timing, Acceptance and Responsible Party parsed from it by keyword (Merge, Inferred — check against the cited ¶). Linked Ledger rows: 4 (flag Y and section cited; linkage Inferred)."
SUB 22 13 29-02,Submittal,"The warranty is 5 years or 10,000 hours (¶1.05 A p.256), and float switches hang at the plan levels with a submersible level transducer also used for pump control",Plan / procedure; Warranty / guarantee,Not stated,n/a — submittal,Contractor (submits per 01 33 00 — Inferred),22 13 29,G0.5; G0.6; C4.1; G0.7,PROPOSED-INFLUENT-PUMP-STATION-WET-WELL; PROPOSED-INFLUENT-PUMPS-SMALL; PROPOSED-INFLUENT-PUMPS-LARGE; PROPOSED-IPS-MOTOR-SAVER-RELAYS,1; Equipment Alternate A,—,Process & Mechanical,Inferred,Project_Wiki.md note 22 13 29 (Process & Mechanical): (¶3.02 A p.261),"Requirement sentence taken verbatim from the note; Subtype, Timing, Acceptance and Responsible Party parsed from it by keyword (Merge, Inferred — check against the cited ¶). Linked Ledger rows: 4 (flag Y and section cited; linkage Inferred)."
SUB 22 13 36-01,Submittal,"Base ¶2.01 A (p.263) calls for Edson Platinum peristaltic pumps or equal, 3 HP, 460 V, 3-phase, 0 to 43 gpm (typical set point 10 to 30 gpm), corrosion resistant, with a VFD and a local speed dial per pump, an electrical control panel per pump and a 304 SS enclosure of about 40""×40""×40"" per pump. Add. 4 p.2 replaces ""Each pump is to include a VFD"" with: pumps powered from VFDs in the Motor Control Center, VFDs controlled by the PLC in the Main Control Panel, no local speed control dial at the pump, see Electrical Sheets — Add. 4 governs. Controls follow 26 80 00 ¶3.09 A (WAS pump control) and H (rotary fan press system) (¶2.02 p.263); submittals per 01 33 00 are catalog data with wiring diagrams and O&M information (¶1.02 A p.263); the manufacturer furnishes three sets of wear parts (¶2.03 p.263) and provides installation certification, 2 days of start-up and field testing and 1 day of operator training",Shop drawings; Product data; Certificates / reports; O&M manual,Not stated,n/a — submittal,Contractor (submits per 01 33 00 — Inferred); also named: Manufacturer / supplier,22 13 36,G0.5; G0.6; G0.7; C6.2,PROPOSED-WAS-PUMP; PROPOSED-SWING-SLUDGE-PUMP; PROPOSED-DIGESTED-SLUDGE-PUMP; PROPOSED-SLUDGE-PUMP-LOCAL-PANELS,1; 6,"Add. 4 p.2, ¶2.01 A — Add. 4 governs",Process & Mechanical,Inferred,Project_Wiki.md note 22 13 36 (Process & Mechanical): (¶3.02 p.264),"Requirement sentence taken verbatim from the note; Subtype, Timing, Acceptance and Responsible Party parsed from it by keyword (Merge, Inferred — check against the cited ¶). Linked Ledger rows: 4 (flag Y and section cited; linkage Inferred)."
SUB 23 34 00-01,Submittal,"Scope (¶1.01 A p.265): in the Blower Building, two 3,300 CFM wall fans on individual thermostats, one motorized 36""×84"" louvered vent that opens when either fan runs and stays open until both are off, and one manual 24""×24"" louvered vent; in the ""Existing Dewatering/Train 1&2 Building Area"", three 3,300 CFM wall fans on individual manual on/off switches and two manual 36""×84"" louvered vents. Fans are Acme FQ18G6 (3,300 CFM, 1/2 HP, 120 V 1-phase, 12 sones max) with wall collar and guard, each with a Louvers & Dampers EBE445 aluminum gravity combination louver (about 24""×24"") with stainless bird screen and a 2-year minimum manufacturer warranty; thermostats are Schaffer TH109 two-speed, 40–100°F, in NEMA 4X enclosures with stainless coil sensors, 4' above floor",O&M manual; Warranty / guarantee,Not stated,n/a — submittal,Contractor (submits per 01 33 00 — Inferred); also named: Manufacturer / supplier,23 34 00,,None linked,Not stated,—,Process & Mechanical,Verified,Project_Wiki.md note 23 34 00 (Process & Mechanical): (¶1.01 B; ¶2.1 A–B pp.265–266),"Requirement sentence taken verbatim from the note; Subtype, Timing, Acceptance and Responsible Party parsed from it by keyword (Merge, Inferred — check against the cited ¶). Linked Ledger rows: 0 (flag Y and section cited; linkage Inferred)."
SUB 26 05 00-01,Submittal,"Submittals (¶1.012, p.274): electronic PDF with an index, identified by section and paragraph or equipment, each sheet naming the equipment and part number with manufacturer, model, nameplate data, dimensions and local representative; largely incomplete packages are returned unreviewed; variances requested in writing",General submittal,Not stated,n/a — submittal,Contractor (submits per 01 33 00 — Inferred); also named: Manufacturer / supplier,26 05 00,,PROPOSED-Temporary-Backup-Generator,18 — Unresolved (see 04),—,Electrical & Controls,Inferred,Project_Wiki.md note 26 05 00 (Electrical & Controls): [Verified],"Requirement sentence taken verbatim from the note; Subtype, Timing, Acceptance and Responsible Party parsed from it by keyword (Merge, Inferred — check against the cited ¶). Linked Ledger rows: 1 (flag Y and section cited; linkage Inferred)."
SUB 26 05 00-02,Submittal,"Pads, tests and training (¶2.04, ¶3.04, ¶3.05, pp.278–280): a concrete housekeeping pad under each floor-mounted MCC and electrical equipment, 3 in wider each end and 3 in minimum height; feeder, motor and equipment testing and a functional checkout of every control circuit, with procedures submitted first; training of 8 h for electrical and 24 h for control systems",Plan / procedure,Not stated,n/a — submittal,Contractor (submits per 01 33 00 — Inferred),26 05 00,,PROPOSED-Temporary-Backup-Generator,18 — Unresolved (see 04),—,Electrical & Controls,Inferred,Project_Wiki.md note 26 05 00 (Electrical & Controls): [Verified],"Requirement sentence taken verbatim from the note; Subtype, Timing, Acceptance and Responsible Party parsed from it by keyword (Merge, Inferred — check against the cited ¶). Linked Ledger rows: 1 (flag Y and section cited; linkage Inferred)."
SUB 26 05 19-01,Submittal,"No product submittal paragraph in the section, read in full (pp.282–288)",General submittal,Not stated,n/a — submittal,Contractor (submits per 01 33 00 — Inferred),26 05 19,,None linked,Not stated,—,Electrical & Controls,Verified,Project_Wiki.md note 26 05 19 (Electrical & Controls): [Verified],"Requirement sentence taken verbatim from the note; Subtype, Timing, Acceptance and Responsible Party parsed from it by keyword (Merge, Inferred — check against the cited ¶). Linked Ledger rows: 0 (flag Y and section cited; linkage Inferred)."
SUB 26 05 33-01,Submittal,"Conduit schedule and tags (¶2.05–2.06, p.294): the drawing schedule governs sizing and routing, adjusted for equipment submittals at no added cost; crosslinked polyolefin tags, Impact Industries or equal (p.294)",General submittal,Not stated,n/a — submittal,Contractor (submits per 01 33 00 — Inferred),26 05 33,,None linked,Not stated,—,Electrical & Controls,Verified,Project_Wiki.md note 26 05 33 (Electrical & Controls): [Verified],"Requirement sentence taken verbatim from the note; Subtype, Timing, Acceptance and Responsible Party parsed from it by keyword (Merge, Inferred — check against the cited ¶). Linked Ledger rows: 0 (flag Y and section cited; linkage Inferred)."
SUB 26 05 33-02,Submittal,"Conduit runs (¶3.01 A, p.294): no more than 270 degrees of bends between pull boxes and runs of 400 ft less 100 ft per 90 degrees of bend; no product submittal or test paragraph found in the section (pp.290–296)",General submittal,Not stated,n/a — submittal,Contractor (submits per 01 33 00 — Inferred),26 05 33,,None linked,Not stated,—,Electrical & Controls,Verified,Project_Wiki.md note 26 05 33 (Electrical & Controls): [Verified; submittal and test terms searched on every page],"Requirement sentence taken verbatim from the note; Subtype, Timing, Acceptance and Responsible Party parsed from it by keyword (Merge, Inferred — check against the cited ¶). Linked Ledger rows: 0 (flag Y and section cited; linkage Inferred)."
SUB 26 22 13-01,Submittal,"Submittals: catalog data per 26 05 00 (¶1.05, p.297); no test paragraph (the only ""test"" term is the NRTL listing)",Product data,Not stated,n/a — submittal,Contractor (submits per 01 33 00 — Inferred),26 22 13,E1.1; E6.1; E6.3; E8.1; E9.1,TS; T3; T2,6,—,Electrical & Controls,Inferred,Project_Wiki.md note 26 22 13 (Electrical & Controls): [Verified],"Requirement sentence taken verbatim from the note; Subtype, Timing, Acceptance and Responsible Party parsed from it by keyword (Merge, Inferred — check against the cited ¶). Linked Ledger rows: 3 (flag Y and section cited; linkage Inferred)."
SUB 26 24 16-01,Submittal,"Lighting and power distribution panelboards by Square D, Cutler Hammer or equal; submittals are catalog data per 26 05 00 (¶1.01–1.02, ¶2.01, p.300)",Product data,Not stated,n/a — submittal,Contractor (submits per 01 33 00 — Inferred),26 24 16,E1.1; E6.1; E6.2; E6.3; E2.1; E2.2; E9.1; E9.3; E4.1; E8.1,MDP; LP-1; LP2,6,—,Electrical & Controls,Inferred,Project_Wiki.md note 26 24 16 (Electrical & Controls): [Verified],"Requirement sentence taken verbatim from the note; Subtype, Timing, Acceptance and Responsible Party parsed from it by keyword (Merge, Inferred — check against the cited ¶). Linked Ledger rows: 3 (flag Y and section cited; linkage Inferred)."
SUB 26 24 19-01,Submittal,"Submittals beyond 26 05 00: wiring diagrams for every unit, component data sheets with part numbers, scaled arrangement drawings, wire marker text, bill of materials, 11x17 maximum shop drawings (¶1.04, pp.305–306)",Shop drawings; Product data,Not stated,n/a — submittal,Contractor (submits per 01 33 00 — Inferred),26 24 19,E1.1; E2.1; E2.2; E6.1; E6.2; E6.3; E7.0; E9.1; E9.2; A1.1,MCC,6,—,Electrical & Controls,Inferred,Project_Wiki.md note 26 24 19 (Electrical & Controls): [Verified],"Requirement sentence taken verbatim from the note; Subtype, Timing, Acceptance and Responsible Party parsed from it by keyword (Merge, Inferred — check against the cited ¶). Linked Ledger rows: 1 (flag Y and section cited; linkage Inferred)."
SUB 26 28 16-01,Submittal,"Submittals: catalog data per 26 05 00 ¶1.012 (¶1.03, p.314); no test paragraph (the only ""test"" term is the NRTL listing)",Product data,Not stated,n/a — submittal,Contractor (submits per 01 33 00 — Inferred),26 28 16,E2.1; E3.1; E4.1; E6.1,PROPOSED-DB-Local-Disconnect; PROPOSED-Train-3-Local-Disconnects; PROPOSED-Influent-Pump-Local-Disconnects; PROPOSED-WAS-and-Sludge-Pump-Local-Disconnects; PROPOSED-2W-Pump-Local-Disconnects,6,—,Electrical & Controls,Inferred,Project_Wiki.md note 26 28 16 (Electrical & Controls): [Verified],"Requirement sentence taken verbatim from the note; Subtype, Timing, Acceptance and Responsible Party parsed from it by keyword (Merge, Inferred — check against the cited ¶). Linked Ledger rows: 5 (flag Y and section cited; linkage Inferred)."
SUB 26 29 23-01,Submittal,"PWM VFDs for 480 V 3-phase, provided by the system integrator as a complete system integral to the MCC or other control panels; 1-year parts-and-labor guarantee from acceptance (¶1.01, ¶1.02 C, p.316)",Warranty / guarantee,Not stated,n/a — submittal,Contractor (submits per 01 33 00 — Inferred),26 29 23,E6.1; E7.0; E7.3; E7.4; E7.7; E9.1; E9.2,PROPOSED-VFDs-in-MCC,6,—,Electrical & Controls,Inferred,Project_Wiki.md note 26 29 23 (Electrical & Controls): [Verified],"Requirement sentence taken verbatim from the note; Subtype, Timing, Acceptance and Responsible Party parsed from it by keyword (Merge, Inferred — check against the cited ¶). Linked Ledger rows: 1 (flag Y and section cited; linkage Inferred)."
SUB 26 29 23-02,Submittal,"Submittals beyond 26 05 00: outline dimensions and elevations, wiring diagrams with all interface points and terminals, component and option data, and the operations and programming manual (¶1.02 A–B, p.316)",Shop drawings; O&M manual,Not stated,n/a — submittal,Contractor (submits per 01 33 00 — Inferred),26 29 23,E6.1; E7.0; E7.3; E7.4; E7.7; E9.1; E9.2,PROPOSED-VFDs-in-MCC,6,—,Electrical & Controls,Inferred,Project_Wiki.md note 26 29 23 (Electrical & Controls): [Verified],"Requirement sentence taken verbatim from the note; Subtype, Timing, Acceptance and Responsible Party parsed from it by keyword (Merge, Inferred — check against the cited ¶). Linked Ledger rows: 1 (flag Y and section cited; linkage Inferred)."
SUB 26 29 23-03,Submittal,"Quality assurance and start-up: each VFD functionally tested under motor load with simulated overload and 100% parameter verification; certified factory start-up for every drive with a start-up form, one week notice to the Engineer, and testing on both utility and standby power where a generator serves the load (¶3.02–3.03, p.319)",Certificates / reports,Not stated,n/a — submittal,Contractor (submits per 01 33 00 — Inferred); also named: Engineer,26 29 23,E6.1; E7.0; E7.3; E7.4; E7.7; E9.1; E9.2,PROPOSED-VFDs-in-MCC,6,—,Electrical & Controls,Inferred,Project_Wiki.md note 26 29 23 (Electrical & Controls): [Verified],"Requirement sentence taken verbatim from the note; Subtype, Timing, Acceptance and Responsible Party parsed from it by keyword (Merge, Inferred — check against the cited ¶). Linked Ledger rows: 1 (flag Y and section cited; linkage Inferred)."
SUB 26 32 13-01,Submittal,"Basis of design Cummins C125D6D; pre-approved Cummins, Kohler, Caterpillar and Generac, equals if performance is shown; single-source package; 2-year warranty from Substantial Completion (¶2.01, p.325; warranty paragraph pp.324–325)",Warranty / guarantee,Not stated,n/a — submittal,Contractor (submits per 01 33 00 — Inferred),26 32 13,E1.1; E6.1; E6.3; E7.3; E10.3,GEN,1; 6; Equipment Alternate E,—,Electrical & Controls,Inferred,Project_Wiki.md note 26 32 13 (Electrical & Controls): [Verified],"Requirement sentence taken verbatim from the note; Subtype, Timing, Acceptance and Responsible Party parsed from it by keyword (Merge, Inferred — check against the cited ¶). Linked Ledger rows: 1 (flag Y and section cited; linkage Inferred)."
SUB 26 32 13-02,Submittal,"Submittals: action, informational, closeout and maintenance-material submittals including fuel consumption at 0.8 pf and plans and elevations (¶1.04–1.08, pp.322–324)",General submittal,Not stated,n/a — submittal,Contractor (submits per 01 33 00 — Inferred),26 32 13,E1.1; E6.1; E6.3; E7.3; E10.3,GEN,1; 6; Equipment Alternate E,—,Electrical & Controls,Inferred,Project_Wiki.md note 26 32 13 (Electrical & Controls): [Verified; pages scanned by key terms],"Requirement sentence taken verbatim from the note; Subtype, Timing, Acceptance and Responsible Party parsed from it by keyword (Merge, Inferred — check against the cited ¶). Linked Ledger rows: 1 (flag Y and section cited; linkage Inferred)."
SUB 26 36 00-01,Submittal,"Switches designated 3-pole get a neutral bus rated 100% of the switch rating; enclosures third-party certified to NEMA ICS 6 (¶2.02, p.341)",Certificates / reports,Not stated,n/a — submittal,Contractor (submits per 01 33 00 — Inferred),26 36 00,E1.1; E6.1; E6.3; E7.3,ATS,6; 18 — Unresolved (see 04),—,Electrical & Controls,Inferred,Project_Wiki.md note 26 36 00 (Electrical & Controls): [Verified],"Requirement sentence taken verbatim from the note; Subtype, Timing, Acceptance and Responsible Party parsed from it by keyword (Merge, Inferred — check against the cited ¶). Linked Ledger rows: 1 (flag Y and section cited; linkage Inferred)."
SUB 26 36 00-02,Submittal,"Submittals: action, informational and closeout (¶1.03–1.05, p.338); testing: factory dielectric test per NEMA ICS 1 and field tests and inspections by the manufacturer representative with reports (¶2.05, ¶3.03–3.04, pp.345–347)",Certificates / reports,Not stated,n/a — submittal,Contractor (submits per 01 33 00 — Inferred); also named: Manufacturer / supplier,26 36 00,E1.1; E6.1; E6.3; E7.3,ATS,6; 18 — Unresolved (see 04),—,Electrical & Controls,Inferred,Project_Wiki.md note 26 36 00 (Electrical & Controls): [Verified],"Requirement sentence taken verbatim from the note; Subtype, Timing, Acceptance and Responsible Party parsed from it by keyword (Merge, Inferred — check against the cited ¶). Linked Ledger rows: 1 (flag Y and section cited; linkage Inferred)."
SUB 26 51 19-01,Submittal,"Submittals: original product sheets, independent photometric reports where the schedule requires them, fixture types and project name marked, prepared by the local manufacturer representative, plus WSEC lighting control devices (¶1.06, p.350)",Certificates / reports,Not stated,n/a — submittal,Contractor (submits per 01 33 00 — Inferred); also named: Manufacturer / supplier,26 51 19,E2.2; E3.1; E6.3; E4.1; E6.2; E8.1; E5.1,L1 (Blower Building); L2 (Blower Building); X1 (Blower Building); PROPOSED-Train-3-Pole-Light; L2 (Treatment Building); PROPOSED-UV-Area-Pole-Light,6,—,Electrical & Controls,Inferred,Project_Wiki.md note 26 51 19 (Electrical & Controls): [Verified],"Requirement sentence taken verbatim from the note; Subtype, Timing, Acceptance and Responsible Party parsed from it by keyword (Merge, Inferred — check against the cited ¶). Linked Ledger rows: 6 (flag Y and section cited; linkage Inferred)."
SUB 26 51 19-02,Submittal,"Warranty: 5 years on LED products including parts and labor (¶1.08, p.350)",Warranty / guarantee,Not stated,n/a — submittal,Contractor (submits per 01 33 00 — Inferred),26 51 19,E2.2; E3.1; E6.3; E4.1; E6.2; E8.1; E5.1,L1 (Blower Building); L2 (Blower Building); X1 (Blower Building); PROPOSED-Train-3-Pole-Light; L2 (Treatment Building); PROPOSED-UV-Area-Pole-Light,6,—,Electrical & Controls,Inferred,Project_Wiki.md note 26 51 19 (Electrical & Controls): [Verified],"Requirement sentence taken verbatim from the note; Subtype, Timing, Acceptance and Responsible Party parsed from it by keyword (Merge, Inferred — check against the cited ¶). Linked Ledger rows: 6 (flag Y and section cited; linkage Inferred)."
SUB 31 10 00-01,Submittal,"No products, submittals or testing are specified",General submittal,Not stated,n/a — submittal,Contractor (submits per 01 33 00 — Inferred),31 10 00,,None linked,Not stated,—,Civil & Site,Verified,Project_Wiki.md note 31 10 00 (Civil & Site): (p.382 — Verified),"Requirement sentence taken verbatim from the note; Subtype, Timing, Acceptance and Responsible Party parsed from it by keyword (Merge, Inferred — check against the cited ¶). Linked Ledger rows: 0 (flag Y and section cited; linkage Inferred)."
SUB 31 20 00-01,Submittal,"Submittals: gradation and moisture-density curves for imported materials, separation geotextile data, and proposed compaction equipment; field density testing is by the Engineer's independent lab (one test per 100 LF of roadway, 1,000 SF of subgrade, 500 CY of structural backfill), with Contractor-paid retests",General submittal,Not stated,n/a — submittal,Contractor (submits per 01 33 00 — Inferred); also named: Contractor; Engineer; Inspector / laboratory,31 20 00,C0.2 (Element 10),PROPOSED-Dewatering system,1,—,Civil & Site,Inferred,Project_Wiki.md note 31 20 00 (Civil & Site): (¶1.02–1.03; pp.383–384 — Verified),"Requirement sentence taken verbatim from the note; Subtype, Timing, Acceptance and Responsible Party parsed from it by keyword (Merge, Inferred — check against the cited ¶). Linked Ledger rows: 1 (flag Y and section cited; linkage Inferred)."
SUB 31 23 19-01,Submittal,"Submittal: a dewatering plan before construction, 'in accordance with Section 01 30 00', showing methods, equipment, well and sump details, stormwater diversions, discharge points and contingency plans for settlement; it is kept up to date like the TESC plan",O&M manual; Plan / procedure,before construction,n/a — submittal,Contractor (submits per 01 33 00 — Inferred),31 23 19,C0.2 (Element 10),PROPOSED-Dewatering system,1,—,Civil & Site,Inferred,"Project_Wiki.md note 31 23 19 (Civil & Site): (¶1.2; p.389 — Verified; section number not in the manual, see Issues)","Requirement sentence taken verbatim from the note; Subtype, Timing, Acceptance and Responsible Party parsed from it by keyword (Merge, Inferred — check against the cited ¶). Linked Ledger rows: 1 (flag Y and section cited; linkage Inferred)."
SUB 31 23 33-01,Submittal,"Submittals: disposal sites, gradation tests and proctors for imported material, geotextile cut sheets, and a traffic control plan per WSDOT 1-10",Product data; Plan / procedure,Not stated,n/a — submittal,Contractor (submits per 01 33 00 — Inferred),31 23 33,"C7.1 (Det. 6); C7.4 (Det. 2, Note I); G0.3 (Note 7)",PROPOSED-Tracer wire and locater boxes; PROPOSED-Temporary shoring and trench safety systems,1; 2,—,Civil & Site,Inferred,"Project_Wiki.md note 31 23 33 (Civil & Site): (¶1.05 C, ¶1.06; p.394 — Verified)","Requirement sentence taken verbatim from the note; Subtype, Timing, Acceptance and Responsible Party parsed from it by keyword (Merge, Inferred — check against the cited ¶). Linked Ledger rows: 2 (flag Y and section cited; linkage Inferred)."
SUB 31 32 11-01,Submittal,"Submittals: geotextile for silt fence, compost for compost berm, inlet protection products, barrier fence, track clean plates and any other erosion control product; the installer must be a specialist",General submittal,Not stated,n/a — submittal,Contractor (submits per 01 33 00 — Inferred),31 32 11,C0.4 (Det. 1); C0.3; C0.4 (Det. 2); C0.2; C0.4 (Det. 3); C0.6; C0.4 (Det. 4); C0.4 (Det. 5); C0.4 (Det. 3 note); C0.3 (KN 1),PROPOSED-Plastic covering for slopes and stockpiles; PROPOSED-Catch basin inserts; PROPOSED-Filter fabric fence; PROPOSED-Stabilized construction entrance; PROPOSED-Geotextile encased check dams; PROPOSED-Compost berm; PROPOSED-Orange barrier fence; PROPOSED-Emergency access areas,4,—,Civil & Site,Inferred,Project_Wiki.md note 31 32 11 (Civil & Site): (¶1.04–1.05; p.398 — Verified),"Requirement sentence taken verbatim from the note; Subtype, Timing, Acceptance and Responsible Party parsed from it by keyword (Merge, Inferred — check against the cited ¶). Linked Ledger rows: 8 (flag Y and section cited; linkage Inferred)."
SUB 31 40 00-01,Submittal,"Submittals: shoring layout and design drawings, calculations and backup data, plus a settlement monitoring and contingency plan for excavations deeper than 10 ft",Calculations / sealed design; Plan / procedure,Not stated,n/a — submittal,Contractor (submits per 01 33 00 — Inferred),31 40 00,G0.3 (Note 7),PROPOSED-Temporary shoring and trench safety systems,2,—,Civil & Site,Inferred,Project_Wiki.md note 31 40 00 (Civil & Site): (¶1.04; p.401 — Verified),"Requirement sentence taken verbatim from the note; Subtype, Timing, Acceptance and Responsible Party parsed from it by keyword (Merge, Inferred — check against the cited ¶). Linked Ledger rows: 1 (flag Y and section cited; linkage Inferred)."
SUB 32 12 16-01,Submittal,"HMA is Class 1/2-in PG 58H-22 per WSDOT 5-04.2 at 91% minimum density, commercial classification, with the mix design submitted on WSDOT form 350-042 and verified by WSDOT; lab certificates (sieve analysis, mix design) are due at least 5 days before placement",Mix design; Certificates / reports,5 days before placement (¶1; before placement (¶1,n/a — submittal,Contractor (submits per 01 33 00 — Inferred); also named: Inspector / laboratory,32 12 16,C7.3 (Det. 3); C7.4 (Det. 2); C2.6; C2.1 (KN 5),PROPOSED-HMA pavement; PROPOSED-Asphalt wedge curb,1,—,Civil & Site,Inferred,"Project_Wiki.md note 32 12 16 (Civil & Site): (¶1.02, ¶2.01; p.404 — Verified)","Requirement sentence taken verbatim from the note; Subtype, Timing, Acceptance and Responsible Party parsed from it by keyword (Merge, Inferred — check against the cited ¶). Linked Ledger rows: 2 (flag Y and section cited; linkage Inferred)."
SUB 32 12 16-02,Submittal,"Asphalt is placed in 2-in lifts, matching existing thickness or the plan repair section, whichever is thicker; no material transfer devices; joints sealed with hot-poured sealant",Calculations / sealed design; Plan / procedure,Not stated,n/a — submittal,Contractor (submits per 01 33 00 — Inferred),32 12 16,C7.3 (Det. 3); C7.4 (Det. 2); C2.6; C2.1 (KN 5),PROPOSED-HMA pavement; PROPOSED-Asphalt wedge curb,1,—,Civil & Site,Inferred,"Project_Wiki.md note 32 12 16 (Civil & Site): (¶3.02, ¶3.04; p.405 — Verified)","Requirement sentence taken verbatim from the note; Subtype, Timing, Acceptance and Responsible Party parsed from it by keyword (Merge, Inferred — check against the cited ¶). Linked Ledger rows: 2 (flag Y and section cited; linkage Inferred)."
SUB 32 32 23-01,Submittal,"The Contractor designs, furnishes and builds the gravity block retaining wall; construction drawings and design calculations must be stamped by a Washington PE, with a manufacturer's certification before work starts",Calculations / sealed design; Certificates / reports,Not stated,n/a — submittal,Contractor (submits per 01 33 00 — Inferred); also named: Contractor; Manufacturer / supplier,32 32 23,C2.5; C0.2; C0.5; C2.1,PROPOSED-Block retaining wall,1,—,Civil & Site,Inferred,"Project_Wiki.md note 32 32 23 (Civil & Site): (¶1.01, ¶1.04; main spec pp.408–409 — Verified)","Requirement sentence taken verbatim from the note; Subtype, Timing, Acceptance and Responsible Party parsed from it by keyword (Merge, Inferred — check against the cited ¶). Linked Ledger rows: 1 (flag Y and section cited; linkage Inferred)."
SUB 33 05 00-01,Submittal,"Submittals: field-fabrication data, material certifications, and verification of every existing pipe to be connected (exposed and checked for size, material, elevation, location and service)",Certificates / reports,Not stated,n/a — submittal,Contractor (submits per 01 33 00 — Inferred),33 05 00,C1.3 (Add. 4 p.7); C1.6A (Add. 4 p.8); C7.10; C7.1 (Det. 1); C7.5 (Det. 1); C1.4; C7.3 (Det. 2),Pipe ID 2; Pipe ID 3; Pipe ID 4; Pipe ID 5; Pipe ID 6; Pipe ID 7; Pipe ID 8; Pipe ID 9; Pipe ID 10; Pipe ID 11; Pipe ID 12; Pipe ID 13; Pipe ID 14; Pipe ID 15; Pipe ID 16; Pipe ID 17; Pipe ID 18; Pipe ID 19; Pipe ID 20; Pipe ID 21; Pipe ID 22; Pipe ID 23; Pipe ID 24; Pipe ID 25; Pipe ID 26; Buried Valve ID 1; Buried Valve ID 2; Buried Valve ID 3; Buried Valve ID 4; Buried Valve ID 5; Buried Valve ID 6; Buried Valve ID 7; Buried Valve ID 8; Buried Valve ID 9; Buried Valve ID 10; Buried Valve ID 11; Buried Valve ID 12; Buried Valve ID 13,1,—,Civil & Site,Inferred,Project_Wiki.md note 33 05 00 (Civil & Site): (¶1.04; p.414 — Verified),"Requirement sentence taken verbatim from the note; Subtype, Timing, Acceptance and Responsible Party parsed from it by keyword (Merge, Inferred — check against the cited ¶). Linked Ledger rows: 38 (flag Y and section cited; linkage Inferred)."
SUB 33 30 00-01,Submittal,"General requirements for all piping systems shown on the plans, with trenching per 31 23 33 and submittals 'per Section 01 30 00' (not in the manual): field-fabrication data, shop laying drawings, pipe support drawings, material certifications and field welding procedures",Shop drawings; Certificates / reports; O&M manual; Plan / procedure,Not stated,n/a — submittal,Contractor (submits per 01 33 00 — Inferred),33 30 00,"C0.5 (KN 22); C1.3 (Add. 4 p.7); C1.6A (Add. 4 p.8); C7.10; C7.1 (Det. 1); C7.5 (Det. 1); C1.4; C7.3 (Det. 2); C2.2; C7.1 (Det. 5); C7.1 (Det. 6); C7.4 (Det. 2, Note I); C7.5 (Det. 2); C2.3 (plan and profile); C2.1; C2.3; C2.1 (KN 3)",PROPOSED-Water line relocation at storm drain; Pipe ID 2; Pipe ID 3; Pipe ID 4; Pipe ID 5; Pipe ID 6; Pipe ID 7; Pipe ID 8; Pipe ID 9; Pipe ID 10; Pipe ID 11; Pipe ID 12; Pipe ID 13; Pipe ID 14; Pipe ID 15; Pipe ID 16; Pipe ID 17; Pipe ID 18; Pipe ID 19; Pipe ID 20; Pipe ID 21; Pipe ID 22; Pipe ID 23; Pipe ID 24; Pipe ID 25; Pipe ID 26; Buried Valve ID 1; Buried Valve ID 2; Buried Valve ID 3; Buried Valve ID 4; Buried Valve ID 5; Buried Valve ID 6; Buried Valve ID 7; Buried Valve ID 8; Buried Valve ID 9; Buried Valve ID 10; Buried Valve ID 11; Buried Valve ID 12; Buried Valve ID 13; SD-1 (+7 more),1,—,Civil & Site,Inferred,Project_Wiki.md note 33 30 00 (Civil & Site): (¶1.01–1.02; main spec pp.420–421 — Verified; see Issues),"Requirement sentence taken verbatim from the note; Subtype, Timing, Acceptance and Responsible Party parsed from it by keyword (Merge, Inferred — check against the cited ¶). Linked Ledger rows: 47 (flag Y and section cited; linkage Inferred)."
SUB 33 30 00-02,Submittal,"All new piping gets #12 AWG steel-core tracer wire (Copperhead 1230-HS or equal) tied at 10-ft intervals, color-coded green for sewer, purple for non-potable and blue for potable, with Copperhead LD14/CD14/HS14 boxes whose locations are submitted before construction",General submittal,before construction (¶3,n/a — submittal,Contractor (submits per 01 33 00 — Inferred),33 30 00,"C0.5 (KN 22); C1.3 (Add. 4 p.7); C1.6A (Add. 4 p.8); C7.10; C7.1 (Det. 1); C7.5 (Det. 1); C1.4; C7.3 (Det. 2); C2.2; C7.1 (Det. 5); C7.1 (Det. 6); C7.4 (Det. 2, Note I); C7.5 (Det. 2); C2.3 (plan and profile); C2.1; C2.3; C2.1 (KN 3)",PROPOSED-Water line relocation at storm drain; Pipe ID 2; Pipe ID 3; Pipe ID 4; Pipe ID 5; Pipe ID 6; Pipe ID 7; Pipe ID 8; Pipe ID 9; Pipe ID 10; Pipe ID 11; Pipe ID 12; Pipe ID 13; Pipe ID 14; Pipe ID 15; Pipe ID 16; Pipe ID 17; Pipe ID 18; Pipe ID 19; Pipe ID 20; Pipe ID 21; Pipe ID 22; Pipe ID 23; Pipe ID 24; Pipe ID 25; Pipe ID 26; Buried Valve ID 1; Buried Valve ID 2; Buried Valve ID 3; Buried Valve ID 4; Buried Valve ID 5; Buried Valve ID 6; Buried Valve ID 7; Buried Valve ID 8; Buried Valve ID 9; Buried Valve ID 10; Buried Valve ID 11; Buried Valve ID 12; Buried Valve ID 13; SD-1 (+7 more),1,—,Civil & Site,Inferred,"Project_Wiki.md note 33 30 00 (Civil & Site): (¶3.03; pp.426–427 — Verified; conflicts with C7.1 and C7.4, see Issues)","Requirement sentence taken verbatim from the note; Subtype, Timing, Acceptance and Responsible Party parsed from it by keyword (Merge, Inferred — check against the cited ¶). Linked Ledger rows: 47 (flag Y and section cited; linkage Inferred)."
SUB 33 32 00-01,Submittal,"Submittals: field-fabrication data, material certifications, submittals for all pipe and appurtenances (fittings, valves, valve boxes, services), and a water main shut-down / temporary bypass plan with customer notices (one week for construction, 48 hours for shutdowns)",Certificates / reports; Plan / procedure,Not stated,n/a — submittal,Contractor (submits per 01 33 00 — Inferred),33 32 00,C0.5 (KN 22); C1.3 (Add. 4 p.7),PROPOSED-Water line relocation at storm drain; Pipe ID 12,1,—,Civil & Site,Inferred,Project_Wiki.md note 33 32 00 (Civil & Site): (¶1.03; pp.436–437 — Verified),"Requirement sentence taken verbatim from the note; Subtype, Timing, Acceptance and Responsible Party parsed from it by keyword (Merge, Inferred — check against the cited ¶). Linked Ledger rows: 2 (flag Y and section cited; linkage Inferred)."
SUB 33 33 00-01,Submittal,Covers HDPE pipe installation; fusion operator qualifications go to the Engineer for approval before pipe is ordered,Qualifications,Not stated,n/a — submittal,Contractor (submits per 01 33 00 — Inferred); also named: Engineer,33 33 00,"C0.5 (KN 1, 8); C0.7 (cited); C1.3 (Add. 4 p.7); C1.6A (Add. 4 p.8)",PROPOSED-Interim 8in HDPE effluent pipe; Pipe ID 10; Pipe ID 23,1,—,Civil & Site,Inferred,Project_Wiki.md note 33 33 00 (Civil & Site): (¶1.01–1.02; main spec p.444 — Verified),"Requirement sentence taken verbatim from the note; Subtype, Timing, Acceptance and Responsible Party parsed from it by keyword (Merge, Inferred — check against the cited ¶). Linked Ledger rows: 3 (flag Y and section cited; linkage Inferred)."
SUB 33 33 00-02,Submittal,"Operators must be manufacturer-trained with 5,000 LF of HDPE fusion experience, a comparable project in the last three years, and current 49 CFR 192.283/192.285/192.287 certifications for the machine used",Certificates / reports; Qualifications,Not stated,n/a — submittal,Contractor (submits per 01 33 00 — Inferred); also named: Manufacturer / supplier,33 33 00,"C0.5 (KN 1, 8); C0.7 (cited); C1.3 (Add. 4 p.7); C1.6A (Add. 4 p.8)",PROPOSED-Interim 8in HDPE effluent pipe; Pipe ID 10; Pipe ID 23,1,—,Civil & Site,Inferred,Project_Wiki.md note 33 33 00 (Civil & Site): (¶1.03; p.444 — Verified),"Requirement sentence taken verbatim from the note; Subtype, Timing, Acceptance and Responsible Party parsed from it by keyword (Merge, Inferred — check against the cited ¶). Linked Ledger rows: 3 (flag Y and section cited; linkage Inferred)."
SUB 33 33 00-03,Submittal,"Joints are butt-fused above ground to the manufacturer's procedure; all joints are visually inspected and data-logged (logs submitted), and 3 joints or 3%, whichever is greater, are destructively tested",Plan / procedure,Not stated,n/a — submittal,Contractor (submits per 01 33 00 — Inferred); also named: Manufacturer / supplier,33 33 00,"C0.5 (KN 1, 8); C0.7 (cited); C1.3 (Add. 4 p.7); C1.6A (Add. 4 p.8)",PROPOSED-Interim 8in HDPE effluent pipe; Pipe ID 10; Pipe ID 23,1,—,Civil & Site,Inferred,Project_Wiki.md note 33 33 00 (Civil & Site): (¶3.03; p.446 — Verified),"Requirement sentence taken verbatim from the note; Subtype, Timing, Acceptance and Responsible Party parsed from it by keyword (Merge, Inferred — check against the cited ¶). Linked Ledger rows: 3 (flag Y and section cited; linkage Inferred)."
SUB 33 41 00-01,Submittal,"Covers new storm sewer pipe, catch basins, roof drains and retaining wall drainage; submittals are catch basins with frames, grates and lids, and storm and roof drain piping and accessories",General submittal,Not stated,n/a — submittal,Contractor (submits per 01 33 00 — Inferred),33 41 00,C2.2; C2.1; C2.3; C2.4; C0.3; C2.1 (KN 7); C2.3 (SD-3); C2.3 (plan and profile); C2.1 (KN 3),"SD-1; PROPOSED-4in roof drain at SD-1; SDCB #5; SDCB #8; SDCB #9; SDCB #7; SDCB #10; SDCB #2; SDCB #3; SDCB #4; SDCB #6; SDCB #1; SD-2; SD-3; PROPOSED-4in roof drain connections (SD-2, SD-3)",1,"Add. 4 p.2, ¶2.02 — Add. 4 governs",Civil & Site,Inferred,"Project_Wiki.md note 33 41 00 (Civil & Site): (¶1.01, ¶1.03; main spec p.447 — Verified)","Requirement sentence taken verbatim from the note; Subtype, Timing, Acceptance and Responsible Party parsed from it by keyword (Merge, Inferred — check against the cited ¶). Linked Ledger rows: 15 (flag Y and section cited; linkage Inferred)."
SUB 40 05 71-01,Submittal,"Basis of design is Waterman TS-2 or equal (¶2.02 p.452); submittals per 01 33 00 are catalog data, fabrication and installation drawings, and O&M information (¶1.02 A p.451); installation follows the manufacturer's instructions and no testing is specified",Product data; O&M manual,Not stated,n/a — submittal,Contractor (submits per 01 33 00 — Inferred); also named: Manufacturer / supplier,40 05 71,G0.6; G0.7; C5.1; C5.3,PROPOSED-DIGESTER-TELESCOPING-VALVE,1,—,Process & Mechanical,Inferred,Project_Wiki.md note 40 05 71 (Process & Mechanical): (¶3.01 p.452),"Requirement sentence taken verbatim from the note; Subtype, Timing, Acceptance and Responsible Party parsed from it by keyword (Merge, Inferred — check against the cited ¶). Linked Ledger rows: 1 (flag Y and section cited; linkage Inferred)."
SUB 41 12 13-01,Submittal,"Submittals cite ""Section 01340"" and ""Section 01 30 00"" and repeat telescoping valve wording (¶1.3 A p.454; Issue 23), plus data sheets and component lists (¶1.3 B); each conveyor is shop assembled and run before shipment",Product data,Not stated,n/a — submittal,Contractor (submits per 01 33 00 — Inferred),41 12 13,C6.1,PROPOSED-SCREW-CONVEYOR; Receiving Conveyor; Inclined Conveyor,1; Equipment Alternate C,—,Process & Mechanical,Inferred,Project_Wiki.md note 41 12 13 (Process & Mechanical): (¶3.02 A p.460),"Requirement sentence taken verbatim from the note; Subtype, Timing, Acceptance and Responsible Party parsed from it by keyword (Merge, Inferred — check against the cited ¶). Linked Ledger rows: 3 (flag Y and section cited; linkage Inferred)."
SUB 43 11 00-01,Submittal,"Each blower is slip tested and run 30 minutes at maximum speed and differential, each package runs 15 minutes before shipment with a conformance certificate, the blower warranty is 60 months from shipment (other components 1 year from substantial completion), and submittals per 01 33 00 are catalog data, fabrication and installation drawings, and O&M information",Product data; Certificates / reports; O&M manual; Warranty / guarantee,Not stated,n/a — submittal,Contractor (submits per 01 33 00 — Inferred),43 11 00,C6.3; C6.4; C6.5,ESWD WWTP – Aerobic Digester Blower; ESWD WWTP – Biological Treatment System Blowers (Trains 1 – 3),1; 6,—,Process & Mechanical,Inferred,Project_Wiki.md note 43 11 00 (Process & Mechanical): (¶2.01 L–N pp.467–468; ¶1.02 A p.462),"Requirement sentence taken verbatim from the note; Subtype, Timing, Acceptance and Responsible Party parsed from it by keyword (Merge, Inferred — check against the cited ¶). Linked Ledger rows: 2 (flag Y and section cited; linkage Inferred)."
SUB 43 22 10-01,Submittal,"Submittals per 01 33 00 are catalog data, fabrication and installation drawings and O&M information (¶1.02 A p.472); one set of special tools is furnished (¶1.03 A); installation includes verifying pump rotation, and the suppliers train the Owner",Product data; O&M manual,Not stated,n/a — submittal,Contractor (submits per 01 33 00 — Inferred); also named: Owner; Manufacturer / supplier,43 22 10,G0.7; C4.2; C4.3; C6.4,PROPOSED-2W-FLOW-METER; PROPOSED-2W-PUMP-STATION-WET-WELL; PROPOSED-2W-Pump-Station-Wet-Well; PROPOSED-2W-PUMPS; PROPOSED-2W-DIAPHRAGM-TANKS; PROPOSED-YARD-HYDRANTS; PROPOSED-2W-AIR-GAP-ENCLOSURE; PROPOSED-EYE-WASH-STATIONS,1; 6,"Add. 4 p.2, ¶2.01 A — Add. 4 governs",Process & Mechanical,Inferred,Project_Wiki.md note 43 22 10 (Process & Mechanical): (¶3.01–3.02 p.475),"Requirement sentence taken verbatim from the note; Subtype, Timing, Acceptance and Responsible Party parsed from it by keyword (Merge, Inferred — check against the cited ¶). Linked Ledger rows: 7 (flag Y and section cited; linkage Inferred)."
SUB 45 05 00-01,Submittal,"Covers furnishing and installing the valves in the plant piping systems, complete with operators, with submittals per 01 33 00 and NSF 61 materials for potable water",General submittal,Not stated,n/a — submittal,Contractor (submits per 01 33 00 — Inferred),45 05 00,C4.1; C6.3; C6.5,PROPOSED-IPS-CHECK-VALVES; PROPOSED-IPS-GATE-VALVES; PROPOSED-AIR-BUTTERFLY-VALVES,1,—,Process & Mechanical,Inferred,Project_Wiki.md note 45 05 00 (Process & Mechanical): (¶1.01–2.01 p.476),"Requirement sentence taken verbatim from the note; Subtype, Timing, Acceptance and Responsible Party parsed from it by keyword (Merge, Inferred — check against the cited ¶). Linked Ledger rows: 3 (flag Y and section cited; linkage Inferred)."
SUB 45 05 00-02,Submittal,"Every shut-off or control valve gets a 1-1/2"" stainless tag with its ID ""as listed on the valve schedule"", a submitted valve directory, and a label marker in a concrete pad per the plans and valve schedule (¶2.015–2.016 p.479); no valve schedule is in the P&M stack",General submittal,Not stated,n/a — submittal,Contractor (submits per 01 33 00 — Inferred),45 05 00,C4.1; C6.3; C6.5,PROPOSED-IPS-CHECK-VALVES; PROPOSED-IPS-GATE-VALVES; PROPOSED-AIR-BUTTERFLY-VALVES,1,—,Process & Mechanical,Inferred,Project_Wiki.md note 45 05 00 (Process & Mechanical): (cross-lane item),"Requirement sentence taken verbatim from the note; Subtype, Timing, Acceptance and Responsible Party parsed from it by keyword (Merge, Inferred — check against the cited ¶). Linked Ledger rows: 3 (flag Y and section cited; linkage Inferred)."
SUB 45 05 00-03,Submittal,"Installation sets stem orientation by pipe centerline height (4'-6"") and requires watertight joints, and valves are tested with the adjacent pipeline, with a manufacturer affidavit on request",Certificates / reports,Not stated,n/a — submittal,Contractor (submits per 01 33 00 — Inferred); also named: Manufacturer / supplier,45 05 00,C4.1; C6.3; C6.5,PROPOSED-IPS-CHECK-VALVES; PROPOSED-IPS-GATE-VALVES; PROPOSED-AIR-BUTTERFLY-VALVES,1,—,Process & Mechanical,Inferred,Project_Wiki.md note 45 05 00 (Process & Mechanical): (¶3.01–3.02 pp.479–480),"Requirement sentence taken verbatim from the note; Subtype, Timing, Acceptance and Responsible Party parsed from it by keyword (Merge, Inferred — check against the cited ¶). Linked Ledger rows: 3 (flag Y and section cited; linkage Inferred)."
SUB 46 33 33-01,Submittal,"The materials list names Fournier Industries (frame, brackets), Watson-Marlow (dosing pump), Koflo (static mixer), Watts (regulator), Festo (proportional valve), Hoffman (10×10×8 junction box) and McMaster (valves, strainer, gauges, hose), with one metering pump head kit as the spare (items 6.0–7.0 pp.482–483); p.484 carries no text. Submittals cite ""Section 01340"" with telescoping-valve wording (¶1.02 A p.481; Issue 29), installation follows the manufacturer's instructions with no testing specified (¶3.01 p.485), and the liquid system conflicts with C6.1's ""dry polymer mix unit"" label",General submittal,Not stated,n/a — submittal,Contractor (submits per 01 33 00 — Inferred); also named: Manufacturer / supplier,46 33 33,C6.1,PROPOSED-POLYMER-SYSTEM; PROPOSED-RFP-POLYMER-FLOWMETER,1; Equipment Alternate C,—,Process & Mechanical,Inferred,Project_Wiki.md note 46 33 33 (Process & Mechanical): (Issue 16),"Requirement sentence taken verbatim from the note; Subtype, Timing, Acceptance and Responsible Party parsed from it by keyword (Merge, Inferred — check against the cited ¶). Linked Ledger rows: 2 (flag Y and section cited; linkage Inferred)."
SUB 46 41 23-01,Submittal,"Mixers are at most 5 HP nameplate, 460 V 3-phase, with 316 Ti stainless propeller (EverClean blades), shaft, housing and frame, a duplex stainless casing cover, silicon carbide double mechanical seals in an oil chamber, a plug-and-receptacle power cable with resin-sealed entry, three PTC thermal switches and a moisture detector, bearings over 100,000 hours B10, maintenance intervals of at least 16,000 hours or 2 years, and 10 starts per hour",Calculations / sealed design,Not stated,n/a — submittal,Contractor (submits per 01 33 00 — Inferred),46 41 23,G0.7; C3.3; C3.4,PROPOSED-TRAIN-3-ANOXIC-MIXERS; PROPOSED-TRAIN-3-DAVIT-CRANES,1; 18 — Unresolved (see 04); 19; Equipment Alternate B,—,Process & Mechanical,Inferred,"Project_Wiki.md note 46 41 23 (Process & Mechanical): (¶2.01 A–B, F pp.486–489)","Requirement sentence taken verbatim from the note; Subtype, Timing, Acceptance and Responsible Party parsed from it by keyword (Merge, Inferred — check against the cited ¶). Linked Ledger rows: 2 (flag Y and section cited; linkage Inferred)."
SUB 46 41 23-02,Submittal,"Controls follow 26 80 00 ¶3.09 B (¶2.02 p.489); submittals per 01 33 00 are catalog data with wiring diagrams and O&M information (¶1.02 A p.486); the contractor gives a 1-year parts-and-labor extended warranty (¶1.03 A); three sets of wear parts are furnished (¶2.03); and testing covers factory checks (balance, leakage, electrical, insulation, no-load rotation), field testing after installation, 2 days of start-up and 1 day of training",Shop drawings; Product data; O&M manual; Warranty / guarantee,Not stated,n/a — submittal,Contractor (submits per 01 33 00 — Inferred),46 41 23,G0.7; C3.3; C3.4,PROPOSED-TRAIN-3-ANOXIC-MIXERS; PROPOSED-TRAIN-3-DAVIT-CRANES,1; 18 — Unresolved (see 04); 19; Equipment Alternate B,—,Process & Mechanical,Inferred,Project_Wiki.md note 46 41 23 (Process & Mechanical): (¶2.04 p.489; ¶3.01 B–3.02 p.490),"Requirement sentence taken verbatim from the note; Subtype, Timing, Acceptance and Responsible Party parsed from it by keyword (Merge, Inferred — check against the cited ¶). Linked Ledger rows: 2 (flag Y and section cited; linkage Inferred)."
SUB 46 51 21-01,Submittal,"Submittals per 01 33 00 are catalog data, fabrication and installation drawings coordinated with piping connections, and O&M information (¶1.02 A p.491); the contractor supplies tees, supports and fittings, installation follows the manufacturer's instructions, and no testing is specified",Product data; O&M manual,Not stated,n/a — submittal,Contractor (submits per 01 33 00 — Inferred); also named: Contractor; Manufacturer / supplier,46 51 21,G0.7; C5.1; C5.2; C5.3,PROPOSED-DIGESTER-DIFFUSERS,1,—,Process & Mechanical,Inferred,Project_Wiki.md note 46 51 21 (Process & Mechanical): (¶3.01 p.491),"Requirement sentence taken verbatim from the note; Subtype, Timing, Acceptance and Responsible Party parsed from it by keyword (Merge, Inferred — check against the cited ¶). Linked Ledger rows: 1 (flag Y and section cited; linkage Inferred)."
SUB 46 53 00-01,Submittal,"Specifies Train 3 (""3rd Train"") as a single bullseye multistage anoxic/aerobic activated sludge system, basis of design Smith & Loveless Model R Oxigest, with the in-basin aeration system, mixers, clarifier equipment, instrumentation and controls supplied and guaranteed by one manufacturer (¶1.01 A p.492; ¶1.03 A p.493); this section's valves, equipment, materials and controls supersede other specifications (¶1.03 F p.493), and alternate systems are bid as an Equipment Alternate with a submittal package",Warranty / guarantee,Not stated,n/a — submittal,Contractor (submits per 01 33 00 — Inferred); also named: Manufacturer / supplier,46 53 00,C3.3; E3.1; E7.6; E6.3; G0.5; G0.6; G0.7; C3.4; C3.5,DO #1; DO-1; DO #2; DO-2; PROPOSED-TRAIN-3-TREATMENT-SYSTEM; PROPOSED-TRAIN-3-INNER-WALLS; PROPOSED-TRAIN-3-CLARIFIER-MECHANISM; PROPOSED-TRAIN-3-WALKWAYS-AND-LADDER; PROPOSED-TRAIN-3-AERATION-DIFFUSERS; PROPOSED-TRAIN-3-ANOXIC-MIXERS; PROPOSED-TRAIN-3-RAS-AIRLIFT; PROPOSED-TRAIN-3-MLR-AIRLIFT; PROPOSED-CARBON-FEED-PUMPS; PROPOSED-TRAIN-3-CONTROL-PANEL,1; 6; 18 — Unresolved (see 04); 19; Equipment Alternate B,—,Process & Mechanical,Inferred,"Project_Wiki.md note 46 53 00 (Process & Mechanical): (¶1.03 E, ¶1.04 p.493)","Requirement sentence taken verbatim from the note; Subtype, Timing, Acceptance and Responsible Party parsed from it by keyword (Merge, Inferred — check against the cited ¶). Linked Ledger rows: 12 (flag Y and section cited; linkage Inferred)."
SUB 46 53 00-02,Submittal,"Design influent is 63,333 gpd average to 178 gpm peak hour, with effluent BOD5 and TSS 30 mg/L and TIN 8 mg/L (¶1.02 p.492); the supplier gives a 2-year process performance guarantee with the equipment submittal and a 12-month mechanical guarantee from Substantial Completion",Warranty / guarantee,with the equipment submittal,n/a — submittal,Contractor (submits per 01 33 00 — Inferred); also named: Manufacturer / supplier,46 53 00,C3.3; E3.1; E7.6; E6.3; G0.5; G0.6; G0.7; C3.4; C3.5,DO #1; DO-1; DO #2; DO-2; PROPOSED-TRAIN-3-TREATMENT-SYSTEM; PROPOSED-TRAIN-3-INNER-WALLS; PROPOSED-TRAIN-3-CLARIFIER-MECHANISM; PROPOSED-TRAIN-3-WALKWAYS-AND-LADDER; PROPOSED-TRAIN-3-AERATION-DIFFUSERS; PROPOSED-TRAIN-3-ANOXIC-MIXERS; PROPOSED-TRAIN-3-RAS-AIRLIFT; PROPOSED-TRAIN-3-MLR-AIRLIFT; PROPOSED-CARBON-FEED-PUMPS; PROPOSED-TRAIN-3-CONTROL-PANEL,1; 6; 18 — Unresolved (see 04); 19; Equipment Alternate B,—,Process & Mechanical,Inferred,"Project_Wiki.md note 46 53 00 (Process & Mechanical): (¶1.05 A, C p.494)","Requirement sentence taken verbatim from the note; Subtype, Timing, Acceptance and Responsible Party parsed from it by keyword (Merge, Inferred — check against the cited ¶). Linked Ledger rows: 12 (flag Y and section cited; linkage Inferred)."
SUB 46 66 00-01,Submittal,"Two open-channel, gravity-flow, low-pressure high-intensity UV systems, each able to disinfect alone at max day 0.46 MGD, max month 0.22 MGD and minimum 0.03 MGD with TSS up to 30 mg/L, 33–85°F and UVT of at least 50% at 253.7 nm, to 200 FC/100 mL monthly and 400 FC/100 mL weekly geometric means, guaranteed regardless of influent count",Warranty / guarantee,weekly; monthly,n/a — submittal,Contractor (submits per 01 33 00 — Inferred),46 66 00,G0.5; G0.6; G0.7; C5.1; C5.2; C5.3; C5.4,PROPOSED-UV-SYSTEM; PROPOSED-UV-CONTROL-PANELS; PROPOSED-UV-INTENSITY-SENSORS,1; Equipment Alternate D,—,Process & Mechanical,Inferred,Project_Wiki.md note 46 66 00 (Process & Mechanical): (¶1.01 A p.502; design criteria pp.502–503),"Requirement sentence taken verbatim from the note; Subtype, Timing, Acceptance and Responsible Party parsed from it by keyword (Merge, Inferred — check against the cited ¶). Linked Ledger rows: 3 (flag Y and section cited; linkage Inferred)."
SUB 46 66 00-02,Submittal,"Arrangement: 4 lamps per module, 6 modules per bank, 2 banks, 48 lamps (12 modules), in stainless channels furnished with the system, delivering at least 30,000 µWs/cm² (30 mJ/cm²) at 50% UVT after sleeve, fouling and aging reductions, proven by an independent bioassay to EPA/625/1-86/021, for outdoor installation without shelter (pp.503–504); basis is Trojan UV3000 PTP (base bid), with alternates bid as an Equipment Alternate and needing 500 North American installations, a bioassay and a 5-year guarantee",Warranty / guarantee,Not stated,n/a — submittal,Contractor (submits per 01 33 00 — Inferred),46 66 00,G0.5; G0.6; G0.7; C5.1; C5.2; C5.3; C5.4,PROPOSED-UV-SYSTEM; PROPOSED-UV-CONTROL-PANELS; PROPOSED-UV-INTENSITY-SENSORS,1; Equipment Alternate D,—,Process & Mechanical,Inferred,Project_Wiki.md note 46 66 00 (Process & Mechanical): (¶1.03 A p.502; Part 2 A p.504),"Requirement sentence taken verbatim from the note; Subtype, Timing, Acceptance and Responsible Party parsed from it by keyword (Merge, Inferred — check against the cited ¶). Linked Ledger rows: 3 (flag Y and section cited; linkage Inferred)."
SUB 46 66 00-03,Submittal,"Construction: 316 SS or quartz in contact with effluent; modules about 68""×20""×2.8"", 38 lb, Type 6P, with electronic ballasts, 10-ft 120 V plug cords and LED lamp status; low-pressure slimline hot-cathode lamps warranted 12,000 hours non-prorated; Type 214 quartz sleeves; per-unit effluent channel with drain, module rack and downstream level control weir holding about 12"" depth within 1.5"" from zero to peak flow; two inlet and two outlet 304 SS transition boxes; a 304 SS maintenance rack; maximum draw 2,100 W at 120 V",Warranty / guarantee,Not stated,n/a — submittal,Contractor (submits per 01 33 00 — Inferred),46 66 00,G0.5; G0.6; G0.7; C5.1; C5.2; C5.3; C5.4,PROPOSED-UV-SYSTEM; PROPOSED-UV-CONTROL-PANELS; PROPOSED-UV-INTENSITY-SENSORS,1; Equipment Alternate D,—,Process & Mechanical,Inferred,Project_Wiki.md note 46 66 00 (Process & Mechanical): (pp.505–507),"Requirement sentence taken verbatim from the note; Subtype, Timing, Acceptance and Responsible Party parsed from it by keyword (Merge, Inferred — check against the cited ¶). Linked Ledger rows: 3 (flag Y and section cited; linkage Inferred)."
SUB 46 66 00-04,Submittal,"Monitoring: two submersible UV intensity sensors (one per bank, 10-year warranty), intensity and lamp-age displays and a low-UV dry contact in a fiberglass Type 4X wall panel less than 12 ft from the module LED end, plus GFCI duplex PDRs by the UV manufacturer, with the contractor supplying a 120 V circuit of about 19.2 A and a separate 120 V 5 A monitoring supply",Warranty / guarantee,Not stated,n/a — submittal,Contractor (submits per 01 33 00 — Inferred); also named: Contractor; Manufacturer / supplier,46 66 00,G0.5; G0.6; G0.7; C5.1; C5.2; C5.3; C5.4,PROPOSED-UV-SYSTEM; PROPOSED-UV-CONTROL-PANELS; PROPOSED-UV-INTENSITY-SENSORS,1; Equipment Alternate D,—,Process & Mechanical,Inferred,Project_Wiki.md note 46 66 00 (Process & Mechanical): (pp.506–507),"Requirement sentence taken verbatim from the note; Subtype, Timing, Acceptance and Responsible Party parsed from it by keyword (Merge, Inferred — check against the cited ¶). Linked Ledger rows: 3 (flag Y and section cited; linkage Inferred)."
SUB 46 66 00-05,Submittal,"Submittals include shop drawings, electrical schematics, hydraulic calculations, bioassay and dose calculations and a lifetime performance guarantee (¶1.04 pp.503–504); equipment warranty is 12 months from substantial completion (¶1.05 p.504); spares are 4 lamps, 4 sleeves, 4 seals and an operator kit per bank (p.507); and the manufacturer provides 2 days of start-up and field testing and 1 day of training",Shop drawings; Calculations / sealed design; Warranty / guarantee,Not stated,n/a — submittal,Contractor (submits per 01 33 00 — Inferred); also named: Manufacturer / supplier,46 66 00,G0.5; G0.6; G0.7; C5.1; C5.2; C5.3; C5.4,PROPOSED-UV-SYSTEM; PROPOSED-UV-CONTROL-PANELS; PROPOSED-UV-INTENSITY-SENSORS,1; Equipment Alternate D,—,Process & Mechanical,Inferred,Project_Wiki.md note 46 66 00 (Process & Mechanical): (¶3.02 p.508),"Requirement sentence taken verbatim from the note; Subtype, Timing, Acceptance and Responsible Party parsed from it by keyword (Merge, Inferred — check against the cited ¶). Linked Ledger rows: 3 (flag Y and section cited; linkage Inferred)."
SUB 46 66 10-01,Submittal,"Submittals per 01 33 00 are catalog data with wiring diagrams and O&M information (¶1.02 A); the contractor gives a 1-year parts-and-labor extended warranty (¶1.03 A); and the manufacturer provides installation certification, 1 day of start-up and field testing and 1 day of operator training",Shop drawings; Product data; Certificates / reports; O&M manual; Warranty / guarantee,Not stated,n/a — submittal,Contractor (submits per 01 33 00 — Inferred); also named: Contractor; Manufacturer / supplier,46 66 10,,PROPOSED-UV-TRANSMISSIVITY-ANALYZER,1,—,Process & Mechanical,Inferred,Project_Wiki.md note 46 66 10 (Process & Mechanical): (¶3.01),"Requirement sentence taken verbatim from the note; Subtype, Timing, Acceptance and Responsible Party parsed from it by keyword (Merge, Inferred — check against the cited ¶). Linked Ledger rows: 1 (flag Y and section cited; linkage Inferred)."
SUB 46 76 26-01,Submittal,"Submittals cover certified shop and erection drawings, electrical schematics and I/O diagrams, bills of material, spare parts lists and a detailed O&M manual (¶5.0–5.2 pp.527–530); the warranty is 1 year non-prorated from substantial completion (¶6.1 pp.530–531); there is no field start-up, field testing or training paragraph (Issue 37); and ¶1.1 cites ""Section 22 13 16"" for both the screw conveyor and the sludge pump",Certificates / reports; O&M manual; Warranty / guarantee,Not stated,n/a — submittal,Contractor (submits per 01 33 00 — Inferred),46 76 26,G0.5; C6.2; G0.6; G0.7; C6.1,PROPOSED-DIGESTED-SLUDGE-FLOW-METER; PROPOSED-ROTARY-FAN-PRESS; PROPOSED-RFP-FLOCCULATOR; PROPOSED-RFP-SLUDGE-MANIFOLD; PROPOSED-RFP-CAKE-CHUTE; PROPOSED-RFP-AIR-COMPRESSOR; PROPOSED-RFP-CONTROL-PANEL; PROPOSED-POLYMER-SYSTEM; PROPOSED-SCREW-CONVEYOR; PROPOSED-DIGESTED-SLUDGE-PUMP; Receiving Conveyor; Inclined Conveyor; PROPOSED-RFP-POLYMER-FLOWMETER; PROPOSED-RFP-INLET-PRESSURE-TRANSMITTER,1; 6; Equipment Alternate C,—,Process & Mechanical,Inferred,Project_Wiki.md note 46 76 26 (Process & Mechanical): (Issue 35),"Requirement sentence taken verbatim from the note; Subtype, Timing, Acceptance and Responsible Party parsed from it by keyword (Merge, Inferred — check against the cited ¶). Linked Ledger rows: 14 (flag Y and section cited; linkage Inferred)."
SUB Appendix I-01,Submittal,"Lists six CDBG documents: Attachment 7-A (bound as Section 00 54 00, which carries the ""Attachment 7-A(1)"" label), 7-B Section 3 Labor Hours Summary Form, 7-C Contract and Subcontract Activity (HUD-2516), 8-B Notification of Contract Award and Start of Construction, 8-C Labor Standards Compliance Report, and 8-D Authorization to Sign Certified Payrolls",Certificates / reports,Not stated,n/a — submittal,Contractor (submits per 01 33 00 — Inferred),Appendix I,,None linked,Not stated,—,Contract & General,Verified,Project_Wiki.md note Appendix I (Contract & General): (p.640; 00 54 00 p.66; Verified),"Requirement sentence taken verbatim from the note; Subtype, Timing, Acceptance and Responsible Party parsed from it by keyword (Merge, Inferred — check against the cited ¶). Linked Ledger rows: 0 (flag Y and section cited; linkage Inferred)."
SUB Appendix I-02,Submittal,"8-C (June 2021) reports restitution of $10 to $999.99, larger amounts going to the CDBG project manager; 8-D must be signed before, and submitted with, the first certified payroll",Certificates / reports,Not stated,n/a — submittal,Contractor (submits per 01 33 00 — Inferred),Appendix I,,None linked,Not stated,—,Contract & General,Verified,Project_Wiki.md note Appendix I (Contract & General): (pp.644–645; Verified),"Requirement sentence taken verbatim from the note; Subtype, Timing, Acceptance and Responsible Party parsed from it by keyword (Merge, Inferred — check against the cited ¶). Linked Ledger rows: 0 (flag Y and section cited; linkage Inferred)."
SUB 01 45 00-00,Submittal,Requirement flagged on 5 Ledger row(s) citing 01 45 00; the Wiki note does not summarize it,Not stated,Not stated,Not stated,Not stated,01 45 00,C4.2; C6.4; C6.5; A1.1; A1.2; A1.3; S1.1; S2.3,PROPOSED-2W-PUMP-STATION-WET-WELL; PROPOSED-2W-Pump-Station-Wet-Well; PROPOSED-BLOWER-BUILDING; PROPOSED-Blower-Building; PROPOSED-Sludge-Pumps; PROPOSED-Submersible-Pump-Equipment; PROPOSED-Train-3-Biological-Treatment-Equipment,1; 18 — Unresolved (see 04); 19; Equipment Alternate A; Equipment Alternate B,—,Process & Mechanical; Contract & General; Process & Mechanical; Structural & Building; Contract & General; Contract & General,Unresolved,Ledger evidence: flag only — no paragraph cited in the rows,Gap row: Ledger says a requirement exists but the Wiki note carries no requirement sentence. Needed: the section's requirement paragraphs captured as Requirements rows at crawl time.
SUB 01 50 00-00,Submittal,Requirement flagged on 2 Ledger row(s) citing 01 50 00; the Wiki note does not summarize it,Not stated,Not stated,Not stated,Not stated,01 50 00,C4.2,PROPOSED-2W-PUMP-STATION-WET-WELL; PROPOSED-2W-Pump-Station-Wet-Well; PROPOSED-Bypass-Pumping-System,1,—,Process & Mechanical; Contract & General; Contract & General,Unresolved,Ledger evidence: flag only — no paragraph cited in the rows,Gap row: Ledger says a requirement exists but the Wiki note carries no requirement sentence. Needed: the section's requirement paragraphs captured as Requirements rows at crawl time.
SUB 08 10 00-00,Submittal,Requirement flagged on 3 Ledger row(s) citing 08 10 00; the Wiki note does not summarize it,Not stated,Not stated,Not stated,Not stated,08 10 00,A1.1; A1.2,101A; 101B; 101C,1,—,Structural & Building,Unresolved,Ledger evidence: flag only — no paragraph cited in the rows,Gap row: Ledger says a requirement exists but the Wiki note carries no requirement sentence. Needed: the section's requirement paragraphs captured as Requirements rows at crawl time.
SUB 26 80 00-00,Submittal,Requirement flagged on 30 Ledger row(s) citing 26 80 00; the Wiki note does not summarize it,Not stated,Not stated,Not stated,Not stated,26 80 00,G0.5; G0.7; E4.1; E6.3; E7.0; E8.1; E10.2; C3.3; E3.1; E7.6; E2.1; E2.2; E6.2; E7.1; E7.2; E7.3; E7.4; E7.5; E7.7; A1.1; E0.3; E4.2; E8.3; E10.1; E8.5 (+8 more),PROPOSED-PLANT-DRAIN-FLOW-METER; PROPOSED-Plant-Drain-Flow-Meter; DO #1; DO-1; DO #2; DO-2; MCP; PROPOSED-Blower-Building-Smoke-Heat-Detector; PROPOSED-Blower-Building-Door-Intrusion-Switch; PROPOSED-2W-Pressure-Transducer; PROPOSED-SCADA-Computer-System; F1 (Influent Pump Station); F2 (Influent Pump Station); F3 (Influent Pump Station); F4 (Influent Pump Station); LT (Influent Pump Station); IPS; PROPOSED-Influent-Flow-Meter; PROPOSED-Plant-2-Flow-Meter; PROPOSED-Plant-3-Flow-Meter; PROPOSED-WAS-Dewatering-Flow-Meter; PROPOSED-Effluent-Flow-Meter; PROPOSED-Effluent-Flow-Meter-Transmitter-Panel; PROPOSED-2W-Flow-Meter; PROPOSED-Treatment-Building-Ventilation-Control-Panel; PROPOSED-Methane-Sensor; PROPOSED-H2S-Sensor; PROPOSED-Gas-Alarm-Light-and-Horn; LSH-111; F2 (2W Pump Station); F3 (2W Pump Station); LSL-111; PROPOSED-Digester-Level-Transducer,1; 6; 18 — Unresolved (see 04); 19; Equipment Alternate B,"Add. 4 p.2, ¶2.04 D — Add. 4 governs",Process & Mechanical; Electrical & Controls; Electrical & Controls; Structural & Building; Electrical & Controls,Unresolved,Ledger evidence: Submittal: 26 80 00 ¶1.06 p.356 (hardware submittals before fabrication;,Gap row: Ledger says a requirement exists but the Wiki note carries no requirement sentence. Needed: the section's requirement paragraphs captured as Requirements rows at crawl time.
SUB 33 31 00-00,Submittal,Requirement flagged on 23 Ledger row(s) citing 33 31 00; the Wiki note does not summarize it,Not stated,Not stated,Not stated,Not stated,33 31 00,C1.3 (Add. 4 p.7); C1.6A (Add. 4 p.8); C7.10; C7.1 (Det. 1); C7.5 (Det. 1); C7.1 (Det. 5),Pipe ID 2; Pipe ID 3; Pipe ID 5; Pipe ID 6; Pipe ID 7; Pipe ID 8; Pipe ID 10; Pipe ID 11; Pipe ID 13; Pipe ID 14; Pipe ID 15; Pipe ID 16; Pipe ID 17; Pipe ID 18; Pipe ID 19; Pipe ID 20; Pipe ID 21; Pipe ID 22; Pipe ID 23; Pipe ID 24; Pipe ID 25; Pipe ID 26; PROPOSED-Gravity sewer cleanouts,1,—,Civil & Site,Unresolved,Ledger evidence: flag only — no paragraph cited in the rows,Gap row: Ledger says a requirement exists but the Wiki note carries no requirement sentence. Needed: the section's requirement paragraphs captured as Requirements rows at crawl time.
SUB 46 12 13-00,Submittal,Requirement flagged on 1 Ledger row(s) citing 46 12 13; the Wiki note does not summarize it — section not in the 02 index,Not stated,Not stated,Not stated,Not stated,46 12 13,C6.1,PROPOSED-SCREW-CONVEYOR,1; Equipment Alternate C,—,Process & Mechanical,Unresolved,Ledger evidence: flag only — no paragraph cited in the rows,Gap row: Ledger says a requirement exists but the Wiki note carries no requirement sentence. Needed: the section's requirement paragraphs captured as Requirements rows at crawl time.
