CWP,CWP Name,Tag,Item,Area/Building,Work type,Schedule activity ID,Schedule activity,Planned start,Planned finish,Submittal approve-by,Submittal req,Testing req,Submittal approved,On site / ready,Installed / removed,Tested / inspected,Turned over / closed,Weight,Remarks,Submittal lines,ITP lines,Also tracked as (same item),Open exceptions,Ledger tag level,Bid item,Drawing sheets,Spec sections,Wiki note(s),Lane
CWP 01,General Requirements & Temporary Works,PROPOSED-Off-site staging area,"Contractor staging area off Mt Baker Road, with vehicle path to the project site",Site (off-site staging),Temporary,01-C02,General Requirements & Temporary Works — Temporary facilities and controls,2023-03-15,2024-10-16,2023-03-14,N,N,,,,,,1,,0,0,,,Inferred,1,C0.6,,C0.6,Civil & Site
CWP 01,General Requirements & Temporary Works,PROPOSED-Temporary construction sign,"Temporary construction sign, 4 x 8 ft plywood, Ecology and CDBG Commerce requirements",Site,Temporary,01-C02,General Requirements & Temporary Works — Temporary facilities and controls,2023-03-15,2024-10-16,2023-03-14,Y,N,,,,,,1,,1,0,PROPOSED-Funding-Recognition-Sign (Contract & General),#72,Inferred,1,—,15 08 13,15 08 13,Civil & Site
CWP 01,General Requirements & Temporary Works,PROPOSED-Funding-Recognition-Sign,Funding recognition sign (Ecology financial assistance),Site,Temporary,01-C02,General Requirements & Temporary Works — Temporary facilities and controls,2023-03-15,2024-10-16,2023-03-14,N,N,,,,,,1,,0,0,PROPOSED-Temporary construction sign (Civil & Site),"#72, #250",Inferred,1,,00 53 00,00 53 00,Contract & General
CWP 01,General Requirements & Temporary Works,PROPOSED-Temporary-Barriers,"Temporary barriers at openings and hazards (fencing, railing, barricades, steel plates, with warning signs or lights)",Site,Temporary,01-C02,General Requirements & Temporary Works — Temporary facilities and controls,2023-03-15,2024-10-16,2023-03-14,N,N,,,,,,1,,0,0,,,Inferred,1,,00 73 00; 01 50 00,00 73 00; 01 50 00,Contract & General
CWP 01,General Requirements & Temporary Works,PROPOSED-Temporary-Pump-and-Process-Equipment,Temporary pump and process equipment (removed at Final Completion),Not stated,Temporary,01-C02,General Requirements & Temporary Works — Temporary facilities and controls,2023-03-15,2024-10-16,2023-03-14,N,N,,,,,,1,,0,0,,#251,Inferred,1,,00 73 00; 01 50 00; 01 70 00,00 73 00; 01 50 00; 01 70 00,Contract & General
CWP 01,General Requirements & Temporary Works,PROPOSED-Contractor-Field-Office,Contractor's field office (optional),Site,Temporary,01-C02,General Requirements & Temporary Works — Temporary facilities and controls,2023-03-15,2024-10-16,2023-03-14,N,N,,,,,,1,,0,0,,,Unresolved,1,,01 50 00; 01 31 00,01 50 00; 01 31 00; CQA Plan,Contract & General
CWP 01,General Requirements & Temporary Works,PROPOSED-Temporary-Construction-Water-Connection,Temporary metered construction water connection with backflow preventer (if agreed),Site,Temporary,01-C02,General Requirements & Temporary Works — Temporary facilities and controls,2023-03-15,2024-10-16,2023-03-14,N,N,,,,,,1,,0,0,,,Unresolved,1,,01 50 00,01 50 00,Contract & General
CWP 01,General Requirements & Temporary Works,PROPOSED-Temporary-Sanitary-Facilities,Temporary restrooms (contract service allowed),Site,Temporary,01-C02,General Requirements & Temporary Works — Temporary facilities and controls,2023-03-15,2024-10-16,2023-03-14,N,N,,,,,,1,,0,0,,,Unresolved,1,,01 50 00,01 50 00,Contract & General
CWP 01,General Requirements & Temporary Works,PROPOSED-Temporary bypass pumping system,"Temporary bypass pumping, piping, holding tanks and storage",Site,Temporary,01-C01,General Requirements & Temporary Works — Temporary bypass and interim effluent piping,2023-04-01,2023-10-11,2023-03-14,N,N,,,,,,1,,0,0,PROPOSED-Temporary-Bypass-Pipe (Contract & General); PROPOSED-Temporary-Bypass-Alarm-Monitoring (Contract & General); PROPOSED-Bypass-Pumping-System (Contract & General),#68,Inferred,1,G0.3; C0.5,,G0.3; C0.5; Appendix F,Civil & Site
CWP 01,General Requirements & Temporary Works,PROPOSED-Temporary-Bypass-Pipe,Temporary bypass pipe (chlorine contact tank outlet to 8-inch plant outlet),Site,Temporary,01-C01,General Requirements & Temporary Works — Temporary bypass and interim effluent piping,2023-04-01,2023-10-11,2023-03-14,N,N,,,,,,1,,0,0,PROPOSED-Temporary bypass pumping system (Civil & Site),"#68, #250",Inferred,1,,00 31 13,00 31 13,Contract & General
CWP 01,General Requirements & Temporary Works,PROPOSED-Bypass-Pumping-System,Bypass pumping systems (influent and effluent) for WWTP shutdowns,Site,Temporary,01-C01,General Requirements & Temporary Works — Temporary bypass and interim effluent piping,2023-04-01,2023-10-11,2023-03-14,Y,N,,,,,,1,,6,0,PROPOSED-Temporary bypass pumping system (Civil & Site),"#68, #250, #251",Inferred,1,,01 33 00; 01 50 00,01 33 00; 01 50 00,Contract & General
CWP 01,General Requirements & Temporary Works,PROPOSED-Temporary-Bypass-Alarm-Monitoring,Temporary bypass alarm and status monitoring (cellular notification; wired to the existing WWTP control system),Not stated,Temporary,01-C01,General Requirements & Temporary Works — Temporary bypass and interim effluent piping,2023-04-01,2023-10-11,2023-03-14,N,N,,,,,,1,,0,0,PROPOSED-Temporary bypass pumping system (Civil & Site),"#68, #253",Inferred,1,,01 50 00,01 50 00,Contract & General
CWP 02,Demolition & Existing Conditions,PROPOSED-Existing 8in effluent outfall pipe,"Existing 8-inch effluent (outfall) pipe, 40 LF — abandon and remove",Site,Remove,02-C02,Demolition & Existing Conditions — Site demolition ahead of new work,2023-04-01,2023-05-31,2023-03-31,N,N,,,,,,1,,0,0,,,Inferred,1,C0.5 (KN 1); C0.7 (cited),02 41 00,C0.5; 02 41 00,Civil & Site
CWP 02,Demolition & Existing Conditions,PROPOSED-Existing 4in roof drain pipe,"Existing 4-inch roof drain pipe, 40 LF — abandon and remove",Site,Remove,02-C02,Demolition & Existing Conditions — Site demolition ahead of new work,2023-04-01,2023-05-31,2023-03-31,N,N,,,,,,1,,0,0,,,Inferred,1,C0.5 (KN 2),02 41 00,C0.5; 02 41 00,Civil & Site
CWP 02,Demolition & Existing Conditions,SSMH 1286,Existing sump pump station (sewage pump) — remove,Site,Remove,02-C02,Demolition & Existing Conditions — Site demolition ahead of new work,2023-04-01,2023-05-31,2023-03-31,N,N,,,,,,1,,0,0,,,Inferred,1,"C0.5 (KN 3, 5); C0.1",02 41 00,C0.5; C0.1; 02 41 00,Civil & Site
CWP 02,Demolition & Existing Conditions,SSMH 1285,Existing septic tank — remove,Site,Remove,02-C02,Demolition & Existing Conditions — Site demolition ahead of new work,2023-04-01,2023-05-31,2023-03-31,N,N,,,,,,1,,0,0,,,Inferred,1,C0.5 (KN 4); C0.1,02 41 00,C0.5; C0.1; 02 41 00,Civil & Site
CWP 02,Demolition & Existing Conditions,PROPOSED-Existing 10in effluent outfall pipe,"Existing 10-inch effluent (outfall) pipe, 60 LF — abandon and remove",Site,Remove,02-C02,Demolition & Existing Conditions — Site demolition ahead of new work,2023-04-01,2023-05-31,2023-03-31,N,N,,,,,,1,,0,0,,,Inferred,1,C0.5 (KN 8),02 41 00,C0.5; 02 41 00,Civil & Site
CWP 02,Demolition & Existing Conditions,PROPOSED-Existing storm drain and catch basin 87 LF,"Existing storm drain, 87 LF, and catch basin — remove",Site,Remove,02-C02,Demolition & Existing Conditions — Site demolition ahead of new work,2023-04-01,2023-05-31,2023-03-31,N,N,,,,,,1,,0,0,,,Inferred,1,C0.5 (KN 9),02 41 00,C0.5; 02 41 00,Civil & Site
CWP 02,Demolition & Existing Conditions,PROPOSED-Existing 6in drain pipe to sump station,"Existing 6-inch drain pipe to sump pump station, 20 LF — abandon and remove",Site,Remove,02-C02,Demolition & Existing Conditions — Site demolition ahead of new work,2023-04-01,2023-05-31,2023-03-31,N,N,,,,,,1,,0,0,,,Inferred,1,C0.5 (KN 11),02 41 00,C0.5; 02 41 00,Civil & Site
CWP 02,Demolition & Existing Conditions,PROPOSED-Existing 1.5in sump force main,"Existing 1-1/2-inch sump pump force main, 60 LF — abandon and remove",Site,Remove,02-C02,Demolition & Existing Conditions — Site demolition ahead of new work,2023-04-01,2023-05-31,2023-03-31,N,N,,,,,,1,,0,0,,,Inferred,1,C0.5 (KN 12),02 41 00,C0.5; 02 41 00,Civil & Site
CWP 02,Demolition & Existing Conditions,PROPOSED-Existing chain link fence 149 LF,"Existing chain link fence, 149 LF — remove",Site,Remove,02-C02,Demolition & Existing Conditions — Site demolition ahead of new work,2023-04-01,2023-05-31,2023-03-31,N,N,,,,,,1,,0,0,,,Inferred,1,C0.5 (KN 16),02 41 00,C0.5; 02 41 00,Civil & Site
CWP 02,Demolition & Existing Conditions,PROPOSED-Existing storm drain at roof drain 7 ft,"Existing storm drain connected to roof drain, 7 ft — remove",Site,Remove,02-C02,Demolition & Existing Conditions — Site demolition ahead of new work,2023-04-01,2023-05-31,2023-03-31,N,N,,,,,,1,,0,0,,,Inferred,1,C0.5 (KN 17),02 41 00,C0.5; 02 41 00,Civil & Site
CWP 02,Demolition & Existing Conditions,PROPOSED-Existing retaining wall 61 LF,"Existing retaining wall, 61 LF — remove",Site,Remove,02-C02,Demolition & Existing Conditions — Site demolition ahead of new work,2023-04-01,2023-05-31,2023-03-31,N,N,,,,,,1,,0,0,,,Inferred,1,C0.5 (KN 18),02 41 00,C0.5; 02 41 00,Civil & Site
CWP 02,Demolition & Existing Conditions,PROPOSED-Existing chain link fence 119 LF,"Existing chain link fence, 119 LF — remove",Site,Remove,02-C02,Demolition & Existing Conditions — Site demolition ahead of new work,2023-04-01,2023-05-31,2023-03-31,N,N,,,,,,1,,0,0,,,Inferred,1,C0.5 (KN 20),02 41 00,C0.5; 02 41 00,Civil & Site
CWP 02,Demolition & Existing Conditions,PROPOSED-Existing 4in storm drain 8 LF,"Existing 4-inch storm drain, 8 LF — remove",Site,Remove,02-C02,Demolition & Existing Conditions — Site demolition ahead of new work,2023-04-01,2023-05-31,2023-03-31,N,N,,,,,,1,,0,0,,,Inferred,1,C0.5 (KN 21),02 41 00,C0.5; 02 41 00,Civil & Site
CWP 02,Demolition & Existing Conditions,PROPOSED-Existing 8in influent pipe,Existing 8-inch influent pipe — abandon and remove,Site,Remove,02-C02,Demolition & Existing Conditions — Site demolition ahead of new work,2023-04-01,2023-05-31,2023-03-31,N,N,,,,,,1,,0,0,PROPOSED-EXISTING-INFLUENT-PIPING-REMOVAL (Process & Mechanical),"#77, #163",Inferred,1,C0.5 (KN 24); C3.1 (cited),02 41 00,C0.5; 02 41 00,Civil & Site
CWP 02,Demolition & Existing Conditions,PROPOSED-Asphalt pavement sawcut and removal,Existing asphalt pavement — sawcut and remove (new surfacing on C2.6),Site,Remove,02-C02,Demolition & Existing Conditions — Site demolition ahead of new work,2023-04-01,2023-05-31,2023-03-31,N,N,,,,,,1,,0,0,,,Inferred,1,C0.5 (KN 25); C2.6 (cited by Add. 4); C2.1; C2.6,02 41 00; 32 12 16,C0.5; 02 41 00; 32 12 16,Civil & Site
CWP 02,Demolition & Existing Conditions,PROPOSED-Existing 8in slab over pre-aeration basin,"Existing 8-inch slab over original pre-aeration basin — saw cut, remove and dispose",Site,Remove,02-C02,Demolition & Existing Conditions — Site demolition ahead of new work,2023-04-01,2023-05-31,2023-03-31,N,N,,,,,,1,,0,0,,,Inferred,1,C0.5 (Demo Schedule 1),02 41 00,C0.5; 02 41 00,Civil & Site
CWP 02,Demolition & Existing Conditions,PROPOSED-Existing basin internal piping,"Existing internal piping in existing basin — support during fill removal, then remove",Site,Remove,02-C02,Demolition & Existing Conditions — Site demolition ahead of new work,2023-04-01,2023-05-31,2023-03-31,N,N,,,,,,1,,0,0,,,Inferred,1,C0.5 (Demo Schedule 2–3),02 41 00,C0.5; 02 41 00,Civil & Site
CWP 02,Demolition & Existing Conditions,PROPOSED-EXISTING-INFLUENT-PIPING-REMOVAL,"Existing influent piping conflicts at the splitter: dewater, abandon, remove",Influent Flow Splitter,Remove,02-C02,Demolition & Existing Conditions — Site demolition ahead of new work,2023-04-01,2023-05-31,2023-03-31,N,N,,,,,,1,,0,0,PROPOSED-Existing 8in influent pipe (Civil & Site),"#77, #143, #163",Inferred,1,C3.1,,C3.1,Process & Mechanical
CWP 02,Demolition & Existing Conditions,PROPOSED-Existing holding tanks,Existing holding tanks — remove and relocate on site per Owner,Site,Modify / connect,02-C03,"Demolition & Existing Conditions — Yard piping, vaults and site utilities",2023-04-01,2023-11-01,2023-03-31,N,N,,,,,,1,,0,0,,,Inferred,1,C0.5 (KN 15),,C0.5,Civil & Site
CWP 02,Demolition & Existing Conditions,PROPOSED-Existing Train 1 influent pipe,Existing Train 1 influent pipe — abandon and plug,Site,Modify / connect,02-C03,"Demolition & Existing Conditions — Yard piping, vaults and site utilities",2023-04-01,2023-11-01,2023-03-31,N,N,,,,,,1,,0,0,,,Inferred,1,C1.3 (Add. 4 p.7) KN 2,02 41 00,C1.3; 02 41 00,Civil & Site
CWP 02,Demolition & Existing Conditions,PROPOSED-Existing generator fuel tank and spill basin,"Existing generator fuel tank and concrete fuel spill basin — remove, restore as asphalt pavement",Site,Remove,02-C01,"Demolition & Existing Conditions — Existing generator, switchgear and fuel tank removal",2024-05-01,2024-05-31,2023-03-31,N,N,,,,,,1,,0,0,PROPOSED-Existing-Office-Louver-4x4 (Structural & Building); PROPOSED-Existing-Office-Louver-2x3 (Structural & Building); PROPOSED-Existing-Generator-Exhaust-Assembly (Structural & Building); PROPOSED-Existing-Generator-Fuel-Tank-Exhaust-Louvers (Electrical & Controls),#28,Inferred,1,C0.5 (KN 19); C0.1,02 41 00,C0.5; C0.1; 02 41 00; Appendix F,Civil & Site
CWP 03,Concrete (Cast-in-Place & Precast),PROPOSED-Blower-Building-Slab-and-Grade-Beams,Blower Building concrete slab-on-grade and grade beams,Blower Building,Install,03-C02,Concrete (Cast-in-Place & Precast) — Blower Building,2023-04-01,2023-07-31,2023-03-31,Y,Y,,,,,,1,,6,3,,,Inferred,1 (Inferred per 04),A1.1; A1.2; S1.1; S2.3; S4.1,03 30 00,A1.1; A1.2; S1.1; S2.3; 03 30 00,Structural & Building
CWP 03,Concrete (Cast-in-Place & Precast),PROPOSED-Blower-Pad,Concrete blower equipment pad carrying 4 blowers,Blower Building,Install,03-C02,Concrete (Cast-in-Place & Precast) — Blower Building,2023-04-01,2023-07-31,2023-03-31,Y,Y,,,,,,1,,5,3,,#233,Inferred,1 (Inferred per 04),A1.1; A1.3; S1.1; S2.3,03 30 00,A1.1; S1.1; S2.3; 03 30 00,Structural & Building
CWP 03,Concrete (Cast-in-Place & Precast),PROPOSED-Existing-Slab-Trench-Infill,Trench cut and concrete infill in existing slab for sub-floor sludge piping (Detail 8),Not stated (existing building per C1.6A),Install,03-C05,Concrete (Cast-in-Place & Precast) — Sludge pumps and valving,2023-04-01,2023-11-01,2023-03-31,Y,Y,,,,,,1,,3,1,PROPOSED-Existing slab coring and repair (Civil & Site),"#78, #238",Inferred,1 (Inferred per 04),S4.1,03 30 00,S4.1; 03 30 00,Structural & Building
CWP 03,Concrete (Cast-in-Place & Precast),PROPOSED-EFFLUENT-SAMPLE-SUMP,Effluent sample sump (effluent sample chamber),UV Disinfection Chamber & Digester,Install,03-C07,Concrete (Cast-in-Place & Precast) — UV chamber and digester,2023-04-01,2023-11-01,2023-03-31,N,N,,,,,,1,,0,0,,#104,Inferred,1,G0.6; C5.1; C5.2; C5.3,,G0.6; C5.1; C5.2; C5.3,Process & Mechanical
CWP 03,Concrete (Cast-in-Place & Precast),PROPOSED-UV-DIGESTER-STRUCTURE,"UV Disinfection Chamber & Digester structure, concrete, about 45 x 13 ft: UV chamber, effluent sample chamber, aerobic digester",UV Disinfection Chamber & Digester,Install,03-C07,Concrete (Cast-in-Place & Precast) — UV chamber and digester,2023-04-01,2023-11-01,2023-03-31,N,N,,,,,,1,,0,0,PROPOSED-Aerobic-Digester (Contract & General); PROPOSED-UV-Disinfection-Chamber (Contract & General); PROPOSED-UV-Disinfection-Chamber-Basin (Structural & Building); PROPOSED-Digester-Concrete-Tank (Structural & Building),#56,Unresolved,1,G0.5; G0.6; C5.1; C5.2; C5.3,,C5.1; G0.6; C5.2; C5.3,Process & Mechanical
CWP 03,Concrete (Cast-in-Place & Precast),PROPOSED-UV-Disinfection-Chamber-Basin,"UV Disinfection Chamber basin — 8 in CIP concrete walls on 12 in mat slab, with 8 in equipment support walls (4)",UV Disinfection Chamber & Digester,Install,03-C07,Concrete (Cast-in-Place & Precast) — UV chamber and digester,2023-04-01,2023-11-01,2023-03-31,Y,Y,,,,,,1,,6,2,PROPOSED-UV-DIGESTER-STRUCTURE (Process & Mechanical); PROPOSED-Aerobic-Digester (Contract & General),"#56, #234",Unresolved,1 (Inferred per 04),S2.2; S1.1; S4.1,03 30 00,S2.2; S1.1; S4.1; 03 30 00,Structural & Building
CWP 03,Concrete (Cast-in-Place & Precast),PROPOSED-Digester-Concrete-Tank,Digester — 12 in CIP concrete walls on 12 in mat slab with sloped unreinforced topping,UV Disinfection Chamber & Digester,Install,03-C07,Concrete (Cast-in-Place & Precast) — UV chamber and digester,2023-04-01,2023-11-01,2023-03-31,Y,Y,,,,,,1,,6,2,PROPOSED-UV-DIGESTER-STRUCTURE (Process & Mechanical); PROPOSED-Aerobic-Digester (Contract & General); PROPOSED-UV-Disinfection-Chamber (Contract & General),#56,Unresolved,1 (Inferred per 04),S2.2; S1.1; S4.1,03 30 00,S2.2; S1.1; S4.1; 03 30 00,Structural & Building
CWP 03,Concrete (Cast-in-Place & Precast),PROPOSED-Aerobic-Digester,Aerobic digester,UV Disinfection Chamber & Digester,Install,03-C07,Concrete (Cast-in-Place & Precast) — UV chamber and digester,2023-04-01,2023-11-01,2023-03-31,N,Y,,,,,,1,,0,6,PROPOSED-UV-DIGESTER-STRUCTURE (Process & Mechanical); PROPOSED-UV-Disinfection-Chamber-Basin (Structural & Building); PROPOSED-Digester-Concrete-Tank (Structural & Building),"#56, #251, #252",Inferred,1,,00 24 13; 00 31 13; 00 73 00; 01 45 00; 01 50 00,00 24 13; 00 31 13; 00 73 00; 01 45 00; 01 50 00; CQA Plan,Contract & General
CWP 03,Concrete (Cast-in-Place & Precast),PROPOSED-UV-Disinfection-Chamber,UV disinfection chamber (UV channels #1 and #2),UV Disinfection Chamber & Digester,Install,03-C07,Concrete (Cast-in-Place & Precast) — UV chamber and digester,2023-04-01,2023-11-01,2023-03-31,N,Y,,,,,,1,,0,4,PROPOSED-UV-DIGESTER-STRUCTURE (Process & Mechanical); PROPOSED-UV-Disinfection-Chamber-Basin (Structural & Building); PROPOSED-Digester-Concrete-Tank (Structural & Building),"#56, #252",Inferred,1,,00 31 13; 01 45 00; 01 50 00,00 31 13; 01 45 00; 01 50 00,Contract & General
CWP 03,Concrete (Cast-in-Place & Precast),PROPOSED-Existing slab coring and repair,"Existing building slab — core or saw cut for under-slab piping, then repair",Existing building (C1.6A),Modify / connect,03-C08,"Concrete (Cast-in-Place & Precast) — Yard piping, vaults and site utilities",2023-04-01,2023-11-01,2023-03-31,N,N,,,,,,1,,0,0,PROPOSED-Existing-Slab-Trench-Infill (Structural & Building),#78,Inferred,1,C1.6A (Add. 4 p.8),,C1.6A,Civil & Site
CWP 03,Concrete (Cast-in-Place & Precast),PROPOSED-Influent-Flow-Meter-Valve-Vault,"Precast vault, 4 ft x 4 ft (Oldcastle Infrastructure 4686-LA), with 36 in x 36 in H-20 single-leaf hatch (Halliday H1R3636) — Influent Flow Meter Valve Vault",Site,Install,03-C08,"Concrete (Cast-in-Place & Precast) — Yard piping, vaults and site utilities",2023-04-01,2023-11-01,2023-03-31,Y,N,,,,,,1,,1,0,PROPOSED-INFLUENT-FLOW-METER-VAULT (Process & Mechanical),"#44, #240",Inferred,1 (Inferred per 04),,03 40 00,03 40 00,Structural & Building
CWP 03,Concrete (Cast-in-Place & Precast),PROPOSED-Effluent-Flow-Meter-Valve-Vault,"Precast vault, 4 ft x 4 ft (Oldcastle Infrastructure 4686-LA), with 36 in x 36 in H-20 single-leaf hatch (Halliday H1R3636) — Effluent Flow Meter Valve Vault",Site,Install,03-C08,"Concrete (Cast-in-Place & Precast) — Yard piping, vaults and site utilities",2023-04-01,2023-11-01,2023-03-31,Y,N,,,,,,1,,1,0,,#240,Inferred,1 (Inferred per 04),,03 40 00,03 40 00,Structural & Building
CWP 03,Concrete (Cast-in-Place & Precast),PROPOSED-Plants-2-and-3-Flow-Meter-Vault,"Precast vault, 4 ft x 4 ft (Oldcastle Infrastructure 4686-LA), with 36 in x 36 in H-20 single-leaf hatch (Halliday H1R3636) — Plants 2 & 3 Flow Meter Vault",Site,Install,03-C08,"Concrete (Cast-in-Place & Precast) — Yard piping, vaults and site utilities",2023-04-01,2023-11-01,2023-03-31,Y,N,,,,,,1,,1,0,PROPOSED-TRAIN-2-FLOW-METER-VAULT (Process & Mechanical); PROPOSED-Train 2 flow meter vault (Civil & Site); PROPOSED-Train 3 flow meter vault (Civil & Site); PROPOSED-TRAIN-3-FLOW-METER-VAULT (Process & Mechanical),"#5, #6, #240",Inferred,1 (Inferred per 04),,03 40 00,03 40 00,Structural & Building
CWP 03,Concrete (Cast-in-Place & Precast),PROPOSED-Yard-Piping-Vaults,Vaults associated with yard piping,Site,Install,03-C08,"Concrete (Cast-in-Place & Precast) — Yard piping, vaults and site utilities",2023-04-01,2023-11-01,2023-03-31,N,N,,,,,,1,,0,0,,#250,Inferred,1,,00 31 13,00 31 13,Contract & General
CWP 03,Concrete (Cast-in-Place & Precast),PROPOSED-2W-Pump-Station-Precast-Wet-Well,"Precast wet well, 8 ft ID (Oldcastle Infrastructure 96 in diameter), with 48 in x 30 in H-20 aluminum hatch and safety grate (LW Products HD-3C) — 2W Plant Water Pump Station",2W Pump Station,Install,03-C01,Concrete (Cast-in-Place & Precast) — 2W air gap water system,2023-05-01,2023-10-18,2023-03-31,Y,N,,,,,,1,,1,0,PROPOSED-2W-PUMP-STATION-WET-WELL (Process & Mechanical); PROPOSED-2W-Pump-Station-Wet-Well (Process & Mechanical),"#47, #240",Inferred,1 (Inferred per 04),,03 40 00,03 40 00,Structural & Building
CWP 03,Concrete (Cast-in-Place & Precast),PROPOSED-FLOW-SPLITTER-SUPPORT,"Concrete support pad for flow splitter box, about 6.5 x 4.0 x 1.3 ft tall, top elev 26.00",Influent Flow Splitter,Install,03-C04,Concrete (Cast-in-Place & Precast) — Influent pump station and flow splitter,2023-06-01,2023-10-25,2023-03-31,N,N,,,,,,1,,0,0,PROPOSED-Flow-Splitter-Pad (Structural & Building),"#76, #157",Inferred,1,C3.1; C3.2,,C3.1; C3.2,Process & Mechanical
CWP 03,Concrete (Cast-in-Place & Precast),PROPOSED-INFLUENT-FLOW-METER-VAULT,Flow meter vault on the splitter inlet line (north),Influent Flow Splitter,Install,03-C04,Concrete (Cast-in-Place & Precast) — Influent pump station and flow splitter,2023-06-01,2023-10-25,2023-03-31,N,N,,,,,,1,,0,0,PROPOSED-Influent-Flow-Meter-Valve-Vault (Structural & Building),#44,Inferred,1,C3.1,,C3.1,Process & Mechanical
CWP 03,Concrete (Cast-in-Place & Precast),PROPOSED-TRAIN-2-FLOW-METER-VAULT,Train 2 flow meter vault,Influent Flow Splitter,Install,03-C04,Concrete (Cast-in-Place & Precast) — Influent pump station and flow splitter,2023-06-01,2023-10-25,2023-03-31,N,N,,,,,,1,,0,0,PROPOSED-Plants-2-and-3-Flow-Meter-Vault (Structural & Building); PROPOSED-Train 2 flow meter vault (Civil & Site),#5,Inferred,1,C3.1,,C3.1,Process & Mechanical
CWP 03,Concrete (Cast-in-Place & Precast),PROPOSED-TRAIN-3-FLOW-METER-VAULT,Train 3 flow meter vault,Influent Flow Splitter,Install,03-C04,Concrete (Cast-in-Place & Precast) — Influent pump station and flow splitter,2023-06-01,2023-10-25,2023-03-31,N,N,,,,,,1,,0,0,PROPOSED-Train 3 flow meter vault (Civil & Site); PROPOSED-Plants-2-and-3-Flow-Meter-Vault (Structural & Building),#6,Inferred,1,C3.1,,C3.1,Process & Mechanical
CWP 03,Concrete (Cast-in-Place & Precast),PROPOSED-IPS-HATCHES,Influent Pump Station access hatches: 36x36-in. single leaf H-20 (Halliday H1R3636) and 30x48-in. single leaf H-20 over pumps (Halliday H1R3048),Influent Pump Station,Install,03-C04,Concrete (Cast-in-Place & Precast) — Influent pump station and flow splitter,2023-06-01,2023-10-25,2023-03-31,N,N,,,,,,1,,0,0,PROPOSED-Influent-Pump-Station-Precast-Wet-Well (Structural & Building); PROPOSED-Drain-Pump-Station-Hatches (Structural & Building); PROPOSED-Influent-Pump-Station-Top-Slab (Structural & Building),#38,Inferred,1,C4.1,,C4.1,Process & Mechanical
CWP 03,Concrete (Cast-in-Place & Precast),PROPOSED-Drain-Pump-Station-Lid,"Drain pump station lid — 16 in CIP concrete, H-20 loading, two hatch openings and center beam",Drain Pump Station,Install,03-C04,Concrete (Cast-in-Place & Precast) — Influent pump station and flow splitter,2023-06-01,2023-10-25,2023-03-31,Y,Y,,,,,,1,,4,2,,,Unresolved,1 (Inferred per 04),S2.4; S1.1,03 30 00,S2.4; S1.1; 03 30 00,Structural & Building
CWP 03,Concrete (Cast-in-Place & Precast),PROPOSED-Drain-Pump-Station-Precast-Wet-Well,"Precast concrete wet well, 8 ft min., 96 in I.D. — per civil",Drain Pump Station,Install,03-C04,Concrete (Cast-in-Place & Precast) — Influent pump station and flow splitter,2023-06-01,2023-10-25,2023-03-31,Y,N,,,,,,1,,2,0,,#235,Unresolved,1 (Inferred per 04),S2.4,03 40 00,S2.4; 03 40 00,Structural & Building
CWP 03,Concrete (Cast-in-Place & Precast),PROPOSED-Drain-Pump-Station-Hatches,"Access hatches (2), 2 ft-6 in x 4 ft-0 in rough openings, in the drain pump station lid — per civil",Drain Pump Station,Install,03-C04,Concrete (Cast-in-Place & Precast) — Influent pump station and flow splitter,2023-06-01,2023-10-25,2023-03-31,Not stated,Not stated,,,,,,1,,0,0,PROPOSED-IPS-HATCHES (Process & Mechanical),"#38, #235",Inferred,1 (Inferred per 04),S2.4,,S2.4,Structural & Building
CWP 03,Concrete (Cast-in-Place & Precast),PROPOSED-Flow-Splitter-Pad,"Concrete equipment pad for the flow splitter, on the existing equipment slab-on-grade",Flow Splitter,Install,03-C04,Concrete (Cast-in-Place & Precast) — Influent pump station and flow splitter,2023-06-01,2023-10-25,2023-03-31,Y,Y,,,,,,1,,3,1,PROPOSED-FLOW-SPLITTER-SUPPORT (Process & Mechanical),"#76, #157",Inferred,1 (Inferred per 04),S2.4,03 30 00,S2.4; 03 30 00,Structural & Building
CWP 03,Concrete (Cast-in-Place & Precast),PROPOSED-Influent-Pump-Station-Precast-Wet-Well,"Precast wet well, 8 ft ID (Oldcastle Infrastructure 96 in diameter), with 48 in x 30 in H-20 aluminum hatch and safety grate (LW Products HD-3C) — Influent Pump Station",Influent Pump Station,Install,03-C04,Concrete (Cast-in-Place & Precast) — Influent pump station and flow splitter,2023-06-01,2023-10-25,2023-03-31,Y,N,,,,,,1,,1,0,PROPOSED-INFLUENT-PUMP-STATION-WET-WELL (Process & Mechanical); PROPOSED-IPS-HATCHES (Process & Mechanical),"#37, #38, #240",Unresolved,1 (Inferred per 04),,03 40 00,03 40 00,Structural & Building
CWP 03,Concrete (Cast-in-Place & Precast),PROPOSED-Influent-Pump-Station-Top-Slab,"Influent Pump Station top slab per Contract Plan details, with new aluminum access hatch and safety grates",Influent Pump Station,Install,03-C04,Concrete (Cast-in-Place & Precast) — Influent pump station and flow splitter,2023-06-01,2023-10-25,2023-03-31,Y,N,,,,,,1,,1,0,PROPOSED-IPS-HATCHES (Process & Mechanical),"#38, #240",Unresolved,1 (Inferred per 04),,03 40 00,03 40 00,Structural & Building
CWP 03,Concrete (Cast-in-Place & Precast),PROPOSED-Influent-Pump-Station-Meter-Vaults,"Precast vaults, 4 ft x 4 ft (Oldcastle Infrastructure 4686-LA), with 36 in x 36 in H-20 single-leaf hatches (Halliday H1R3636) — Influent Pump Station Meter Vaults, quantity not stated",Influent Pump Station,Install,03-C04,Concrete (Cast-in-Place & Precast) — Influent pump station and flow splitter,2023-06-01,2023-10-25,2023-03-31,Y,N,,,,,,1,,1,0,PROPOSED-IPS-VALVE-VAULTS (Process & Mechanical),"#41, #240",Inferred,1 (Inferred per 04),,03 40 00,03 40 00,Structural & Building
CWP 03,Concrete (Cast-in-Place & Precast),PROPOSED-Influent-Pump-Station,Influent pump station,Influent Pump Station,Install,03-C04,Concrete (Cast-in-Place & Precast) — Influent pump station and flow splitter,2023-06-01,2023-10-25,2023-03-31,N,Y,,,,,,1,,0,6,PROPOSED-INFLUENT-PUMP-STATION-WET-WELL (Process & Mechanical); PROPOSED-Influent-Pump-Station-Precast-Wet-Well (Structural & Building),"#37, #251",Inferred,1,,00 31 13; 00 73 00; 01 45 00; 01 50 00,00 31 13; 00 73 00; 01 45 00; 01 50 00; CQA Plan,Contract & General
CWP 03,Concrete (Cast-in-Place & Precast),PROPOSED-Train-3-Concrete-Tank,Train 3 cast-in-place concrete tank — 12 in circular wall on 12 in mat slab with raised center pedestal,Train 3,Install,03-C06,Concrete (Cast-in-Place & Precast) — Train 3,2023-08-01,2024-07-08,2023-03-31,Y,Y,,,,,,1,,5,2,PROPOSED-TRAIN-3-TANK (Process & Mechanical),"#29, #158",Unresolved,1 (Inferred per 04),S2.1; S1.1; S4.1,03 30 00,S2.1; S1.1; 03 30 00,Structural & Building
CWP 03,Concrete (Cast-in-Place & Precast),PROPOSED-Generator-Slab,"Generator slab-on-grade, 6 in with thickened edge (about 1 ft-6 in min. deep)",Generator Pad,Install,03-C03,Concrete (Cast-in-Place & Precast) — Permanent standby generator,2024-03-01,2024-04-30,2023-03-31,Y,Y,,,,,,1,,3,1,,#201,Unresolved,1 (Inferred per 04),S2.4,03 30 00,S2.4; 03 30 00,Structural & Building
CWP 05,"Metals (Grating, Railings, Ladders, Stairs)",PROPOSED-UV-DIGESTER-GRATING-GUARDRAIL,"UV/digester guardrail with removable guard chains, removable grating over digester, aluminum access ladders (nominal 2 ft wide)",UV Disinfection Chamber & Digester,Install,05-C02,"Metals (Grating, Railings, Ladders, Stairs) — UV chamber and digester",2023-04-01,2023-11-01,2023-03-31,N,N,,,,,,1,,0,0,PROPOSED-UV-Digester-Grating (Structural & Building); PROPOSED-UV-Digester-Guardrail-and-Ladders (Structural & Building),#57,Inferred,1,C5.1; C5.2; C5.3,,C5.1; C5.2; C5.3,Process & Mechanical
CWP 05,"Metals (Grating, Railings, Ladders, Stairs)",PROPOSED-Digester-Grating-Beam,"Steel beam, HDG W8x18, spanning the digester for grating support",UV Disinfection Chamber & Digester,Install,05-C02,"Metals (Grating, Railings, Ladders, Stairs) — UV chamber and digester",2023-04-01,2023-11-01,2023-03-31,Y,Y,,,,,,1,,4,2,,,Inferred,1 (Inferred per 04),S2.2; S1.1,05 50 00,S2.2; S1.1; 05 50 00,Structural & Building
CWP 05,"Metals (Grating, Railings, Ladders, Stairs)",PROPOSED-UV-Digester-Grating,Aluminum solid plank grating with continuous HDG edge angles — UV basin and digester,UV Disinfection Chamber & Digester,Install,05-C02,"Metals (Grating, Railings, Ladders, Stairs) — UV chamber and digester",2023-04-01,2023-11-01,2023-03-31,Y,N,,,,,,1,,3,0,PROPOSED-UV-DIGESTER-GRATING-GUARDRAIL (Process & Mechanical),#57,Unresolved,1 (Inferred per 04),S2.2,05 53 00,S2.2; 05 53 00,Structural & Building
CWP 05,"Metals (Grating, Railings, Ladders, Stairs)",PROPOSED-UV-Digester-Guardrail-and-Ladders,"Guardrail and ladders at the UV basin and digester — shown ""per civil""",UV Disinfection Chamber & Digester,Install,05-C02,"Metals (Grating, Railings, Ladders, Stairs) — UV chamber and digester",2023-04-01,2023-11-01,2023-03-31,Y,N,,,,,,1,,5,0,PROPOSED-UV-DIGESTER-GRATING-GUARDRAIL (Process & Mechanical),"#57, #234",Unresolved,1 (Inferred per 04),S2.2,05 52 00; 05 51 10,S2.2; 05 52 00; 05 51 10,Structural & Building
CWP 05,"Metals (Grating, Railings, Ladders, Stairs)",PROPOSED-Train-3-Guardrail-and-Ladders,"Train 3 guardrail and ladders — shown ""per civil""",Train 3,Install,05-C01,"Metals (Grating, Railings, Ladders, Stairs) — Train 3",2023-08-01,2024-07-08,2023-03-31,Y,N,,,,,,1,,4,0,PROPOSED-TRAIN-3-WALKWAYS-AND-LADDER (Process & Mechanical); PROPOSED-Handrails (Contract & General),"#34, #232, #255",Unresolved,18 — Unresolved (see 04),S2.1,05 52 00; 05 51 10,S2.1; 05 52 00; 05 51 10,Structural & Building
CWP 05,"Metals (Grating, Railings, Ladders, Stairs)",PROPOSED-Steel-Stairs-Ladders-Platforms,"Steel stairs, ladders and grating platforms — galvanized, Contractor-designed, where shown on the plans",Not stated (locations per civil drawings),Install,05-C01,"Metals (Grating, Railings, Ladders, Stairs) — Train 3",2023-08-01,2024-07-08,2023-03-31,Y,N,,,,,,1,,5,0,,"#241, #255",Unresolved,1 (Inferred per 04); any Train 3 portion: 18 — Unresolved (see 04),S1.1,05 51 10; 05 53 00; 05 52 00,S1.1; 05 51 10,Structural & Building
CWP 08,"Doors, Frames & Hardware",101A,"Door pair, 10 ft-0 in x 8 ft-0 in x 1-3/4 in, insulated hollow metal, painted, Type B — 2 openings tagged 101A",Blower Building,Install,08-C01,"Doors, Frames & Hardware — Blower Building",2023-04-01,2023-07-31,2023-03-31,Y,Y,,,,,,1,,4,3,,,Unresolved,1 (Inferred per 04),A1.1; A1.2,08 10 00; 08 70 00; 09 90 00,A1.1; A1.2; 08 10 00; 08 70 00; 09 90 00,Structural & Building
CWP 08,"Doors, Frames & Hardware",101B,"Door, 3 ft-0 in wide, insulated hollow metal, painted, Type A",Blower Building,Install,08-C01,"Doors, Frames & Hardware — Blower Building",2023-04-01,2023-07-31,2023-03-31,Y,Y,,,,,,1,,4,3,,,Unresolved,1 (Inferred per 04),A1.1; A1.2,08 10 00; 08 70 00; 09 90 00,A1.1; A1.2; 08 10 00; 08 70 00; 09 90 00,Structural & Building
CWP 08,"Doors, Frames & Hardware",101C,"Door, 5 ft-0 in x 8 ft-0 in x 1-3/4 in, insulated hollow metal, painted, Type A",Blower Building,Install,08-C01,"Doors, Frames & Hardware — Blower Building",2023-04-01,2023-07-31,2023-03-31,Y,Y,,,,,,1,,4,3,,,Unresolved,1 (Inferred per 04),A1.1; A1.2,08 10 00; 08 70 00; 09 90 00,A1.1; A1.2; 08 10 00; 08 70 00; 09 90 00,Structural & Building
CWP 08,"Doors, Frames & Hardware",PROPOSED-Boot-Brush-and-Pad,Boot and shoe brush with scraper (Gempler's #2900) on a concrete pad next to the Blower Building exterior door,Blower Building,Install,08-C01,"Doors, Frames & Hardware — Blower Building",2023-04-01,2023-07-31,2023-03-31,Y,N,,,,,,1,,1,0,,#129,Inferred,1 (Inferred per 04),,08 70 00,08 70 00,Structural & Building
CWP 09,Painting & Coatings,PROPOSED-Influent-Pump-Station-Interior-Coating,"Epoxy protective lining, spray-applied 100% solids (Raven 405 or Tnemec G436), on all interior concrete surfaces — Influent Pump Station",Influent Pump Station,Install,09-C01,Painting & Coatings — Influent pump station and flow splitter,2023-06-01,2023-10-25,2023-05-31,Y,Y,,,,,,1,,2,1,,"#130, #243",Inferred,1 (Inferred per 04),,09 97 23,09 97 23,Structural & Building
CWP 10,Specialties,PROPOSED-Fire-Extinguishers-Blower-Building,"Fire extinguisher assemblies (2), wall-mounted — Blower Building",Blower Building,Install,10-C01,Specialties — Blower Building,2023-04-01,2023-07-31,2023-03-31,Y,Y,,,,,,1,,2,1,,,Inferred,1 (Inferred per 04),A1.1,10 52 00,A1.1; 10 52 00,Structural & Building
CWP 10,Specialties,PROPOSED-WWTP tank and building signs,"WWTP tank and building signs, 9 (UV Disinfection Chamber, Blower Building, Dewatering Facility, Influent Pump Station, Aerobic Digester, Train 1–3, 2W Water System Pump Station)",Site,Install,10-C03,"Specialties — Yard piping, vaults and site utilities",2023-04-01,2023-11-01,2023-03-31,N,N,,,,,,1,,0,0,,#98,Inferred,1,C7.3 (Det. 1),,C7.3,Civil & Site
CWP 10,Specialties,PROPOSED-TRAIN-3-FRP-LAUNDER-COVER,"FRP launder cover, Train 3 clarifier effluent trough",Train 3,Install,10-C02,Specialties — Train 3,2023-08-01,2024-07-08,2023-03-31,Y,Y,,,,,,1,,2,2,,#255,Unresolved,1; 18 — Unresolved (see 04); 19; Equipment Alternate B,C3.4; C3.5,10 73 05,C3.4; C3.5; 10 73 05,Process & Mechanical
CWP 13,Pre-Engineered Metal Building,PROPOSED-BLOWER-BUILDING | PROPOSED-Blower-Building,"Blower Building, prefabricated metal building housing the biological treatment blowers | Blower Building — pre-engineered metal building, one room (Blower Room 101) | Blower Building",Blower Building,Install,13-C01,Pre-Engineered Metal Building — Blower Building,2023-04-01,2023-07-31,2023-03-31,Y,Y,,,,,,1,,15,13,,"#170, #252",Unresolved,1 | 1 (Inferred per 04),C6.4; C6.5; A1.1; A1.2; A1.3; S1.1; S2.3,13 12 20; 07 20 00; 09 25 00; 09 90 00; 00 31 13; 00 73 00; 01 45 00; 01 70 00,C6.4; C6.5; A1.1; A1.2; A1.3; S1.1; S2.3; 13 12 20; 07 20 00; 09 25 00; 09 90 00; 00 31 13; 00 73 00; 01 45 00; 01 70 00; CQA Plan,Process & Mechanical; Structural & Building; Contract & General
CWP 13,Pre-Engineered Metal Building,PROPOSED-Existing-Office-Louver-4x4,"Existing louvered vent, 4 ft x 4 ft — existing office building south wall; remove, re-side floor to eave",Existing Office Building,Remove,13-C03,Pre-Engineered Metal Building — Site demolition ahead of new work,2023-04-01,2023-05-31,2023-03-31,N,N,,,,,,1,,0,0,PROPOSED-Existing generator fuel tank and spill basin (Civil & Site); PROPOSED-Existing-Generator-Fuel-Tank-Exhaust-Louvers (Electrical & Controls),#28,Inferred,1 (Inferred per 04),A1.3,13 12 20,A1.3; 13 12 20,Structural & Building
CWP 13,Pre-Engineered Metal Building,PROPOSED-Existing-Office-Louver-2x3,"Existing louvered vent, 2 ft x 3 ft — existing office building east wall; remove, re-side floor to eave",Existing Office Building,Remove,13-C03,Pre-Engineered Metal Building — Site demolition ahead of new work,2023-04-01,2023-05-31,2023-03-31,N,N,,,,,,1,,0,0,PROPOSED-Existing generator fuel tank and spill basin (Civil & Site); PROPOSED-Existing-Generator-Fuel-Tank-Exhaust-Louvers (Electrical & Controls),#28,Inferred,1 (Inferred per 04),A1.3,13 12 20,A1.3; 13 12 20,Structural & Building
CWP 13,Pre-Engineered Metal Building,PROPOSED-WWTP-Building-Louver-3x7,"Louvered vent, 3 ft x 7 ft — existing WWTP building, 3 locations",Existing WWTP Building,Install,13-C04,Pre-Engineered Metal Building — Existing dewatering / treatment building,2023-04-01,2024-02-09,2023-03-31,Not stated,Not stated,,,,,,1,,0,0,PROPOSED-EXISTING-BLDG-LOUVERS (Process & Mechanical),"#27, #229",Inferred,1 (Inferred per 04),A1.3,13 12 20,A1.3; 13 12 20,Structural & Building
CWP 13,Pre-Engineered Metal Building,PROPOSED-WWTP-Building-Exhaust-Fan-24x24,"Exhaust fan, 24 in x 24 in — existing WWTP building, 3 locations, 6 ft above slab",Existing WWTP Building,Install,13-C04,Pre-Engineered Metal Building — Existing dewatering / treatment building,2023-04-01,2024-02-09,2023-03-31,Not stated,Not stated,,,,,,1,,0,0,EF-3 (Electrical & Controls); EF-4 (Electrical & Controls); EF-5 (Electrical & Controls); PROPOSED-EXISTING-BLDG-WALL-FANS (Process & Mechanical),"#26, #229",Inferred,1 (Inferred per 04),A1.3,13 12 20,A1.3; 13 12 20,Structural & Building
CWP 13,Pre-Engineered Metal Building,PROPOSED-Existing-Generator-Fuel-Tank-Exhaust-Louvers,"Existing diesel fuel tank, generator exhaust system and louvers",Electric Service Area,Remove,13-C02,"Pre-Engineered Metal Building — Existing generator, switchgear and fuel tank removal",2024-05-01,2024-05-31,2023-03-31,Not stated,Not stated,,,,,,1,,0,0,PROPOSED-Existing-Office-Louver-4x4 (Structural & Building); PROPOSED-Existing-Office-Louver-2x3 (Structural & Building); PROPOSED-Existing-Generator-Exhaust-Assembly (Structural & Building); PROPOSED-Existing generator fuel tank and spill basin (Civil & Site),#28,Verified,6,E0.2,,E0.2,Electrical & Controls
CWP 13,Pre-Engineered Metal Building,PROPOSED-Existing-Generator-Exhaust-Assembly,Existing generator exhaust assembly — existing office building east wall; remove,Existing Office Building,Remove,13-C02,"Pre-Engineered Metal Building — Existing generator, switchgear and fuel tank removal",2024-05-01,2024-05-31,2023-03-31,Not stated,Not stated,,,,,,1,,0,0,PROPOSED-Existing generator fuel tank and spill basin (Civil & Site); PROPOSED-Existing-Generator-Fuel-Tank-Exhaust-Louvers (Electrical & Controls),"#28, #230",Inferred,1 (Inferred per 04),A1.3,13 12 20,A1.3; 13 12 20,Structural & Building
CWP 22,Plumbing & Process Pumps,PROPOSED-WAS-PUMP,"WAS pump, packaged sludge pump, 3 HP",Sludge Pump and Valving Area,Install,22-C02,Plumbing & Process Pumps — Sludge pumps and valving,2023-04-01,2023-11-01,2023-03-31,Y,Y,,,,,,1,,3,3,WP-1 (Electrical & Controls); PROPOSED-Sludge-Pumps (Contract & General),#59,Inferred,1; 6,G0.5; G0.6; G0.7; C6.2,22 13 36,C6.2; G0.7; 22 13 36,Process & Mechanical
CWP 22,Plumbing & Process Pumps,PROPOSED-SWING-SLUDGE-PUMP,"Swing pump, packaged sludge pump, 3 HP, standby for either the WAS or digested sludge pump",Sludge Pump and Valving Area,Install,22-C02,Plumbing & Process Pumps — Sludge pumps and valving,2023-04-01,2023-11-01,2023-03-31,Y,Y,,,,,,1,,3,3,WP-2 (Electrical & Controls),#60,Inferred,1; 6,G0.5; G0.6; G0.7; C6.2,22 13 36,C6.2; G0.7; 22 13 36,Process & Mechanical
CWP 22,Plumbing & Process Pumps,PROPOSED-DIGESTED-SLUDGE-PUMP,"Digested sludge pump, packaged sludge pump, 3 HP",Sludge Pump and Valving Area,Install,22-C02,Plumbing & Process Pumps — Sludge pumps and valving,2023-04-01,2023-11-01,2023-03-31,Y,Y,,,,,,1,,4,6,SD-1 (Electrical & Controls),#61,Unresolved,1; 6,G0.5; G0.6; G0.7; C6.2,22 13 36; 46 76 26,C6.2; G0.7; 22 13 36; 46 76 26,Process & Mechanical
CWP 22,Plumbing & Process Pumps,PROPOSED-SLUDGE-PUMP-LOCAL-PANELS,"Sludge pump local electrical control panels (3), by pump manufacturer",Sludge Pump and Valving Area,Install,22-C02,Plumbing & Process Pumps — Sludge pumps and valving,2023-04-01,2023-11-01,2023-03-31,Y,N,,,,,,1,,1,0,PROPOSED-WAS-and-Sludge-Pump-Local-Disconnects (Electrical & Controls),#62,Inferred,1; 6,,22 13 36,22 13 36,Process & Mechanical
CWP 22,Plumbing & Process Pumps,PROPOSED-Sludge-Pumps,Sludge pumps (peristaltic; WAS and digested sludge),Sludge Pump and Valving Area,Install,22-C02,Plumbing & Process Pumps — Sludge pumps and valving,2023-04-01,2023-11-01,2023-03-31,Y,Y,,,,,,1,,12,7,PROPOSED-WAS-PUMP (Process & Mechanical); WP-1 (Electrical & Controls),"#59, #251",Inferred,1,,00 31 13; 01 33 00; 01 70 00; 01 91 00; 01 45 00,00 31 13; 01 33 00; 01 70 00; 01 91 00; 01 45 00; CQA Plan,Contract & General
CWP 22,Plumbing & Process Pumps,WP-1,"WAS Pump No.1, 3 HP, VFD in MCC","Treatment Building (existing; E4.1 key note 3 calls it ""Dewatering Building"" — see Issues)",Install,22-C03,Plumbing & Process Pumps — Existing dewatering / treatment building,2023-04-01,2024-02-09,2023-03-31,Not stated,Not stated,,,,,,1,,0,0,PROPOSED-WAS-PUMP (Process & Mechanical); PROPOSED-Sludge-Pumps (Contract & General),"#59, #207",Verified-Visual,"1 (equipment, Inferred per 04); 6 (power and control)",E4.1; E6.1; E6.3; E7.3; E7.4; E9.1,,E4.1; E6.1; E6.3; E7.3; E7.4; E9.1,Electrical & Controls
CWP 22,Plumbing & Process Pumps,WP-2,"WAS Pump No.2 / swing pump, 3 HP, VFD in MCC","Treatment Building (existing; E4.1 key note 3 calls it ""Dewatering Building"" — see Issues)",Install,22-C03,Plumbing & Process Pumps — Existing dewatering / treatment building,2023-04-01,2024-02-09,2023-03-31,Not stated,Not stated,,,,,,1,,0,0,PROPOSED-SWING-SLUDGE-PUMP (Process & Mechanical),"#60, #207",Verified-Visual,"1 (equipment, Inferred per 04); 6 (power and control)",E4.1; E6.1; E6.3; E7.3; E7.4; E9.1,,E4.1; E6.1; E6.3; E7.3; E7.4; E9.1,Electrical & Controls
CWP 22,Plumbing & Process Pumps,SD-1,"Sludge pump, 3 HP, VFD in MCC","Treatment Building (existing; E4.1 key note 3 calls it ""Dewatering Building"" — see Issues)",Install,22-C03,Plumbing & Process Pumps — Existing dewatering / treatment building,2023-04-01,2024-02-09,2023-03-31,Not stated,Not stated,,,,,,1,,0,0,PROPOSED-DIGESTED-SLUDGE-PUMP (Process & Mechanical),"#3, #61, #207",Verified-Visual,"1 (equipment, Inferred per 04); 6 (power and control)",E4.1; E6.1; E6.3; E7.3; E7.4; E9.1,,E4.1; E6.1; E6.3; E7.3; E7.4; E9.1,Electrical & Controls
CWP 22,Plumbing & Process Pumps,PROPOSED-YARD-HYDRANTS,1-inch frost-proof yard hydrants with vacuum breakers (quantity not stated),Site,Install,22-C04,"Plumbing & Process Pumps — Yard piping, vaults and site utilities",2023-04-01,2023-11-01,2023-03-31,Y,N,,,,,,1,,2,0,Pipe ID 22 (Civil & Site),#52,Inferred,1,,15 40 00; 43 22 10,15 40 00; 43 22 10,Process & Mechanical
CWP 22,Plumbing & Process Pumps,PROPOSED-POST-HYDRANTS,2-inch post hydrants with 2-inch atmospheric vacuum breakers (quantity not stated),Site,Install,22-C04,"Plumbing & Process Pumps — Yard piping, vaults and site utilities",2023-04-01,2023-11-01,2023-03-31,Y,N,,,,,,1,,1,0,PROPOSED-Post hydrant (Civil & Site),#53,Inferred,1,,15 40 00,15 40 00,Process & Mechanical
CWP 22,Plumbing & Process Pumps,PROPOSED-EXTERIOR-SANITARY-DRAINS,"Exterior sanitary drain piping, ABS DWV, with unions and cleanouts",Site,Install,22-C04,"Plumbing & Process Pumps — Yard piping, vaults and site utilities",2023-04-01,2023-11-01,2023-03-31,Y,N,,,,,,1,,1,0,,#110,Inferred,1,,15 40 00,15 40 00,Process & Mechanical
CWP 22,Plumbing & Process Pumps,PROPOSED-IPS-DISCHARGE-TO-SPLITTER,"Influent Pump Station discharge to flow splitter, 6-inch DI restrained rising to 12-inch DI at the box",Influent Flow Splitter,Install,22-C01,Plumbing & Process Pumps — Influent pump station and flow splitter,2023-06-01,2023-10-25,2023-03-31,N,N,,,,,,1,,0,0,Pipe ID 18 (Civil & Site),#86,Inferred,1,G0.5; C3.1; C3.2; C4.1,22 13 29,G0.5; C3.1; C3.2; C4.1; 22 13 29,Process & Mechanical
CWP 22,Plumbing & Process Pumps,PROPOSED-INFLUENT-PUMP-STATION-WET-WELL,"Influent Pump Station wet well, 96-inch precast on 12-inch precast base, bottom elev 9.0, top 23.30, with vent and clean outs",Influent Pump Station,Install,22-C01,Plumbing & Process Pumps — Influent pump station and flow splitter,2023-06-01,2023-10-25,2023-03-31,Y,N,,,,,,1,,5,0,PROPOSED-Influent-Pump-Station (Contract & General); PROPOSED-Influent-Pump-Station-Precast-Wet-Well (Structural & Building),#37,Unresolved,1,G0.5; G0.6; C4.1,22 13 29,C4.1; G0.6; 22 13 29,Process & Mechanical
CWP 22,Plumbing & Process Pumps,PROPOSED-INFLUENT-PUMPS-SMALL,"Influent pumps, small, submersible, duplex (2), 120-220 gpm each",Influent Pump Station,Install,22-C01,Plumbing & Process Pumps — Influent pump station and flow splitter,2023-06-01,2023-10-25,2023-03-31,Y,Y,,,,,,1,,3,3,IP-3 (Electrical & Controls); IP-4 (Electrical & Controls); IP-2 (Electrical & Controls); IP-1 (Electrical & Controls); PROPOSED-Submersible-Pump-Equipment (Contract & General),#36,Inferred,1; Equipment Alternate A,G0.7; C4.1,22 13 29,G0.7; C4.1; 22 13 29,Process & Mechanical
CWP 22,Plumbing & Process Pumps,PROPOSED-INFLUENT-PUMPS-LARGE,"Influent pumps, large, submersible, duplex (2), 320-500 gpm each",Influent Pump Station,Install,22-C01,Plumbing & Process Pumps — Influent pump station and flow splitter,2023-06-01,2023-10-25,2023-03-31,Y,Y,,,,,,1,,3,3,IP-3 (Electrical & Controls); IP-4 (Electrical & Controls); IP-2 (Electrical & Controls); IP-1 (Electrical & Controls); PROPOSED-Submersible-Pump-Equipment (Contract & General),#36,Inferred,1; Equipment Alternate A,G0.7; C4.1,22 13 29,G0.7; C4.1; 22 13 29,Process & Mechanical
CWP 22,Plumbing & Process Pumps,PROPOSED-IPS-LEVEL-TRANSDUCER,"Influent Pump Station wet well level transducer, set 6 in. above floor (set points T1-T7)",Influent Pump Station,Install,22-C01,Plumbing & Process Pumps — Influent pump station and flow splitter,2023-06-01,2023-10-25,2023-03-31,N,N,,,,,,1,,0,0,LT (Influent Pump Station) (Electrical & Controls),#39,Inferred,1,C4.1,22 13 29,C4.1; 22 13 29,Process & Mechanical
CWP 22,Plumbing & Process Pumps,F1–F4 [Influent Pump Station],"Influent Pump Station backup float switches F1-F4, timer control",Influent Pump Station,Install,22-C01,Plumbing & Process Pumps — Influent pump station and flow splitter,2023-06-01,2023-10-25,2023-03-31,N,Y,,,,,,1,,0,2,F1 (Influent Pump Station) (Electrical & Controls); F2 (Influent Pump Station) (Electrical & Controls); F3 (Influent Pump Station) (Electrical & Controls); F4 (Influent Pump Station) (Electrical & Controls),#40,Inferred,1,C4.1,22 13 29,C4.1; 22 13 29,Process & Mechanical
CWP 22,Plumbing & Process Pumps,PROPOSED-IPS-VALVE-VAULTS,"Influent Pump Station valve vaults (2), precast 4 ft 2 in x 4 ft 2 in x 5 ft 6 in min. inside, Utility Vault Co. 506-LA or equal",Influent Pump Station,Install,22-C01,Plumbing & Process Pumps — Influent pump station and flow splitter,2023-06-01,2023-10-25,2023-03-31,N,N,,,,,,1,,0,0,PROPOSED-Influent-Pump-Station-Meter-Vaults (Structural & Building),#41,Inferred,1,C4.1,22 13 29,C4.1; 22 13 29,Process & Mechanical
CWP 22,Plumbing & Process Pumps,PROPOSED-IPS-MOTOR-SAVER-RELAYS,"Flygt MiniCAS-120 motor saver relays for the influent pumps, supplied by Contractor to the Control Systems Integrator",Influent Pump Station,Install,22-C01,Plumbing & Process Pumps — Influent pump station and flow splitter,2023-06-01,2023-10-25,2023-03-31,Y,N,,,,,,1,,2,0,PROPOSED-Influent-Pump-Seal-Fail-Overtemp-Relays (Electrical & Controls),#42,Inferred,1; Equipment Alternate A,,22 13 29,22 13 29,Process & Mechanical
CWP 22,Plumbing & Process Pumps,IP-1,"Influent Pump No.1, 3 HP, explosion-proof (XP), 4.8 FLA",Influent Pump Station,Install,22-C01,Plumbing & Process Pumps — Influent pump station and flow splitter,2023-06-01,2023-10-25,2023-03-31,Not stated,Not stated,,,,,,1,,0,0,PROPOSED-INFLUENT-PUMPS-SMALL (Process & Mechanical); PROPOSED-INFLUENT-PUMPS-LARGE (Process & Mechanical); PROPOSED-Submersible-Pump-Equipment (Contract & General),"#36, #167, #207",Verified-Visual,"1 (equipment, Inferred per 04); 6 (power and control)",E4.1; E4.2; E6.1; E6.3; E8.1; E8.2; E8.3; E8.4,,E4.1; E4.2; E6.1; E6.3; E8.1; E8.2; E8.3; E8.4,Electrical & Controls
CWP 22,Plumbing & Process Pumps,IP-2,"Influent Pump No.2, 3 HP, explosion-proof (XP), 4.8 FLA",Influent Pump Station,Install,22-C01,Plumbing & Process Pumps — Influent pump station and flow splitter,2023-06-01,2023-10-25,2023-03-31,Not stated,Not stated,,,,,,1,,0,0,PROPOSED-INFLUENT-PUMPS-SMALL (Process & Mechanical); PROPOSED-INFLUENT-PUMPS-LARGE (Process & Mechanical); PROPOSED-Submersible-Pump-Equipment (Contract & General),#36,Verified-Visual,"1 (equipment, Inferred per 04); 6 (power and control)",E4.1; E4.2; E6.1; E6.3; E8.1; E8.2; E8.3; E8.4,,E4.1; E4.2; E6.1; E6.3; E8.1; E8.2; E8.3; E8.4,Electrical & Controls
CWP 22,Plumbing & Process Pumps,IP-3,"Influent Pump No.3, 5 HP, explosion-proof (XP), 7.6 FLA",Influent Pump Station,Install,22-C01,Plumbing & Process Pumps — Influent pump station and flow splitter,2023-06-01,2023-10-25,2023-03-31,Not stated,Not stated,,,,,,1,,0,0,PROPOSED-INFLUENT-PUMPS-SMALL (Process & Mechanical); PROPOSED-INFLUENT-PUMPS-LARGE (Process & Mechanical); PROPOSED-Submersible-Pump-Equipment (Contract & General),#36,Verified-Visual,"1 (equipment, Inferred per 04); 6 (power and control)",E4.1; E4.2; E6.1; E6.3; E8.1; E8.2; E8.3; E8.4,,E4.1; E4.2; E6.1; E6.3; E8.1; E8.2; E8.3; E8.4,Electrical & Controls
CWP 22,Plumbing & Process Pumps,IP-4,"Influent Pump No.4, 5 HP, explosion-proof (XP), 7.6 FLA",Influent Pump Station,Install,22-C01,Plumbing & Process Pumps — Influent pump station and flow splitter,2023-06-01,2023-10-25,2023-03-31,Not stated,Not stated,,,,,,1,,0,0,PROPOSED-INFLUENT-PUMPS-SMALL (Process & Mechanical); PROPOSED-INFLUENT-PUMPS-LARGE (Process & Mechanical); PROPOSED-Submersible-Pump-Equipment (Contract & General),"#36, #167, #207",Verified-Visual,"1 (equipment, Inferred per 04); 6 (power and control)",E4.1; E4.2; E6.1; E6.3; E8.1; E8.2; E8.3; E8.4,,E4.1; E4.2; E6.1; E6.3; E8.1; E8.2; E8.3; E8.4,Electrical & Controls
CWP 22,Plumbing & Process Pumps,PROPOSED-Influent-Pump-Seal-Fail-Overtemp-Relays,"Influent pump seal-fail and overtemperature relays (4), Mini-CAS or equal, furnished by the pump manufacturer, installed in the IPS panel",Influent Pump Station,Install,22-C01,Plumbing & Process Pumps — Influent pump station and flow splitter,2023-06-01,2023-10-25,2023-03-31,Not stated,Not stated,,,,,,1,,0,0,PROPOSED-IPS-MOTOR-SAVER-RELAYS (Process & Mechanical),"#42, #214",Inferred,"1 (equipment, Inferred per 04); 6 (power and control)",E8.1,,E8.1,Electrical & Controls
CWP 22,Plumbing & Process Pumps,PROPOSED-Submersible-Pump-Equipment,Submersible pump equipment,Influent Pump Station,Install,22-C01,Plumbing & Process Pumps — Influent pump station and flow splitter,2023-06-01,2023-10-25,2023-03-31,Y,Y,,,,,,1,,12,7,IP-3 (Electrical & Controls); IP-4 (Electrical & Controls); PROPOSED-INFLUENT-PUMPS-SMALL (Process & Mechanical); PROPOSED-INFLUENT-PUMPS-LARGE (Process & Mechanical); IP-2 (Electrical & Controls); IP-1 (Electrical & Controls),"#36, #251",Inferred,1; Equipment Alternate A,,00 41 00; 01 33 00; 01 70 00; 01 91 00; 01 45 00,00 41 00; 01 33 00; 01 70 00; 01 91 00; 01 45 00,Contract & General
CWP 23,HVAC & Ventilation,PROPOSED-BLOWER-BLDG-WALL-FANS,"Blower Building wall fans (2), Acme FQ18G6, 3,300 CFM, 1/2 HP, 120 V, each on its own Schaffer TH109 thermostat, with EBE445 gravity combination louver",Blower Building,Install,23-C01,HVAC & Ventilation — Blower Building,2023-04-01,2023-07-31,2023-03-31,N,N,,,,,,1,,0,0,EF-2 (Electrical & Controls); PROPOSED-Exhaust-Fans-Blower-Building (Structural & Building); EF-1 (Electrical & Controls),#20,Inferred,1,,23 34 00,23 34 00,Process & Mechanical
CWP 23,HVAC & Ventilation,PROPOSED-BLOWER-BLDG-MOTORIZED-LOUVER,"Blower Building motorized louvered vent, 36 x 84 in., Pottoroff EXD-645 with AF120 120 V spring-return actuator",Blower Building,Install,23-C01,HVAC & Ventilation — Blower Building,2023-04-01,2023-07-31,2023-03-31,N,N,,,,,,1,,0,0,ML-1 (Electrical & Controls); PROPOSED-Louver-36x84-Motorized (Structural & Building),#21,Inferred,1,,23 34 00,23 34 00,Process & Mechanical
CWP 23,HVAC & Ventilation,PROPOSED-BLOWER-BLDG-MANUAL-LOUVER,"Blower Building manual louvered vent, 24 x 24 in., Pottoroff EXD-645",Blower Building,Install,23-C01,HVAC & Ventilation — Blower Building,2023-04-01,2023-07-31,2023-03-31,N,N,,,,,,1,,0,0,PROPOSED-Blower-Building-Manual-Louver (Electrical & Controls); PROPOSED-Louver-24x24-Manual (Structural & Building),#22,Inferred,1,,23 34 00,23 34 00,Process & Mechanical
CWP 23,HVAC & Ventilation,EF-1,"Exhaust Fan 1, Blower Building (motor marked 1/2), circuit LP1-5",Blower Building,Install,23-C01,HVAC & Ventilation — Blower Building,2023-04-01,2023-07-31,2023-03-31,Not stated,Not stated,,,,,,1,,0,0,PROPOSED-BLOWER-BLDG-WALL-FANS (Process & Mechanical); PROPOSED-Exhaust-Fans-Blower-Building (Structural & Building),"#20, #203",Inferred,"1 (equipment, Inferred per 04); 6 (power and control)",E2.2; E6.2,,E2.2; E6.2,Electrical & Controls
CWP 23,HVAC & Ventilation,EF-2,"Exhaust Fan 2, Blower Building (motor marked 1/2), circuit LP1-7",Blower Building,Install,23-C01,HVAC & Ventilation — Blower Building,2023-04-01,2023-07-31,2023-03-31,Not stated,Not stated,,,,,,1,,0,0,PROPOSED-BLOWER-BLDG-WALL-FANS (Process & Mechanical); PROPOSED-Exhaust-Fans-Blower-Building (Structural & Building),"#20, #203",Inferred,"1 (equipment, Inferred per 04); 6 (power and control)",E2.2; E6.2,,E2.2; E6.2,Electrical & Controls
CWP 23,HVAC & Ventilation,ML-1,"Motorized louver ML-1, Blower Building (motor marked 1/6), louver and HVAC control circuit LP1-3",Blower Building,Install,23-C01,HVAC & Ventilation — Blower Building,2023-04-01,2023-07-31,2023-03-31,Not stated,Not stated,,,,,,1,,0,0,PROPOSED-Louver-36x84-Motorized (Structural & Building); PROPOSED-BLOWER-BLDG-MOTORIZED-LOUVER (Process & Mechanical),"#21, #203",Inferred,"1 (equipment, Inferred per 04); 6 (power and control)",E2.2,,E2.2,Electrical & Controls
CWP 23,HVAC & Ventilation,PROPOSED-Blower-Building-Manual-Louver,"Manual louver, Blower Building",Blower Building,Install,23-C01,HVAC & Ventilation — Blower Building,2023-04-01,2023-07-31,2023-03-31,Not stated,Not stated,,,,,,1,,0,0,PROPOSED-Louver-24x24-Manual (Structural & Building); PROPOSED-BLOWER-BLDG-MANUAL-LOUVER (Process & Mechanical),#22,Inferred,1 (Inferred per 04),E2.2,,E2.2,Electrical & Controls
CWP 23,HVAC & Ventilation,PROPOSED-Louver-36x84-Motorized,"Louver, 36 in x 84 in, motorized — Blower Building west wall",Blower Building,Install,23-C01,HVAC & Ventilation — Blower Building,2023-04-01,2023-07-31,2023-03-31,Not stated,Not stated,,,,,,1,,0,0,ML-1 (Electrical & Controls); PROPOSED-BLOWER-BLDG-MOTORIZED-LOUVER (Process & Mechanical),"#21, #228",Inferred,1 (Inferred per 04),A1.1; A1.2,,A1.1; A1.2,Structural & Building
CWP 23,HVAC & Ventilation,PROPOSED-Louver-24x24-Manual,"Louver, 24 in x 24 in, manual — Blower Building west wall",Blower Building,Install,23-C01,HVAC & Ventilation — Blower Building,2023-04-01,2023-07-31,2023-03-31,Not stated,Not stated,,,,,,1,,0,0,PROPOSED-Blower-Building-Manual-Louver (Electrical & Controls); PROPOSED-BLOWER-BLDG-MANUAL-LOUVER (Process & Mechanical),"#22, #228",Inferred,1 (Inferred per 04),A1.1; A1.2,,A1.1; A1.2,Structural & Building
CWP 23,HVAC & Ventilation,PROPOSED-Exhaust-Fans-Blower-Building,Exhaust fans (2) with 24 in x 24 in wall vents — Blower Building east wall,Blower Building,Install,23-C01,HVAC & Ventilation — Blower Building,2023-04-01,2023-07-31,2023-03-31,Not stated,Not stated,,,,,,1,,0,0,EF-2 (Electrical & Controls); PROPOSED-BLOWER-BLDG-WALL-FANS (Process & Mechanical); EF-1 (Electrical & Controls),"#20, #228",Inferred,1 (Inferred per 04),A1.1; A1.2,,A1.1; A1.2,Structural & Building
CWP 23,HVAC & Ventilation,PROPOSED-EXISTING-BLDG-WALL-FANS,"Existing Dewatering/Train 1&2 Building wall fans (3), Acme FQ18G6, 3,300 CFM, each on a manual on/off switch, with gravity combination louvers",Existing Dewatering/Train 1&2 Building Area,Install,23-C02,HVAC & Ventilation — Existing dewatering / treatment building,2023-04-01,2024-02-09,2023-03-31,N,N,,,,,,1,,0,0,EF-3 (Electrical & Controls); EF-4 (Electrical & Controls); EF-5 (Electrical & Controls); PROPOSED-WWTP-Building-Exhaust-Fan-24x24 (Structural & Building),#26,Unresolved,1,,23 34 00,23 34 00,Process & Mechanical
CWP 23,HVAC & Ventilation,PROPOSED-EXISTING-BLDG-LOUVERS,"Existing Dewatering/Train 1&2 Building manual louvered vents (2), 36 x 84 in., Pottoroff EXD-645",Existing Dewatering/Train 1&2 Building Area,Install,23-C02,HVAC & Ventilation — Existing dewatering / treatment building,2023-04-01,2024-02-09,2023-03-31,N,N,,,,,,1,,0,0,PROPOSED-WWTP-Building-Louver-3x7 (Structural & Building),#27,Inferred,1,,23 34 00,23 34 00,Process & Mechanical
CWP 23,HVAC & Ventilation,EF-3,"Exhaust Fan EF-3, Treatment Building, motor marked 1/2, circuit LP2-7 (1,127 VA)","Treatment Building (existing; E4.1 key note 3 calls it ""Dewatering Building"" — see Issues)",Install,23-C02,HVAC & Ventilation — Existing dewatering / treatment building,2023-04-01,2024-02-09,2023-03-31,Not stated,Not stated,,,,,,1,,0,0,PROPOSED-WWTP-Building-Exhaust-Fan-24x24 (Structural & Building); PROPOSED-EXISTING-BLDG-WALL-FANS (Process & Mechanical),"#26, #194, #205, #210",Inferred,"1 (equipment, Inferred per 04); 6 (power and control)",E4.1; E6.2; E8.3; E9.3,,E4.1; E6.2; E8.3; E9.3,Electrical & Controls
CWP 23,HVAC & Ventilation,EF-4,"Exhaust Fan EF-4, Treatment Building, motor marked 1/2, circuit LP2-9 (1,127 VA)","Treatment Building (existing; E4.1 key note 3 calls it ""Dewatering Building"" — see Issues)",Install,23-C02,HVAC & Ventilation — Existing dewatering / treatment building,2023-04-01,2024-02-09,2023-03-31,Not stated,Not stated,,,,,,1,,0,0,PROPOSED-WWTP-Building-Exhaust-Fan-24x24 (Structural & Building); PROPOSED-EXISTING-BLDG-WALL-FANS (Process & Mechanical),"#26, #194, #210",Inferred,"1 (equipment, Inferred per 04); 6 (power and control)",E4.1; E6.2; E8.3; E9.3,,E4.1; E6.2; E8.3; E9.3,Electrical & Controls
CWP 23,HVAC & Ventilation,EF-5,"Exhaust Fan EF-5, Treatment Building, motor marked 1/2, circuit LP2-11 (1,127 VA)","Treatment Building (existing; E4.1 key note 3 calls it ""Dewatering Building"" — see Issues)",Install,23-C02,HVAC & Ventilation — Existing dewatering / treatment building,2023-04-01,2024-02-09,2023-03-31,Not stated,Not stated,,,,,,1,,0,0,PROPOSED-WWTP-Building-Exhaust-Fan-24x24 (Structural & Building); PROPOSED-EXISTING-BLDG-WALL-FANS (Process & Mechanical),"#26, #194, #205",Inferred,"1 (equipment, Inferred per 04); 6 (power and control)",E4.1; E6.2; E8.3; E9.3,,E4.1; E6.2; E8.3; E9.3,Electrical & Controls
CWP 26,"Electrical, Instrumentation & Controls",PROPOSED-Construction-Power-Service,"Dedicated construction power service (contractor-provided, contractor-paid energy)",Not stated,Temporary,26-C12,"Electrical, Instrumentation & Controls — Temporary facilities and controls",2023-03-15,2024-10-16,2023-03-14,N,N,,,,,,1,,0,0,PROPOSED-Temporary-Construction-Power (Contract & General),#67,Verified,6 (Division 26 per 04),Not shown,26 05 00,26 05 00,Electrical & Controls
CWP 26,"Electrical, Instrumentation & Controls",PROPOSED-Temporary-Construction-Power,"Temporary construction power and lighting (poles, transformer if required, cords, outlets, lamps)",Site,Temporary,26-C12,"Electrical, Instrumentation & Controls — Temporary facilities and controls",2023-03-15,2024-10-16,2023-03-14,N,N,,,,,,1,,0,0,PROPOSED-Construction-Power-Service (Electrical & Controls),#67,Unresolved,1,,01 50 00,01 50 00,Contract & General
CWP 26,"Electrical, Instrumentation & Controls",MCC,"Motor control center, 480 V 3-ph 4-W, Blower Building, Allen-Bradley Centerline 2100 IntelliCENTER | Blower Building motor control center — 8 sections at 20 in, 160 in total per Add. 4",Blower Building,Install,26-C02,"Electrical, Instrumentation & Controls — Blower Building",2023-04-01,2023-07-31,2023-03-14,Y,Y,,,,,,1,,5,2,PROPOSED-Motor-Control-Center (Contract & General),"#23, #225",Inferred,6 | 6 (Inferred per 04),E1.1; E2.1; E2.2; E6.1; E6.2; E6.3; E7.0; E9.1; E9.2; A1.1,26 24 19,E1.1; E2.1; E2.2; E6.1; E6.2; E6.3; E7.0; E9.1; E9.2; 26 24 19; A1.1,Electrical & Controls; Structural & Building
CWP 26,"Electrical, Instrumentation & Controls",MCP,"Main Control Panel (PLC), Blower Building | Main control panel (MCP) — relocated per Add. 4",Blower Building,Install,26-C02,"Electrical, Instrumentation & Controls — Blower Building",2023-04-01,2023-07-31,2023-03-14,Y,Y,,,,,,1,,4,2,PROPOSED-PLC-Control-Panel (Contract & General),"#24, #226",Unresolved,6 | 6 (Inferred per 04),E2.1; E2.2; E6.2; E6.3; E7.0; E7.1; E7.2; E7.3; E7.4; E7.5; E7.6; E7.7; A1.1,26 80 00,E2.1; E2.2; E6.2; E6.3; E7.0; E7.1; E7.2; E7.3; E7.4; E7.5; E7.6; E7.7; 26 80 00; A1.1,Electrical & Controls; Structural & Building
CWP 26,"Electrical, Instrumentation & Controls",LP-1,"Lighting panel LP1, 120/240 V 1-ph 3-W, 100 A bus, 100 A main breaker, 10,000 AIC, surface mounted",Blower Building,Install,26-C02,"Electrical, Instrumentation & Controls — Blower Building",2023-04-01,2023-07-31,2023-03-14,Y,Y,,,,,,1,,3,1,,,Inferred,6,E2.1; E2.2; E6.1; E6.2; E9.1; E9.3,26 24 16,E2.1; E2.2; E6.1; E6.2; E9.1; E9.3; 26 24 16,Electrical & Controls
CWP 26,"Electrical, Instrumentation & Controls",PROPOSED-Blower-Building-Power-Handholes,Electric power handholes at the Blower Building (2 shown),Blower Building,Install,26-C02,"Electrical, Instrumentation & Controls — Blower Building",2023-04-01,2023-07-31,2023-03-14,N,N,,,,,,1,,0,0,,,Verified-Visual,6,E2.1; E10.1,26 05 33,E2.1; E10.1; 26 05 33,Electrical & Controls
CWP 26,"Electrical, Instrumentation & Controls",PROPOSED-Blower-Building-Control-Signal-Handholes,Electric control and signal handholes at the Blower Building (2 shown),Blower Building,Install,26-C02,"Electrical, Instrumentation & Controls — Blower Building",2023-04-01,2023-07-31,2023-03-14,N,N,,,,,,1,,0,0,,,Verified-Visual,6,E2.1; E10.1,26 05 33,E2.1; E10.1; 26 05 33,Electrical & Controls
CWP 26,"Electrical, Instrumentation & Controls",PROPOSED-Blower-Building-Smoke-Heat-Detector,"Ceiling smoke/heat detector, System Sensor 4WTAR-B, Form C relay, sounder, 4-wire",Blower Building,Install,26-C02,"Electrical, Instrumentation & Controls — Blower Building",2023-04-01,2023-07-31,2023-03-14,Y,Y,,,,,,1,,1,2,,,Verified,6,E2.1; E6.3; E7.3,26 80 00,E2.1; E6.3; E7.3; 26 80 00,Electrical & Controls
CWP 26,"Electrical, Instrumentation & Controls",PROPOSED-Blower-Building-Door-Intrusion-Switch,"Door intrusion switch, magnetic reed SPDT, Interlogix Sentrol 2807T or equal",Blower Building,Install,26-C02,"Electrical, Instrumentation & Controls — Blower Building",2023-04-01,2023-07-31,2023-03-14,Y,Y,,,,,,1,,1,2,,,Verified,6,E2.1; E6.3; E7.3,26 80 00,E2.1; E6.3; E7.3; 26 80 00,Electrical & Controls
CWP 26,"Electrical, Instrumentation & Controls",PROPOSED-2W-Pressure-Transducer,"2W system pressure transducer, 0–150 psi, 4–20 mA, Blower Building",Blower Building,Install,26-C02,"Electrical, Instrumentation & Controls — Blower Building",2023-04-01,2023-07-31,2023-03-14,Y,Y,,,,,,1,,1,2,PIT-620 (Process & Mechanical),#48,Verified,6,E2.1; E6.3; E7.5,26 80 00; 26 80 00,E2.1; E6.3; E7.5; 26 80 00,Electrical & Controls
CWP 26,"Electrical, Instrumentation & Controls",PROPOSED-Blower-High-Temperature-Switches,High-temperature switches at the aeration blowers (typ.),Blower Building,Install,26-C02,"Electrical, Instrumentation & Controls — Blower Building",2023-04-01,2023-07-31,2023-03-14,Not stated,Not stated,,,,,,1,,0,0,,#118,Verified-Visual,6,E2.1; E7.3,,E2.1; E7.3,Electrical & Controls
CWP 26,"Electrical, Instrumentation & Controls",PROPOSED-Blower-Building-Grounding-Electrode-System,"Blower Building grounding electrode system (ground rods, concrete-encased electrode, structural steel, metal water pipe)",Blower Building,Install,26-C02,"Electrical, Instrumentation & Controls — Blower Building",2023-04-01,2023-07-31,2023-03-14,N,Y,,,,,,1,,0,1,,,Verified,6,E2.1; E10.1,26 05 26,E2.1; E10.1; 26 05 26,Electrical & Controls
CWP 26,"Electrical, Instrumentation & Controls",L1 (Blower Building),"Light fixture type L1: narrow LED 4-ft, vapor tight, 120 V, 42 VA (Acuity CSVT-L48…)",Blower Building,Install,26-C02,"Electrical, Instrumentation & Controls — Blower Building",2023-04-01,2023-07-31,2023-03-14,Y,Y,,,,,,1,,2,1,,,Verified-Visual,6,E2.2,26 51 19,E2.2,Electrical & Controls
CWP 26,"Electrical, Instrumentation & Controls",L2 (Blower Building),"Light fixture type L2: LED wall pack, wet location, photocell, 120 V, 17 VA (Acuity ARC1 LED…)",Blower Building,Install,26-C02,"Electrical, Instrumentation & Controls — Blower Building",2023-04-01,2023-07-31,2023-03-14,Y,Y,,,,,,1,,2,1,,,Verified-Visual,6,E2.2,26 51 19,E2.2,Electrical & Controls
CWP 26,"Electrical, Instrumentation & Controls",X1 (Blower Building),"Light fixture type X1: LED emergency combo with battery pack, 120 V, 6 VA (Lithonia ECC)",Blower Building,Install,26-C02,"Electrical, Instrumentation & Controls — Blower Building",2023-04-01,2023-07-31,2023-03-14,Y,Y,,,,,,1,,2,1,,,Verified-Visual,6,E2.2,26 51 19,E2.2,Electrical & Controls
CWP 26,"Electrical, Instrumentation & Controls",PROPOSED-Blower-Building-Ventilation-Control-Panel,"Ventilation control panel: relay controls, one thermostat per exhaust fan, louver interlock",Blower Building,Install,26-C02,"Electrical, Instrumentation & Controls — Blower Building",2023-04-01,2023-07-31,2023-03-14,Not stated,Not stated,,,,,,1,,0,0,,#119,Verified,6,E2.2,,E2.2,Electrical & Controls
CWP 26,"Electrical, Instrumentation & Controls",T2,"Transformer T2, 20 kVA, 480–120/240V (MCC; feeds load center LP1)",Blower Building,Install,26-C02,"Electrical, Instrumentation & Controls — Blower Building",2023-04-01,2023-07-31,2023-03-14,Y,N,,,,,,1,,2,0,,,Inferred,6,E6.1; E9.1,26 22 13,E6.1; E9.1; 26 22 13,Electrical & Controls
CWP 26,"Electrical, Instrumentation & Controls",PROPOSED-VFDs-in-MCC,"Variable frequency drives in the MCC (10), Allen-Bradley PowerFlex 753 with Ethernet module, each with a 3% line-side reactor; dV/dt filters on motor runs over 50 ft",Blower Building,Install,26-C02,"Electrical, Instrumentation & Controls — Blower Building",2023-04-01,2023-07-31,2023-03-14,Y,Y,,,,,,1,,5,2,,#176,Inferred,6,E6.1; E7.0; E7.3; E7.4; E7.7; E9.1; E9.2,26 29 23,E6.1; E7.0; E7.3; E7.4; E7.7; E9.1; E9.2; 26 29 23,Electrical & Controls
CWP 26,"Electrical, Instrumentation & Controls",PROPOSED-Blower-PTC-Relay-Modules,"Blower motor PTC relay modules (5), furnished by the blower supplier, installed in the main PLC control panel",Blower Building,Install,26-C02,"Electrical, Instrumentation & Controls — Blower Building",2023-04-01,2023-07-31,2023-03-14,Not stated,Not stated,,,,,,1,,0,0,,"#127, #214",Inferred,"1 (equipment, Inferred per 04); 6 (power and control)",E7.1; E7.2; E7.3,,E7.1; E7.2; E7.3,Electrical & Controls
CWP 26,"Electrical, Instrumentation & Controls",PROPOSED-Electrical-Equipment-Housekeeping-Pads,"Concrete housekeeping pads under floor-mounted electrical equipment (MCC, main PLC panel, IPS panel)","Blower Building (MCC, main PLC panel); Influent Pump Station (IPS panel)",Install,26-C02,"Electrical, Instrumentation & Controls — Blower Building",2023-04-01,2023-07-31,2023-03-14,N,N,,,,,,1,,0,0,,#213,Inferred,6 (Division 26 per 04); concrete per civil specifications,E7.1; E8.1; E9.1,26 05 00,E7.1; E8.1; E9.1; 26 05 00,Electrical & Controls
CWP 26,"Electrical, Instrumentation & Controls",PROPOSED-Motor-Control-Center,Motor control center (MCC),Blower Building,Install,26-C02,"Electrical, Instrumentation & Controls — Blower Building",2023-04-01,2023-07-31,2023-03-14,Y,Y,,,,,,1,,9,3,MCC (Electrical & Controls),"#23, #253",Inferred,6,,00 31 13; 01 33 00; 01 70 00,00 31 13; 01 33 00; 01 70 00,Contract & General
CWP 26,"Electrical, Instrumentation & Controls",PROPOSED-DB-Local-Disconnect,"Local disconnect for digester blower DB, NEMA 4X stainless steel",Not stated — at DB (see DB row),Install,26-C05,"Electrical, Instrumentation & Controls — Aerobic digester",2023-04-01,2023-11-01,2023-03-14,Y,N,,,,,,1,,1,0,,,Verified-Visual,6,E2.1,26 28 16,E2.1,Electrical & Controls
CWP 26,"Electrical, Instrumentation & Controls",PROPOSED-Digester-Level-Transducer,"Digester level transducer: WIKA submersible, 316 SS, 0–15 psi, LevelGuard, 4–20 mA, vented, desiccant, NEMA 4X; J-box with terminals and desiccant on the handrail",Digester,Install,26-C05,"Electrical, Instrumentation & Controls — Aerobic digester",2023-04-01,2023-11-01,2023-03-14,Y,Y,,,,,,1,,1,3,S1–S2 [Aerobic Digester] (Process & Mechanical),#58,Unresolved,6,E5.1; E6.3; E7.1; E7.5,26 80 00,E5.1; E6.3; E7.1; E7.5,Electrical & Controls
CWP 26,"Electrical, Instrumentation & Controls",PROPOSED-Hot Box #1 flow meter,"1-inch flow meter in Hot Box #1, 'per electrical design requirements'",Site,Install,26-C10,"Electrical, Instrumentation & Controls — 480V service, MCC and PLC panel",2023-04-01,2023-10-04,2023-03-14,N,N,,,,,,1,,0,0,PROPOSED-2W-FLOW-METER (Process & Mechanical); PROPOSED-2W-Flow-Meter (Electrical & Controls),#11,Inferred,1,C7.6 (Det. 1),,C7.6,Civil & Site
CWP 26,"Electrical, Instrumentation & Controls",PROPOSED-EFFLUENT-FLOW-METER,"Plant effluent flow meter, 8-inch electromagnetic, 0-940 gpm",Site (upstream of UV per G0.5),Install,26-C10,"Electrical, Instrumentation & Controls — 480V service, MCC and PLC panel",2023-04-01,2023-10-04,2023-03-14,N,N,,,,,,1,,0,0,PROPOSED-Effluent-Flow-Meter (Electrical & Controls); PROPOSED-8in-Effluent-Flow-Meter (Contract & General),#10,Inferred,6,G0.5; G0.6; G0.7,,G0.5; G0.6; G0.7,Process & Mechanical
CWP 26,"Electrical, Instrumentation & Controls",PROPOSED-Utility-Transformer-480V,"Utility transformer, 480Y/277V, 225 kVA (new; furnished and installed by OPALCO)",Electric Service Area,Install,26-C10,"Electrical, Instrumentation & Controls — 480V service, MCC and PLC panel",2023-04-01,2023-10-04,2023-03-14,Not stated,Not stated,,,,,,1,,0,0,,,Verified-Visual,"6 (contractor scope only: pad modification, secondary conduit and wire)",E0.2; E1.1; E6.1,26 05 00,E0.2; E1.1; E6.1,Electrical & Controls
CWP 26,"Electrical, Instrumentation & Controls",P-SEC,"Utility secondary conduit and conductors, new utility transformer to service equipment (by contractor)",Electric Service Area,Install,26-C10,"Electrical, Instrumentation & Controls — 480V service, MCC and PLC panel",2023-04-01,2023-10-04,2023-03-14,N,Y,,,,,,1,,0,3,,,Verified-Visual,6,E1.1; E6.1; E6.3,26 05 19; 26 05 33; 26 05 00,E1.1; E6.1; E6.3,Electrical & Controls
CWP 26,"Electrical, Instrumentation & Controls",PROPOSED-CT-Enclosure-and-Meter-Base,"CT enclosure, landing pads and meter base (new; meter and CTs by utility)",Electric Service Area,Install,26-C10,"Electrical, Instrumentation & Controls — 480V service, MCC and PLC panel",2023-04-01,2023-10-04,2023-03-14,Not stated,Not stated,,,,,,1,,0,0,,,Verified,6,E0.2; E1.1; E6.1; E6.3,26 05 00,E0.2; E1.1; E6.1; E6.3,Electrical & Controls
CWP 26,"Electrical, Instrumentation & Controls",ATS,"Automatic transfer switch, service-entrance rated, 480Y/277V, 400 A (permanent)",Electric Service Area,Install,26-C10,"Electrical, Instrumentation & Controls — 480V service, MCC and PLC panel",2023-04-01,2023-10-04,2023-03-14,Y,Y,,,,,,1,,3,3,PROPOSED-Automatic-Transfer-Switch (Contract & General),"#66, #255",Unresolved,6; 18 — Unresolved (see 04) for the temporary-generator connection,E1.1; E6.1; E6.3; E7.3,26 36 00,E1.1; Add. 4 Generator Exhibit; E6.1; E6.3; E7.3; 26 36 00,Electrical & Controls
CWP 26,"Electrical, Instrumentation & Controls",MDP,"Main distribution panel MDP, 480Y/277V 3-ph 4-W, 400 A bus, main lugs only, 42,000 AIC, surface mounted, with SPD",Electric Service Area,Install,26-C10,"Electrical, Instrumentation & Controls — 480V service, MCC and PLC panel",2023-04-01,2023-10-04,2023-03-14,Y,Y,,,,,,1,,3,1,,,Inferred,6,E1.1; E6.1; E6.2; E6.3,26 24 16,E1.1; E6.1; E6.2; E6.3; 26 24 16,Electrical & Controls
CWP 26,"Electrical, Instrumentation & Controls",TS,"Transformer TS, 75 kVA, 480–208Y/120V",Electric Service Area,Install,26-C10,"Electrical, Instrumentation & Controls — 480V service, MCC and PLC panel",2023-04-01,2023-10-04,2023-03-14,Y,N,,,,,,1,,2,0,,,Inferred,6,E1.1; E6.1; E6.3,26 22 13,E1.1; E6.1; E6.3; 26 22 13,Electrical & Controls
CWP 26,"Electrical, Instrumentation & Controls",PROPOSED-Existing-Grounding-Electrode-System,Existing grounding electrode system (kept; new equipment and electrodes bonded to it),Electric Service Area / existing buildings,Modify / connect,26-C10,"Electrical, Instrumentation & Controls — 480V service, MCC and PLC panel",2023-04-01,2023-10-04,2023-03-14,N,N,,,,,,1,,0,0,,,Verified,6,E0.2; E1.1,26 05 26,E0.2; E1.1,Electrical & Controls
CWP 26,"Electrical, Instrumentation & Controls",PROPOSED-Conduit-and-Conductor-Runs,"Conduit and conductor runs per the E6.3 schedules: 40 named power runs (+2 unnamed UV controller circuits, AC spare) and 38 named 24 VDC control/signal runs (+DC spare)",Site-wide,Install,26-C10,"Electrical, Instrumentation & Controls — 480V service, MCC and PLC panel",2023-04-01,2023-10-04,2023-03-14,N,Y,,,,,,1,,0,2,,,Inferred,6,E6.3; E10.1; E10.2,26 05 19; 26 05 33,E6.3; E10.1; E10.2; 26 05 19; 26 05 33,Electrical & Controls
CWP 26,"Electrical, Instrumentation & Controls",PROPOSED-8in-Effluent-Flow-Meter,8-inch effluent flow meter,Not stated,Install,26-C10,"Electrical, Instrumentation & Controls — 480V service, MCC and PLC panel",2023-04-01,2023-10-04,2023-03-14,Y,Y,,,,,,1,,9,3,PROPOSED-Effluent-Flow-Meter (Electrical & Controls); PROPOSED-EFFLUENT-FLOW-METER (Process & Mechanical),"#10, #253",Inferred,Not stated,,00 31 13; 01 33 00; 01 70 00,00 31 13; 01 33 00; 01 70 00,Contract & General
CWP 26,"Electrical, Instrumentation & Controls",PROPOSED-Automatic-Transfer-Switch,Automatic transfer switch (permanent),Not stated,Install,26-C10,"Electrical, Instrumentation & Controls — 480V service, MCC and PLC panel",2023-04-01,2023-10-04,2023-03-14,Y,Y,,,,,,1,,9,3,ATS (Electrical & Controls),"#66, #253, #255",Unresolved,18 — Unresolved (see 04),,01 33 00; 01 70 00,00 41 00; 01 33 00; 01 70 00,Contract & General
CWP 26,"Electrical, Instrumentation & Controls",PROPOSED-480V-Electrical-Service,480V electrical service (new),Not stated,Install,26-C10,"Electrical, Instrumentation & Controls — 480V service, MCC and PLC panel",2023-04-01,2023-10-04,2023-03-14,Y,Y,,,,,,1,,9,3,,#253,Inferred,6,,00 31 13; 01 33 00; 01 70 00,00 31 13; 01 33 00; 01 70 00,Contract & General
CWP 26,"Electrical, Instrumentation & Controls",PROPOSED-PLC-Control-Panel,PLC control panel (new),Not stated,Install,26-C10,"Electrical, Instrumentation & Controls — 480V service, MCC and PLC panel",2023-04-01,2023-10-04,2023-03-14,Y,Y,,,,,,1,,10,5,MCP (Electrical & Controls),"#24, #253",Inferred,6,,00 31 13; 00 73 00; 01 33 00; 01 70 00,00 31 13; 00 73 00; 01 33 00; 01 70 00,Contract & General
CWP 26,"Electrical, Instrumentation & Controls",PROPOSED-Magnetic-Flow-Meters,Magnetic flow meters (all units; count and locations not stated),Not stated,Install,26-C10,"Electrical, Instrumentation & Controls — 480V service, MCC and PLC panel",2023-04-01,2023-10-04,2023-03-14,Y,Y,,,,,,1,,11,4,,"#251, #253",Inferred,Not stated,,01 91 00; 01 33 00; 01 70 00,01 91 00; 01 33 00; 01 70 00,Contract & General
CWP 26,"Electrical, Instrumentation & Controls",PROPOSED-WAS-FLOW-METER,"WAS flow meter, 2-inch, on the WAS line to the digester, per electrical design requirements",Sludge Pump and Valving Area,Install,26-C11,"Electrical, Instrumentation & Controls — Sludge pumps and valving",2023-04-01,2023-11-01,2023-03-14,N,N,,,,,,1,,0,0,PROPOSED-WAS-Dewatering-Flow-Meter (Electrical & Controls),#43,Unresolved,6,C6.2,,C6.2,Process & Mechanical
CWP 26,"Electrical, Instrumentation & Controls",P-TPS,"Replacement 200 A 208Y/120V feeder, existing switchgear to Panel TPS",Site — Electric Service Area to existing Treatment Building,Install,26-C15,"Electrical, Instrumentation & Controls — Existing dewatering / treatment building",2023-04-01,2024-02-09,2023-03-14,N,Y,,,,,,1,,0,3,,,Verified,6,E0.2; E1.1; E4.1; E6.1; E6.3,26 05 19; 26 05 33,E0.2; E1.1; E4.1; E6.1; E6.3,Electrical & Controls
CWP 26,"Electrical, Instrumentation & Controls",TPS,"Panel TPS, 208Y/120V 3-ph 4-W, 200 A (kept; re-fed)",Existing Treatment Building,Modify / connect,26-C15,"Electrical, Instrumentation & Controls — Existing dewatering / treatment building",2023-04-01,2024-02-09,2023-03-14,Not stated,Not stated,,,,,,1,,0,0,,,Verified,6,E0.2; E1.1; E4.1; E6.1,,E0.2; E1.1; E4.1; E6.1,Electrical & Controls
CWP 26,"Electrical, Instrumentation & Controls",PROPOSED-Existing-208V-400A-Distribution-Panel,"Existing 208Y/120V 400 A distribution panel (Square-D I-Line), Office Building, re-fed from transformer TS",Existing Office Building,Modify / connect,26-C15,"Electrical, Instrumentation & Controls — Existing dewatering / treatment building",2023-04-01,2024-02-09,2023-03-14,Not stated,Not stated,,,,,,1,,0,0,,,Inferred,6,E0.2; E1.1; E6.1; E6.3,,E0.2; E1.1; E6.1; E6.3,Electrical & Controls
CWP 26,"Electrical, Instrumentation & Controls",PROPOSED-Treatment-Building-Power-Handhole,Electric power handhole at the Treatment Building / IPS panel location,"Treatment Building (existing; E4.1 key note 3 calls it ""Dewatering Building"" — see Issues)",Install,26-C15,"Electrical, Instrumentation & Controls — Existing dewatering / treatment building",2023-04-01,2024-02-09,2023-03-14,N,N,,,,,,1,,0,0,,,Verified,6,E4.1; E10.1,26 05 33,E4.1; E10.1; 26 05 33,Electrical & Controls
CWP 26,"Electrical, Instrumentation & Controls",PROPOSED-Treatment-Building-Control-Signal-Handhole,Electric control and signal handhole at the Treatment Building / IPS panel location,"Treatment Building (existing; E4.1 key note 3 calls it ""Dewatering Building"" — see Issues)",Install,26-C15,"Electrical, Instrumentation & Controls — Existing dewatering / treatment building",2023-04-01,2024-02-09,2023-03-14,N,N,,,,,,1,,0,0,,,Verified,6,E4.1; E7.0; E10.1,26 05 33,E4.1; E7.0; E10.1; 26 05 33,Electrical & Controls
CWP 26,"Electrical, Instrumentation & Controls",PROPOSED-WAS-Dewatering-Flow-Meter,"Dewatering flow meter (""WAS flow meter"" on E7.0), Promag W400 with local display, Cat 6 to the IPS panel","Treatment Building (existing; E4.1 key note 3 calls it ""Dewatering Building"" — see Issues)",Install,26-C15,"Electrical, Instrumentation & Controls — Existing dewatering / treatment building",2023-04-01,2024-02-09,2023-03-14,Y,Y,,,,,,1,,2,3,PROPOSED-WAS-FLOW-METER (Process & Mechanical),"#43, #184",Inferred,6,E4.1; E6.3; E7.0; E10.2,26 80 00,E4.1; E6.3; E7.0; E10.2,Electrical & Controls
CWP 26,"Electrical, Instrumentation & Controls",PROPOSED-WAS-and-Sludge-Pump-Local-Disconnects,"Local motor disconnects for WP-1, WP-2 and SD-1 (3)","Treatment Building (existing; E4.1 key note 3 calls it ""Dewatering Building"" — see Issues)",Install,26-C15,"Electrical, Instrumentation & Controls — Existing dewatering / treatment building",2023-04-01,2024-02-09,2023-03-14,Y,N,,,,,,1,,3,0,PROPOSED-SLUDGE-PUMP-LOCAL-PANELS (Process & Mechanical),#62,Inferred,6,E4.1; E6.1,26 28 16,E4.1; E6.1,Electrical & Controls
CWP 26,"Electrical, Instrumentation & Controls",PROPOSED-Treatment-Building-Ventilation-Control-Panel,"Ventilation control panel, Treatment Building, NEMA 4X stainless steel","Treatment Building (existing; E4.1 key note 3 calls it ""Dewatering Building"" — see Issues)",Install,26-C15,"Electrical, Instrumentation & Controls — Existing dewatering / treatment building",2023-04-01,2024-02-09,2023-03-14,Y,Y,,,,,,1,,3,4,,,Unresolved,6,E4.1; E6.2; E8.3; E8.4; E9.3,26 80 00,E4.1; E6.2; E8.3; E8.4; E9.3; 26 80 00,Electrical & Controls
CWP 26,"Electrical, Instrumentation & Controls",PROPOSED-Methane-Sensor,"Methane gas sensor, Treatment Building, circuit LP2-4 (500 VA)","Treatment Building (existing; E4.1 key note 3 calls it ""Dewatering Building"" — see Issues)",Install,26-C15,"Electrical, Instrumentation & Controls — Existing dewatering / treatment building",2023-04-01,2024-02-09,2023-03-14,Y,Y,,,,,,1,,3,3,,,Verified-Visual,6,E4.1; E6.2; E8.4; E8.5; E9.3,26 80 00,E4.1; E6.2; E8.4; E8.5; E9.3; 26 80 00,Electrical & Controls
CWP 26,"Electrical, Instrumentation & Controls",PROPOSED-H2S-Sensor,"Hydrogen sulfide (H2S) sensor, Treatment Building, circuit LP2-2 (500 VA)","Treatment Building (existing; E4.1 key note 3 calls it ""Dewatering Building"" — see Issues)",Install,26-C15,"Electrical, Instrumentation & Controls — Existing dewatering / treatment building",2023-04-01,2024-02-09,2023-03-14,Y,Y,,,,,,1,,3,3,,,Verified-Visual,6,E4.1; E6.2; E8.4; E8.5; E9.3,26 80 00,E4.1; E6.2; E8.4; E8.5; E9.3; 26 80 00,Electrical & Controls
CWP 26,"Electrical, Instrumentation & Controls",PROPOSED-Gas-Alarm-Light-and-Horn,"Local alarm light and horn for ventilation and gas monitoring, Treatment Building","Treatment Building (existing; E4.1 key note 3 calls it ""Dewatering Building"" — see Issues)",Install,26-C15,"Electrical, Instrumentation & Controls — Existing dewatering / treatment building",2023-04-01,2024-02-09,2023-03-14,Y,Y,,,,,,1,,2,3,,,Verified-Visual,6,E4.1; E8.4,26 80 00,E4.1; E8.4; 26 80 00,Electrical & Controls
CWP 26,"Electrical, Instrumentation & Controls",L2 (Treatment Building),"Light fixture type L2 wall packs on circuit LP2-3 (""wall pack lighting"", 500 VA)","Treatment Building (existing; E4.1 key note 3 calls it ""Dewatering Building"" — see Issues)",Install,26-C15,"Electrical, Instrumentation & Controls — Existing dewatering / treatment building",2023-04-01,2024-02-09,2023-03-14,Y,Y,,,,,,1,,4,3,,,Inferred,6,E4.1; E6.2; E8.1,26 51 19,E4.1; E6.2; E8.1,Electrical & Controls
CWP 26,"Electrical, Instrumentation & Controls",PROPOSED-Effluent-Flow-Meter,"Effluent magnetic flow meter in vault, Promag W400, remote housing, IP68 Type 6 potted submersible sensor, two 316L grounding rings",UV Disinfection Chamber,Install,26-C16,"Electrical, Instrumentation & Controls — UV chamber",2023-04-01,2023-10-11,2023-03-14,Y,Y,,,,,,1,,1,3,PROPOSED-8in-Effluent-Flow-Meter (Contract & General); PROPOSED-EFFLUENT-FLOW-METER (Process & Mechanical),#10,Inferred,6,E5.1; E6.3; E7.0; E10.2,26 80 00,E5.1; E6.3; E7.0; E10.2,Electrical & Controls
CWP 26,"Electrical, Instrumentation & Controls",PROPOSED-Effluent-Flow-Meter-Transmitter-Panel,"Effluent flow meter transmitter panel: stainless local control panel with the transmitter and instrument terminals, on handrail or rack with SS hardware",UV Disinfection Chamber,Install,26-C16,"Electrical, Instrumentation & Controls — UV chamber",2023-04-01,2023-10-11,2023-03-14,Y,Y,,,,,,1,,1,3,,,Verified,6,E5.1; E6.3,26 80 00,E5.1; E6.3; 26 80 00,Electrical & Controls
CWP 26,"Electrical, Instrumentation & Controls",PROPOSED-UV-Control-Panel-1,"UV control panel 1 (UV system controller), furnished with the UV system, installed by the contractor",UV Disinfection Chamber,Install,26-C16,"Electrical, Instrumentation & Controls — UV chamber",2023-04-01,2023-10-11,2023-03-14,Not stated,Not stated,,,,,,1,,0,0,PROPOSED-UV-CONTROL-PANELS (Process & Mechanical),#55,Inferred,"1 (equipment, Inferred per 04); 6 (power and control)",E5.1; E6.3,,E5.1; E6.3,Electrical & Controls
CWP 26,"Electrical, Instrumentation & Controls",PROPOSED-UV-Control-Panel-2,"UV control panel 2 (UV system controller), furnished with the UV system, installed by the contractor",UV Disinfection Chamber,Install,26-C16,"Electrical, Instrumentation & Controls — UV chamber",2023-04-01,2023-10-11,2023-03-14,Not stated,Not stated,,,,,,1,,0,0,PROPOSED-UV-CONTROL-PANELS (Process & Mechanical),#55,Inferred,"1 (equipment, Inferred per 04); 6 (power and control)",E5.1; E6.3,,E5.1; E6.3,Electrical & Controls
CWP 26,"Electrical, Instrumentation & Controls",PROPOSED-UV-Power-Distribution-1,"UV power distribution 1: stainless splitter panel within 10 ft of the module power end, wiring gutter, J-boxes and (3) duplex GFCI power distribution receptacles (PDRs) with in-use wet-location covers on SS Unistrut; SS conduit and fittings",UV Disinfection Chamber,Install,26-C16,"Electrical, Instrumentation & Controls — UV chamber",2023-04-01,2023-10-11,2023-03-14,N,Y,,,,,,1,,0,2,PROPOSED-UV-CONTROL-PANELS (Process & Mechanical),#55,Verified-Visual,6,E5.1; E6.2; E6.3,26 27 26,E5.1; E6.2; E6.3,Electrical & Controls
CWP 26,"Electrical, Instrumentation & Controls",PROPOSED-UV-Power-Distribution-2,"UV power distribution 2: stainless splitter panel within 10 ft of the module power end, wiring gutter, J-boxes and (3) duplex GFCI power distribution receptacles (PDRs) with in-use wet-location covers on SS Unistrut; SS conduit and fittings",UV Disinfection Chamber,Install,26-C16,"Electrical, Instrumentation & Controls — UV chamber",2023-04-01,2023-10-11,2023-03-14,N,Y,,,,,,1,,0,2,PROPOSED-UV-CONTROL-PANELS (Process & Mechanical),#55,Verified-Visual,6,E5.1; E6.2; E6.3,26 27 26,E5.1; E6.2; E6.3,Electrical & Controls
CWP 26,"Electrical, Instrumentation & Controls",PROPOSED-UV-Area-Pole-Light,"UV-area pole light: 4-in square aluminum pole 12 ft on a concrete base secured to the basin side, photocell, local on/off switch, WP/GFCI receptacle; Lithonia ""#DXS0-LED-P3-30K-T3M-MVOLT-SPA-DNAXD"" (as printed) or equal",UV Disinfection Chamber,Install,26-C16,"Electrical, Instrumentation & Controls — UV chamber",2023-04-01,2023-10-11,2023-03-14,Y,Y,,,,,,1,,2,2,,,Unresolved,6,E5.1; E6.3,26 51 19,E5.1; E6.3,Electrical & Controls
CWP 26,"Electrical, Instrumentation & Controls",S1–S2 [Aerobic Digester],"Aerobic digester transducer level sensor(s): S1 high alarm 25.55, S2 low alarm 15.30",UV Disinfection Chamber & Digester,Install,26-C17,"Electrical, Instrumentation & Controls — UV chamber and digester",2023-04-01,2023-11-01,2023-03-14,N,N,,,,,,1,,0,0,PROPOSED-Digester-Level-Transducer (Electrical & Controls),#58,Inferred,1,C5.3,,C5.3,Process & Mechanical
CWP 26,"Electrical, Instrumentation & Controls",PROPOSED-2W-Flow-Meter,"2W flow meter, 1-in Promag W400, 24 VAC/DC, EtherNet/IP, local display, NEMA 4X, in Hot Box #1",2W Pump Station,Install,26-C01,"Electrical, Instrumentation & Controls — 2W air gap water system",2023-05-01,2023-10-18,2023-03-14,Y,Y,,,,,,1,,1,2,PROPOSED-2W-FLOW-METER (Process & Mechanical); PROPOSED-Hot Box #1 flow meter (Civil & Site),#11,Inferred,6,E4.3; E6.3; E7.0; E10.2,26 80 00,E4.3; E6.3; E7.0; E10.2,Electrical & Controls
CWP 26,"Electrical, Instrumentation & Controls",LSH-111,2W float F1: high level alarm and redundant valve close at 22.00 (factory float tree),2W Pump Station,Install,26-C01,"Electrical, Instrumentation & Controls — 2W air gap water system",2023-05-01,2023-10-18,2023-03-14,Y,Y,,,,,,1,,1,2,F1–F4 [2W Pump Station] (Process & Mechanical),#46,Verified-Visual,6,E4.3; E7.3,26 80 00,E4.3; E7.3,Electrical & Controls
CWP 26,"Electrical, Instrumentation & Controls",F2 (2W Pump Station),2W float F2: valve close at 20.00 (factory float tree),2W Pump Station,Install,26-C01,"Electrical, Instrumentation & Controls — 2W air gap water system",2023-05-01,2023-10-18,2023-03-14,Y,Y,,,,,,1,,1,2,F1–F4 [2W Pump Station] (Process & Mechanical),#46,Verified-Visual,6,E4.3; E7.3,26 80 00,E4.3; E7.3,Electrical & Controls
CWP 26,"Electrical, Instrumentation & Controls",F3 (2W Pump Station),2W float F3: valve open at 19.00 (factory float tree),2W Pump Station,Install,26-C01,"Electrical, Instrumentation & Controls — 2W air gap water system",2023-05-01,2023-10-18,2023-03-14,Y,Y,,,,,,1,,1,2,F1–F4 [2W Pump Station] (Process & Mechanical),#46,Verified-Visual,6,E4.3; E7.3,26 80 00,E4.3; E7.3,Electrical & Controls
CWP 26,"Electrical, Instrumentation & Controls",LSL-111,2W float F4: low level alarm and pumps off at 15.00 (factory float tree),2W Pump Station,Install,26-C01,"Electrical, Instrumentation & Controls — 2W air gap water system",2023-05-01,2023-10-18,2023-03-14,Y,Y,,,,,,1,,1,2,F1–F4 [2W Pump Station] (Process & Mechanical),#46,Verified-Visual,6,E4.3; E7.3,26 80 00,E4.3; E7.3,Electrical & Controls
CWP 26,"Electrical, Instrumentation & Controls",PROPOSED-2W-Pump-Local-Disconnects,Local motor disconnects for the two 2W pumps (2),2W Pump Station,Install,26-C01,"Electrical, Instrumentation & Controls — 2W air gap water system",2023-05-01,2023-10-18,2023-03-14,Y,N,,,,,,1,,2,0,,,Inferred,6,E6.1,26 28 16,E6.1,Electrical & Controls
CWP 26,"Electrical, Instrumentation & Controls",PROPOSED-Hot-Box-Heat-Trace,"Heat trace on all exposed 2W piping in Hot Boxes #1 and #2: Raychem BTV self-regulating or equal, dedicated 120 V 20 A GFEP circuits (LP1-10, LP1-12), NEMA 4X thermostat, end-of-line kit with indicator light",2W Pump Station,Install,26-C01,"Electrical, Instrumentation & Controls — 2W air gap water system",2023-05-01,2023-10-18,2023-03-14,Not stated,Not stated,,,,,,1,,0,0,,#124,Verified,6,E4.3; E6.2; E6.3,,E4.3; E6.2; E6.3,Electrical & Controls
CWP 26,"Electrical, Instrumentation & Controls",PROPOSED-Train 2 flow meter,"Train 2 flow meter, 8-inch, in Train 2 flow meter vault",Train 2,Install,26-C08,"Electrical, Instrumentation & Controls — Influent pump station and flow splitter",2023-06-01,2023-10-25,2023-03-14,N,N,,,,,,1,,0,0,PROPOSED-Plant-2-Flow-Meter (Electrical & Controls); PROPOSED-TRAIN-2-FLOW-METER (Process & Mechanical),#7,Inferred,1,C7.10 (Det. 1),,C7.10,Civil & Site
CWP 26,"Electrical, Instrumentation & Controls",PROPOSED-INFLUENT-FLOW-METER,"Influent flow meter, 6-inch electromagnetic, 0-880 gpm",Influent Flow Splitter,Install,26-C08,"Electrical, Instrumentation & Controls — Influent pump station and flow splitter",2023-06-01,2023-10-25,2023-03-14,N,N,,,,,,1,,0,0,PROPOSED-Influent-Flow-Meter (Electrical & Controls),#9,Inferred,6,G0.5; G0.6; G0.7; C3.1,,G0.5; G0.6; G0.7; C3.1,Process & Mechanical
CWP 26,"Electrical, Instrumentation & Controls",PROPOSED-TRAIN-2-FLOW-METER,"Train 2 influent flow meter, 8-inch electromagnetic, 0-470 gpm",Influent Flow Splitter,Install,26-C08,"Electrical, Instrumentation & Controls — Influent pump station and flow splitter",2023-06-01,2023-10-25,2023-03-14,N,N,,,,,,1,,0,0,PROPOSED-Plant-2-Flow-Meter (Electrical & Controls); PROPOSED-Train 2 flow meter (Civil & Site),#7,Inferred,6,G0.5; G0.6; G0.7; C3.1,,G0.5; G0.6; G0.7; C3.1,Process & Mechanical
CWP 26,"Electrical, Instrumentation & Controls",PROPOSED-TRAIN-3-FLOW-METER,"Train 3 influent flow meter, 8-inch electromagnetic, 0-470 gpm",Influent Flow Splitter,Install,26-C08,"Electrical, Instrumentation & Controls — Influent pump station and flow splitter",2023-06-01,2023-10-25,2023-03-14,N,N,,,,,,1,,0,0,PROPOSED-Plant-3-Flow-Meter (Electrical & Controls); PROPOSED-Train 3 flow meter (Civil & Site),#8,Inferred,6,G0.5; G0.6; G0.7; C3.1,,G0.5; G0.6; G0.7; C3.1,Process & Mechanical
CWP 26,"Electrical, Instrumentation & Controls",PROPOSED-PLANT-DRAIN-FLOW-METER | PROPOSED-Plant-Drain-Flow-Meter,"Plant drain flow meter, 4-inch electromagnetic, 0-200 gpm | Plant drain magnetic flow meter, Promag W400, remote transmitter at the IPS panel",Influent Pump Station,Install,26-C08,"Electrical, Instrumentation & Controls — Influent pump station and flow splitter",2023-06-01,2023-10-25,2023-03-14,Y,Y,,,,,,1,,3,5,,,Inferred,6,G0.5; G0.7; E4.1; E6.3; E7.0; E8.1; E10.2,26 80 00,G0.5; G0.7; E4.1; E6.3; E7.0; E8.1; E10.2,Process & Mechanical; Electrical & Controls
CWP 26,"Electrical, Instrumentation & Controls",F1 (Influent Pump Station),"Float switch F1, Eco-Float GP60NONC, non-mercury NO/NC — redundant large lag on at 19.00 (with timer)",Influent Pump Station,Install,26-C08,"Electrical, Instrumentation & Controls — Influent pump station and flow splitter",2023-06-01,2023-10-25,2023-03-14,Y,Y,,,,,,1,,3,5,F1–F4 [Influent Pump Station] (Process & Mechanical),#40,Inferred,6,E4.1; E4.2; E6.3; E8.1; E8.3; E10.1,26 80 00,E4.1; E4.2; E6.3; E8.1; E8.3; E10.1,Electrical & Controls
CWP 26,"Electrical, Instrumentation & Controls",F2 (Influent Pump Station),"Float switch F2, Eco-Float GP60NONC, non-mercury NO/NC — redundant large lead on at 18.50",Influent Pump Station,Install,26-C08,"Electrical, Instrumentation & Controls — Influent pump station and flow splitter",2023-06-01,2023-10-25,2023-03-14,Y,Y,,,,,,1,,3,5,F1–F4 [Influent Pump Station] (Process & Mechanical),#40,Inferred,6,E4.1; E4.2; E6.3; E8.1; E8.3; E10.1,26 80 00,E4.1; E4.2; E6.3; E8.1; E8.3; E10.1,Electrical & Controls
CWP 26,"Electrical, Instrumentation & Controls",F3 (Influent Pump Station),"Float switch F3, Eco-Float GP60NONC, non-mercury NO/NC — redundant small lag on at 18.00",Influent Pump Station,Install,26-C08,"Electrical, Instrumentation & Controls — Influent pump station and flow splitter",2023-06-01,2023-10-25,2023-03-14,Y,Y,,,,,,1,,3,5,F1–F4 [Influent Pump Station] (Process & Mechanical),#40,Inferred,6,E4.1; E4.2; E6.3; E8.1; E8.3; E10.1,26 80 00,E4.1; E4.2; E6.3; E8.1; E8.3; E10.1,Electrical & Controls
CWP 26,"Electrical, Instrumentation & Controls",F4 (Influent Pump Station),"Float switch F4, Eco-Float GP60NONC, non-mercury NO/NC — redundant small lead on at 17.50",Influent Pump Station,Install,26-C08,"Electrical, Instrumentation & Controls — Influent pump station and flow splitter",2023-06-01,2023-10-25,2023-03-14,Y,Y,,,,,,1,,3,5,F1–F4 [Influent Pump Station] (Process & Mechanical),#40,Inferred,6,E4.1; E4.2; E6.3; E8.1; E8.3; E10.1,26 80 00,E4.1; E4.2; E6.3; E8.1; E8.3; E10.1,Electrical & Controls
CWP 26,"Electrical, Instrumentation & Controls",LT (Influent Pump Station),"Submersible level transducer: WIKA pressure transmitter, 316 SS, 0–15 psi, LevelGuard, 4–20 mA loop powered, vented, NEMA 4X termination enclosure",Influent Pump Station,Install,26-C08,"Electrical, Instrumentation & Controls — Influent pump station and flow splitter",2023-06-01,2023-10-25,2023-03-14,Y,Y,,,,,,1,,3,4,PROPOSED-IPS-LEVEL-TRANSDUCER (Process & Mechanical),#39,Unresolved,6,E4.1; E4.2; E6.3; E8.1; E8.5; E10.1,26 80 00,E4.1; E4.2; E6.3; E8.1; E8.5; E10.1,Electrical & Controls
CWP 26,"Electrical, Instrumentation & Controls",IPS,"Influent Pump Station control panel, 480 V 3-ph 3-W, NEMA 4X SS: 60 A main, starters for IP-1 to IP-4, T3 and LP2, Allen-Bradley CompactLogix PLC (1768-ENBT), network switch, flow-meter transmitters",Influent Pump Station,Install,26-C08,"Electrical, Instrumentation & Controls — Influent pump station and flow splitter",2023-06-01,2023-10-25,2023-03-14,Y,Y,,,,,,1,,4,5,,,Unresolved,6,E4.1; E6.1; E6.3; E7.0; E7.2; E8.1; E8.2; E8.3; E8.4; E8.5; E8.6; E9.1,26 80 00,E4.1; E6.1; E6.3; E7.0; E7.2; E8.1; E8.2; E8.3; E8.4; E8.5; E8.6; E9.1; 26 80 00,Electrical & Controls
CWP 26,"Electrical, Instrumentation & Controls",T3,"Transformer T3, 10 kVA, 480–120/240V (inside IPS panel; feeds LP2)",Influent Pump Station,Install,26-C08,"Electrical, Instrumentation & Controls — Influent pump station and flow splitter",2023-06-01,2023-10-25,2023-03-14,Y,N,,,,,,1,,2,0,,,Inferred,6,E6.1; E8.1,26 22 13,E6.1; E8.1; 26 22 13,Electrical & Controls
CWP 26,"Electrical, Instrumentation & Controls",LP2,"Panel LP2 (Influent Pump Station panel), 120/240 V 1-ph 3-W, 100 A bus, 60 A main breaker, 10,000 AIC, surface mounted",Influent Pump Station,Install,26-C08,"Electrical, Instrumentation & Controls — Influent pump station and flow splitter",2023-06-01,2023-10-25,2023-03-14,Y,Y,,,,,,1,,4,3,,,Inferred,6,E4.1; E6.1; E6.2; E8.1,26 24 16,E4.1; E6.1; E6.2; E8.1; 26 24 16,Electrical & Controls
CWP 26,"Electrical, Instrumentation & Controls",PROPOSED-Influent-Pump-Local-Disconnects,Influent pump motor local disconnects (4) on the building wall within sight of the wet well; outdoor enclosures lockable Type 316 SS with drip shields,Influent Pump Station,Install,26-C08,"Electrical, Instrumentation & Controls — Influent pump station and flow splitter",2023-06-01,2023-10-25,2023-03-14,Y,N,,,,,,1,,3,0,,,Verified-Visual,6,E4.1; E6.1,26 28 16,E4.1; E6.1,Electrical & Controls
CWP 26,"Electrical, Instrumentation & Controls",PROPOSED-Influent-Wet-Well-Power-Handhole,"Influent wet well pump power handhole, precast, traffic rated, solid bottom with sump and drain",Influent Pump Station,Install,26-C08,"Electrical, Instrumentation & Controls — Influent pump station and flow splitter",2023-06-01,2023-10-25,2023-03-14,N,N,,,,,,1,,0,0,,,Verified-Visual,6,E4.1; E4.2; E10.1,26 05 33,E4.1; E4.2; E10.1; 26 05 33,Electrical & Controls
CWP 26,"Electrical, Instrumentation & Controls",PROPOSED-Influent-Wet-Well-Instrument-Handhole,"Influent wet well instrumentation handhole, precast, traffic rated, solid bottom with sump and drain",Influent Pump Station,Install,26-C08,"Electrical, Instrumentation & Controls — Influent pump station and flow splitter",2023-06-01,2023-10-25,2023-03-14,N,N,,,,,,1,,0,0,,,Verified-Visual,6,E4.1; E4.2; E6.3; E10.1,26 05 33,E4.1; E4.2; E6.3; E10.1; 26 05 33,Electrical & Controls
CWP 26,"Electrical, Instrumentation & Controls",PROPOSED-Influent-Flow-Meter,"Influent magnetic flow meter, Endress+Hauser Promag W400, Class I Div 2, EtherNet/IP, remote transmitter at the IPS panel, two 316L grounding rings",Influent Pump Station,Install,26-C08,"Electrical, Instrumentation & Controls — Influent pump station and flow splitter",2023-06-01,2023-10-25,2023-03-14,Y,Y,,,,,,1,,2,4,PROPOSED-INFLUENT-FLOW-METER (Process & Mechanical),#9,Inferred,6,E4.1; E6.3; E7.0; E8.1; E10.2,26 80 00,E4.1; E6.3; E7.0; E8.1; E10.2,Electrical & Controls
CWP 26,"Electrical, Instrumentation & Controls",PROPOSED-Plant-2-Flow-Meter,"Plant 2 magnetic flow meter (""Train #2 flow meter"" on E7.0), Promag W400, remote transmitter at the IPS panel",Influent Pump Station,Install,26-C08,"Electrical, Instrumentation & Controls — Influent pump station and flow splitter",2023-06-01,2023-10-25,2023-03-14,Y,Y,,,,,,1,,2,4,PROPOSED-Train 2 flow meter (Civil & Site); PROPOSED-TRAIN-2-FLOW-METER (Process & Mechanical),#7,Inferred,6,E4.1; E6.3; E7.0; E8.1; E10.2,26 80 00,E4.1; E6.3; E7.0; E8.1; E10.2,Electrical & Controls
CWP 26,"Electrical, Instrumentation & Controls",PROPOSED-Plant-3-Flow-Meter,"Plant 3 magnetic flow meter (""Train #3 flow meter"" on E7.0), Promag W400, remote transmitter at the IPS panel",Influent Pump Station,Install,26-C08,"Electrical, Instrumentation & Controls — Influent pump station and flow splitter",2023-06-01,2023-10-25,2023-03-14,Y,Y,,,,,,1,,2,4,PROPOSED-Train 3 flow meter (Civil & Site); PROPOSED-TRAIN-3-FLOW-METER (Process & Mechanical),#8,Inferred,6,E4.1; E6.3; E7.0; E8.1; E10.2,26 80 00,E4.1; E6.3; E7.0; E8.1; E10.2,Electrical & Controls
CWP 26,"Electrical, Instrumentation & Controls",PROPOSED-Train 3 flow meter,"Train 3 flow meter, 8-inch, in Train 3 flow meter vault",Train 3,Install,26-C14,"Electrical, Instrumentation & Controls — Train 3",2023-08-01,2024-07-08,2023-03-14,N,N,,,,,,1,,0,0,PROPOSED-Plant-3-Flow-Meter (Electrical & Controls); PROPOSED-TRAIN-3-FLOW-METER (Process & Mechanical),#8,Inferred,1,C7.10 (Det. 2),,C7.10,Civil & Site
CWP 26,"Electrical, Instrumentation & Controls",PROPOSED-Train-3-Local-Disconnects,"Local motor disconnects, NEMA 4X Type 316 SS, for the clarifier drive and two mixers (3)",Train No.3,Install,26-C14,"Electrical, Instrumentation & Controls — Train 3",2023-08-01,2024-07-08,2023-03-14,Y,N,,,,,,1,,2,0,,,Inferred,6,E3.1,26 28 16,E3.1,Electrical & Controls
CWP 26,"Electrical, Instrumentation & Controls",PROPOSED-Train-3-Pole-Light,"Platform pole light: 4-in square aluminum pole, 12 ft, receptacle, photocell, local switch; Lithonia ""#DXS0-LED-P3-30K-T3M-MVOLT-SPA-DNAXD"" (as printed) or equal",Train No.3,Install,26-C14,"Electrical, Instrumentation & Controls — Train 3",2023-08-01,2024-07-08,2023-03-14,Y,Y,,,,,,1,,3,1,,,Verified,6,E3.1; E6.3,26 51 19,E3.1; E6.3,Electrical & Controls
CWP 26,"Electrical, Instrumentation & Controls",PROPOSED-Temporary power generator,Temporary back-up power generator,Site,Temporary,26-C13,"Electrical, Instrumentation & Controls — Temporary back-up generator (rental)",2023-09-25,2024-04-30,2023-03-14,N,Y,,,,,,1,,0,1,PROPOSED-Temporary-Backup-Generator (Electrical & Controls); PROPOSED-Temporary-Back-Up-Generator (Contract & General),"#14, #255",Unresolved,18 — Unresolved (see 04),G0.3,,G0.3,Civil & Site
CWP 26,"Electrical, Instrumentation & Controls",PROPOSED-Temporary-Backup-Generator,"Temporary back-up generator (rental), connected to the permanent ATS until the permanent generator arrives; example cut sheet MQ Power 120 kW prime diesel",Electric Service Area,Temporary,26-C13,"Electrical, Instrumentation & Controls — Temporary back-up generator (rental)",2023-09-25,2024-04-30,2023-03-14,Y,Y,,,,,,1,,2,2,PROPOSED-Temporary power generator (Civil & Site); PROPOSED-Temporary-Back-Up-Generator (Contract & General),"#14, #142, #255",Unresolved,18 — Unresolved (see 04),None (Add. 4 and 26 05 00 only),26 05 00,Add. 4 Generator Exhibit; 26 05 00,Electrical & Controls
CWP 26,"Electrical, Instrumentation & Controls",PROPOSED-Temporary-Back-Up-Generator,"Temporary back-up generator (rental, 480V)",Not stated,Temporary,26-C13,"Electrical, Instrumentation & Controls — Temporary back-up generator (rental)",2023-09-25,2024-04-30,2023-03-14,N,Y,,,,,,1,,0,0,PROPOSED-Temporary power generator (Civil & Site); PROPOSED-Temporary-Backup-Generator (Electrical & Controls),"#14, #253, #255",Unresolved,18 — Unresolved (see 04),,00 31 13,00 31 13; 00 41 00,Contract & General
CWP 26,"Electrical, Instrumentation & Controls",PROPOSED-SCADA-Computer-System,"SCADA computer system with Cat 6 network junction box, combo network/telephone outlet and SCADA alarm dialer connection",Lab — existing Office/Lab/Shop Building,Install,26-C09,"Electrical, Instrumentation & Controls — SCADA / PLC programming",2023-10-04,2024-07-26,2023-03-14,Y,Y,,,,,,1,,1,3,,,Verified-Visual,"6 (extra SCADA/PLC programming, if ordered, is Item 17 — force account; 04)",E0.3; E6.3; E7.0,26 80 00,E0.3; E6.3; E7.0,Electrical & Controls
CWP 26,"Electrical, Instrumentation & Controls",PROPOSED-Existing-Utility-Transformer-208V,"Existing OPALCO pad-mount utility transformer, 208Y/120V 3-ph, 45 kVA",Electric Service Area,Remove,26-C04,"Electrical, Instrumentation & Controls — Existing service equipment removal",2023-10-05,2023-10-31,2023-03-14,Not stated,Not stated,,,,,,1,,0,0,,,Verified,6 (coordination only),E0.2; E1.1,26 05 00,E0.2; E1.1,Electrical & Controls
CWP 26,"Electrical, Instrumentation & Controls",PROPOSED-Existing-CT-Enclosure-and-Meter,Existing current transformer enclosure and OPALCO utility meter,Electric Service Area,Remove,26-C04,"Electrical, Instrumentation & Controls — Existing service equipment removal",2023-10-05,2023-10-31,2023-03-14,Not stated,Not stated,,,,,,1,,0,0,,,Verified,6,E0.2,26 05 00,E0.2; 26 05 00,Electrical & Controls
CWP 26,"Electrical, Instrumentation & Controls",PROPOSED-Existing-Meter-Base-and-Wall-Raceway,Existing obsolete meter base and raceway on building wall,Electric Service Area,Remove,26-C04,"Electrical, Instrumentation & Controls — Existing service equipment removal",2023-10-05,2023-10-31,2023-03-14,Not stated,Not stated,,,,,,1,,0,0,,,Verified,6,E0.2,26 05 00,E0.2; 26 05 00,Electrical & Controls
CWP 26,"Electrical, Instrumentation & Controls",PROPOSED-Existing-200A-Feeder-to-Panel-TPS,Existing 200 A 208Y/120V power feeder to Panel TPS,Site,Remove,26-C04,"Electrical, Instrumentation & Controls — Existing service equipment removal",2023-10-05,2023-10-31,2023-03-14,Not stated,Not stated,,,,,,1,,0,0,,,Verified,6,E0.2; E1.1,,E0.2; E1.1,Electrical & Controls
CWP 26,"Electrical, Instrumentation & Controls",GEN,"Standby diesel generator, 480Y/277V, 125 kW / 156 kVA, sound-attenuated outdoor enclosure with sub-base diesel fuel tank (permanent)",Electric Service Area,Install,26-C07,"Electrical, Instrumentation & Controls — Permanent standby generator",2024-03-01,2024-04-30,2023-03-14,Y,Y,,,,,,1,,3,1,PROPOSED-Generator-on-S2.4 (Structural & Building); PROPOSED-Permanent-Standby-Generator (Contract & General),"#65, #257",Unresolved,"Unresolved — 1 or 6 (see 04, Other bid-item conflicts #1); Equipment Alternate E",E1.1; E6.1; E6.3; E7.3; E10.3,26 32 13,E1.1; E6.1; E6.3; E7.3; E10.3; 26 32 13,Electrical & Controls
CWP 26,"Electrical, Instrumentation & Controls",PROPOSED-Service-Area-Grounding-Electrode-System,"Grounding electrode systems at the new service: utility transformer grounding, generator pad rebar bond, separately derived system grounding",Electric Service Area,Install,26-C07,"Electrical, Instrumentation & Controls — Permanent standby generator",2024-03-01,2024-04-30,2023-03-14,N,Y,,,,,,1,,0,1,,,Inferred,6,E1.1; E6.1; E10.1,26 05 26,E1.1; E6.1; E10.1; 26 05 26,Electrical & Controls
CWP 26,"Electrical, Instrumentation & Controls",PROPOSED-Generator-on-S2.4,"Generator shown on the generator slab — ""per civil, attachment by others""",Generator Pad,Install,26-C07,"Electrical, Instrumentation & Controls — Permanent standby generator",2024-03-01,2024-04-30,2023-03-14,Not stated,Not stated,,,,,,1,,0,0,GEN (Electrical & Controls); PROPOSED-Permanent-Standby-Generator (Contract & General),"#65, #236, #257",Unresolved,1 or 6 — Unresolved (see 04),S2.4,,S2.4,Structural & Building
CWP 26,"Electrical, Instrumentation & Controls",PROPOSED-Permanent-Standby-Generator,Permanent 480V standby generator,Not stated,Install,26-C07,"Electrical, Instrumentation & Controls — Permanent standby generator",2024-03-01,2024-04-30,2023-03-14,Y,Y,,,,,,1,,10,5,GEN (Electrical & Controls); PROPOSED-Generator-on-S2.4 (Structural & Building),"#65, #253, #257",Unresolved,1 or 6 — Unresolved (see 04); Equipment Alternate E,,00 31 13; 00 41 00; 00 73 00; 01 33 00; 01 70 00,00 31 13; 00 41 00; 00 73 00; 01 33 00; 01 70 00; CQA Plan,Contract & General
CWP 26,"Electrical, Instrumentation & Controls",GEN (E),"Existing standby diesel generator, 208Y/120V 3-ph, 30 kW / 37.5 kVA",Electric Service Area,Remove,26-C03,"Electrical, Instrumentation & Controls — Existing generator, switchgear and fuel tank removal",2024-05-01,2024-05-31,2023-03-14,Not stated,Not stated,,,,,,1,,0,0,,#150,Verified-Visual,6,E0.2,26 05 00,E0.2; 26 05 00,Electrical & Controls
CWP 26,"Electrical, Instrumentation & Controls",SES (E),"Existing 300 A service entrance breaker, SUSE rated, NEMA 3R",Electric Service Area,Remove,26-C03,"Electrical, Instrumentation & Controls — Existing generator, switchgear and fuel tank removal",2024-05-01,2024-05-31,2023-03-14,Not stated,Not stated,,,,,,1,,0,0,,#150,Verified-Visual,6,E0.2,26 05 00,E0.2; 26 05 00,Electrical & Controls
CWP 26,"Electrical, Instrumentation & Controls",ATS (E),"Existing automatic transfer switch, 4-wire, 3-pole",Electric Service Area,Remove,26-C03,"Electrical, Instrumentation & Controls — Existing generator, switchgear and fuel tank removal",2024-05-01,2024-05-31,2023-03-14,Not stated,Not stated,,,,,,1,,0,0,,#150,Verified-Visual,6,E0.2,26 05 00,E0.2; 26 05 00,Electrical & Controls
CWP 31,"Earthwork, Dewatering & Erosion Control",PROPOSED-Plastic covering for slopes and stockpiles,Plastic covering for slopes and stockpiles (TESC),Site,Temporary,31-C02,"Earthwork, Dewatering & Erosion Control — Temporary facilities and controls",2023-03-15,2024-10-16,2023-03-14,Y,N,,,,,,1,,1,0,PROPOSED-Erosion-and-Sediment-Control-Measures (Contract & General),#71,Inferred,4,C0.4 (Det. 1); C0.3,31 32 11,C0.4; 31 32 11,Civil & Site
CWP 31,"Earthwork, Dewatering & Erosion Control",PROPOSED-Catch basin inserts,"Catch basin inserts (inlet protection, TESC)",Site,Temporary,31-C02,"Earthwork, Dewatering & Erosion Control — Temporary facilities and controls",2023-03-15,2024-10-16,2023-03-14,Y,N,,,,,,1,,2,0,PROPOSED-Erosion-and-Sediment-Control-Measures (Contract & General),#71,Inferred,4,C0.4 (Det. 2); C0.2; C0.3,31 32 11,C0.4; C0.2; 31 32 11,Civil & Site
CWP 31,"Earthwork, Dewatering & Erosion Control",PROPOSED-Filter fabric fence,Filter fabric (silt) fence (TESC),Site,Temporary,31-C02,"Earthwork, Dewatering & Erosion Control — Temporary facilities and controls",2023-03-15,2024-10-16,2023-03-14,Y,N,,,,,,1,,2,0,PROPOSED-Erosion-and-Sediment-Control-Measures (Contract & General),#71,Unresolved,4,C0.4 (Det. 3); C0.2; C0.6; C0.3,31 32 11,C0.4; C0.2; C0.6; 31 32 11,Civil & Site
CWP 31,"Earthwork, Dewatering & Erosion Control",PROPOSED-Stabilized construction entrance,Stabilized construction entrance (quarry spalls on geotextile),Site,Temporary,31-C02,"Earthwork, Dewatering & Erosion Control — Temporary facilities and controls",2023-03-15,2024-10-16,2023-03-14,Y,N,,,,,,1,,2,0,PROPOSED-Erosion-and-Sediment-Control-Measures (Contract & General),#71,Unresolved,4,C0.4 (Det. 4); C0.2; C0.3,31 32 11,C0.4; C0.2; 31 32 11,Civil & Site
CWP 31,"Earthwork, Dewatering & Erosion Control",PROPOSED-Geotextile encased check dams,Geotextile encased check dams (BMP C208),Site,Temporary,31-C02,"Earthwork, Dewatering & Erosion Control — Temporary facilities and controls",2023-03-15,2024-10-16,2023-03-14,Y,N,,,,,,1,,1,0,PROPOSED-Erosion-and-Sediment-Control-Measures (Contract & General),#71,Unresolved,4,C0.4 (Det. 5); C0.3,31 32 11,C0.4; 31 32 11,Civil & Site
CWP 31,"Earthwork, Dewatering & Erosion Control",PROPOSED-Dewatering system,"Contractor dewatering system: pumps, backup pumps, standby generator, wells or well points, discharge treatment",Site,Temporary,31-C02,"Earthwork, Dewatering & Erosion Control — Temporary facilities and controls",2023-03-15,2024-10-16,2023-03-14,Y,Y,,,,,,1,,3,3,PROPOSED-Temporary-Construction-Dewatering (Contract & General),"#15, #69",Inferred,1,C0.2 (Element 10),31 23 19; 31 20 00,31 23 19; 31 20 00; C0.2,Civil & Site
CWP 31,"Earthwork, Dewatering & Erosion Control",PROPOSED-Compost berm,Compost berm (TESC),Site,Temporary,31-C02,"Earthwork, Dewatering & Erosion Control — Temporary facilities and controls",2023-03-15,2024-10-16,2023-03-14,Y,N,,,,,,1,,1,0,PROPOSED-Erosion-and-Sediment-Control-Measures (Contract & General),#71,Unresolved,4,—,31 32 11,31 32 11,Civil & Site
CWP 31,"Earthwork, Dewatering & Erosion Control",PROPOSED-Orange barrier fence,Orange high-visibility barrier fence (TESC / clearing limits),Site,Temporary,31-C02,"Earthwork, Dewatering & Erosion Control — Temporary facilities and controls",2023-03-15,2024-10-16,2023-03-14,Y,N,,,,,,1,,1,0,PROPOSED-Erosion-and-Sediment-Control-Measures (Contract & General),#71,Unresolved,4,C0.4 (Det. 3 note),31 32 11,31 32 11; C0.4,Civil & Site
CWP 31,"Earthwork, Dewatering & Erosion Control",PROPOSED-Temporary shoring and trench safety systems,"Temporary shoring, bracing and trench excavation safety systems (PE-designed where required)",Site,Temporary,31-C02,"Earthwork, Dewatering & Erosion Control — Temporary facilities and controls",2023-03-15,2024-10-16,2023-03-14,Y,N,,,,,,1,,2,0,PROPOSED-Trench-Safety-System (Contract & General); PROPOSED-Temporary-Excavation-Support (Contract & General),#70,Inferred,2,G0.3 (Note 7),31 40 00; 31 23 33,31 40 00; 31 23 33; G0.3,Civil & Site
CWP 31,"Earthwork, Dewatering & Erosion Control",PROPOSED-Emergency access areas,"Emergency access areas (west side) — no parking, blocking, stockpiling or staging; vehicle turnaround allowed",Site,Temporary,31-C02,"Earthwork, Dewatering & Erosion Control — Temporary facilities and controls",2023-03-15,2024-10-16,2023-03-14,Y,N,,,,,,1,,1,0,,,Inferred,4,C0.3 (KN 1),31 32 11,C0.3,Civil & Site
CWP 31,"Earthwork, Dewatering & Erosion Control",PROPOSED-Trench-Safety-System,Trench safety system,Site,Temporary,31-C02,"Earthwork, Dewatering & Erosion Control — Temporary facilities and controls",2023-03-15,2024-10-16,2023-03-14,N,N,,,,,,1,,0,0,PROPOSED-Temporary shoring and trench safety systems (Civil & Site),"#70, #250",Unresolved,2,,00 24 13; 00 41 00,00 24 13; 00 41 00,Contract & General
CWP 31,"Earthwork, Dewatering & Erosion Control",PROPOSED-Erosion-and-Sediment-Control-Measures,Erosion and sediment control measures (SWPPP),Site,Temporary,31-C02,"Earthwork, Dewatering & Erosion Control — Temporary facilities and controls",2023-03-15,2024-10-16,2023-03-14,N,N,,,,,,1,,0,0,PROPOSED-Plastic covering for slopes and stockpiles (Civil & Site); PROPOSED-Catch basin inserts (Civil & Site); PROPOSED-Filter fabric fence (Civil & Site); PROPOSED-Stabilized construction entrance (Civil & Site); PROPOSED-Geotextile encased check dams (Civil & Site); PROPOSED-Compost berm (Civil & Site); PROPOSED-Orange barrier fence (Civil & Site),"#71, #250",Inferred,5,"TESC plans (civil sheets, not numbered in source)",00 24 13; 00 41 00; 01 50 00,00 24 13; 00 41 00; 01 50 00,Contract & General
CWP 31,"Earthwork, Dewatering & Erosion Control",PROPOSED-Temporary-Construction-Dewatering,Temporary construction dewatering (excavations),Site,Temporary,31-C02,"Earthwork, Dewatering & Erosion Control — Temporary facilities and controls",2023-03-15,2024-10-16,2023-03-14,N,N,,,,,,1,,0,0,PROPOSED-Dewatering system (Civil & Site),"#69, #250",Inferred,1,,01 11 10; 00 31 13,01 11 10; 00 31 13,Contract & General
CWP 31,"Earthwork, Dewatering & Erosion Control",PROPOSED-Temporary-Excavation-Support,"Temporary excavation support (shoring, bracing, sheeting, cribbing)",Site,Temporary,31-C02,"Earthwork, Dewatering & Erosion Control — Temporary facilities and controls",2023-03-15,2024-10-16,2023-03-14,N,N,,,,,,1,,0,0,PROPOSED-Temporary shoring and trench safety systems (Civil & Site),"#70, #250",Inferred,1; 2 (trench safety only),,01 11 10,01 11 10,Contract & General
CWP 31,"Earthwork, Dewatering & Erosion Control",PROPOSED-Tracer wire and locater boxes,"Tracer wire (#10 AWG insulated), locater boxes, and detectable warning tape on new utilities",Site,Install,31-C04,"Earthwork, Dewatering & Erosion Control — Yard piping, vaults and site utilities",2023-04-01,2023-11-01,2023-03-14,Y,N,,,,,,1,,4,0,,,Unresolved,1,"C7.1 (Det. 6); C7.4 (Det. 2, Note I)",31 23 33; 33 30 00,C7.1; C7.4; 31 23 33; 33 30 00,Civil & Site
CWP 31,"Earthwork, Dewatering & Erosion Control",PROPOSED-Influent sample sump,"Influent sample sump, 24-in x 6-ft precast well curb (H2 Precast WC-24 or equal) with traffic-rated riser and lid",Site,Install,31-C04,"Earthwork, Dewatering & Erosion Control — Yard piping, vaults and site utilities",2023-04-01,2023-11-01,2023-03-14,N,N,,,,,,1,,0,0,PROPOSED-INFLUENT-SAMPLE-SUMP (Process & Mechanical),#4,Inferred,1,C7.5 (Det. 4); C7.1 (Det. 3); C1.3; C1.4,31 20 00; 33 30 00,C7.5; C7.1; C1.3; C1.4; 31 20 00; 33 30 00,Civil & Site
CWP 31,"Earthwork, Dewatering & Erosion Control",PROPOSED-Train 2 flow meter vault,"Train 2 flow meter vault, precast 4'-2"" x 4'-2"" x 5'-0"" (Utility Vault 506-LA or equal), H-20 hatch Halliday H1R3636, Bilco LadderUp",Train 2,Install,31-C01,"Earthwork, Dewatering & Erosion Control — Influent pump station and flow splitter",2023-06-01,2023-10-25,2023-03-14,N,N,,,,,,1,,0,0,PROPOSED-TRAIN-2-FLOW-METER-VAULT (Process & Mechanical); PROPOSED-Plants-2-and-3-Flow-Meter-Vault (Structural & Building),#5,Inferred,1,C7.10 (Det. 1),31 20 00; 33 30 00,C7.10; 31 20 00; 33 30 00,Civil & Site
CWP 31,"Earthwork, Dewatering & Erosion Control",PROPOSED-INFLUENT-SAMPLE-SUMP,Influent sampling sump,Influent Pump Station,Install,31-C01,"Earthwork, Dewatering & Erosion Control — Influent pump station and flow splitter",2023-06-01,2023-10-25,2023-03-14,N,N,,,,,,1,,0,0,PROPOSED-Influent sample sump (Civil & Site),"#4, #164",Inferred,1,G0.5; G0.6; C4.1,,G0.5; G0.6; C4.1,Process & Mechanical
CWP 31,"Earthwork, Dewatering & Erosion Control",PROPOSED-Train 3 flow meter vault,"Train 3 flow meter vault, precast 4'-2"" x 4'-2"" x 5'-0"" (Utility Vault 506-LA or equal), H-20 hatch Halliday H1R3636, Bilco LadderUp",Train 3,Install,31-C03,"Earthwork, Dewatering & Erosion Control — Train 3",2023-08-01,2024-07-08,2023-03-14,N,N,,,,,,1,,0,0,PROPOSED-TRAIN-3-FLOW-METER-VAULT (Process & Mechanical); PROPOSED-Plants-2-and-3-Flow-Meter-Vault (Structural & Building),#6,Inferred,1,C7.10 (Det. 2),31 20 00; 33 30 00,C7.10; 31 20 00; 33 30 00,Civil & Site
CWP 32,"Paving, Fencing, Walls & Landscaping",PROPOSED-Temporary cold-mix patches,"Temporary cold-mix (MC-2) asphalt patches at trench crossings, 2 in minimum",Site,Temporary,32-C03,"Paving, Fencing, Walls & Landscaping — Temporary facilities and controls",2023-03-15,2024-10-16,2023-03-14,N,N,,,,,,1,,0,0,,,Inferred,1,—,32 12 16,32 12 16,Civil & Site
CWP 32,"Paving, Fencing, Walls & Landscaping",PROPOSED-Parking stall striping,"Parking stall striping, including van-accessible stall and signs",Site,Install,32-C01,"Paving, Fencing, Walls & Landscaping — Final surfacing and pavement",2024-08-01,2024-08-31,2023-03-14,N,N,,,,,,1,,0,0,,#96,Unresolved,1,C7.1 (Det. 4); C2.6,,C7.1,Civil & Site
CWP 32,"Paving, Fencing, Walls & Landscaping",PROPOSED-Concrete walkway,"Concrete walkway / pavement, 6-inch minimum, #3 at 12 in each way",Site,Install,32-C01,"Paving, Fencing, Walls & Landscaping — Final surfacing and pavement",2024-08-01,2024-08-31,2023-03-14,N,N,,,,,,1,,0,0,,#97,Inferred,1,C7.2 (Det. 1); C7.4 (Det. 4); C2.6,,C7.2; C7.4,Civil & Site
CWP 32,"Paving, Fencing, Walls & Landscaping",PROPOSED-HMA pavement,"Asphalt concrete pavement, 4-in HMA Class 1/2-in PG 58H-22 over 4-in CSBC and 12-in gravel base, thickened edge",Site,Install,32-C01,"Paving, Fencing, Walls & Landscaping — Final surfacing and pavement",2024-08-01,2024-08-31,2023-03-14,Y,Y,,,,,,1,,2,2,PROPOSED-Site-Final-Surfacing-and-Pavement (Contract & General),#73,Unresolved,1,C7.3 (Det. 3); C7.4 (Det. 2); C2.6,32 12 16,C7.3; C7.4; 32 12 16,Civil & Site
CWP 32,"Paving, Fencing, Walls & Landscaping",PROPOSED-Gravel surfacing,"Gravel surfacing, 4-in compacted base course over subgrade at 95%",Site,Install,32-C01,"Paving, Fencing, Walls & Landscaping — Final surfacing and pavement",2024-08-01,2024-08-31,2023-03-14,N,N,,,,,,1,,0,0,PROPOSED-Site-Final-Surfacing-and-Pavement (Contract & General),#73,Unresolved,1,C7.3 (Det. 5); C2.6,,C7.3,Civil & Site
CWP 32,"Paving, Fencing, Walls & Landscaping",PROPOSED-Asphalt wedge curb,Asphalt wedge curb per 4/C7.7,Site,Install,32-C01,"Paving, Fencing, Walls & Landscaping — Final surfacing and pavement",2024-08-01,2024-08-31,2023-03-14,Y,Y,,,,,,1,,2,1,,,Unresolved,1,C2.1 (KN 5),32 12 16 (Inferred),C2.1,Civil & Site
CWP 32,"Paving, Fencing, Walls & Landscaping",PROPOSED-Site-Final-Surfacing-and-Pavement,Final surfacing and pavement (entire site),Site,Install,32-C01,"Paving, Fencing, Walls & Landscaping — Final surfacing and pavement",2024-08-01,2024-08-31,2023-03-14,N,Y,,,,,,1,,0,5,PROPOSED-HMA pavement (Civil & Site); PROPOSED-Gravel surfacing (Civil & Site),"#73, #250",Inferred,1; 8 (extra HMA only),,00 31 13; 00 24 13; 00 41 00; 00 73 00; 01 45 00,00 31 13; 00 24 13; 00 41 00; 00 73 00; 01 45 00,Contract & General
CWP 32,"Paving, Fencing, Walls & Landscaping",PROPOSED-Block retaining wall,"Block (gravity) retaining wall, STA 0+05.00 to 1+31.00",Site,Install,32-C02,"Paving, Fencing, Walls & Landscaping — Site finish work (fencing, walls, landscaping, bollards)",2024-08-01,2024-09-30,2023-03-14,Y,Y,,,,,,1,,2,3,,,Unresolved,1,C2.5; C0.2; C0.5; C2.1,32 32 23,C2.5; C0.5; C0.2; 32 32 23,Civil & Site
CWP 32,"Paving, Fencing, Walls & Landscaping",PROPOSED-Chain link fence 126 LF,"Chain link fence along retaining wall, 126 LF, 6-ft fabric with 3-strand barbed wire (7 ft total), connected to existing fence",Site,Install,32-C02,"Paving, Fencing, Walls & Landscaping — Site finish work (fencing, walls, landscaping, bollards)",2024-08-01,2024-09-30,2023-03-14,Y,N,,,,,,1,,1,0,,,Unresolved,1,C2.5; C2.1,02 83 00,C2.5; 02 83 00,Civil & Site
CWP 32,"Paving, Fencing, Walls & Landscaping",PROPOSED-Hydroseeded restoration areas,"Hydroseeded grass restoration of disturbed areas (topsoil, seed, fertilizer, mulch)",Site,Install,32-C02,"Paving, Fencing, Walls & Landscaping — Site finish work (fencing, walls, landscaping, bollards)",2024-08-01,2024-09-30,2023-03-14,Y,N,,,,,,1,,3,0,,,Unresolved,1,"C7.4 (Det. 2, Notes A, C); C0.2 (Item 22)",02 92 00,C7.4; C0.2; 02 92 00,Civil & Site
CWP 32,"Paving, Fencing, Walls & Landscaping",PROPOSED-Retaining wall footing drain,Retaining wall footing drain with drain rock and drainage geotextile,Site,Install,32-C02,"Paving, Fencing, Walls & Landscaping — Site finish work (fencing, walls, landscaping, bollards)",2024-08-01,2024-09-30,2023-03-14,N,N,,,,,,1,,0,0,,,Unresolved,1,C2.5; C2.1,32 32 23; 33 31 00; 31 23 33; 33 41 00; Appendix C,32 32 23; 33 31 00; 31 23 33; 33 41 00; Appendix C,Civil & Site
CWP 32,"Paving, Fencing, Walls & Landscaping",PROPOSED-Bollards,Bollards,Site,Install,32-C02,"Paving, Fencing, Walls & Landscaping — Site finish work (fencing, walls, landscaping, bollards)",2024-08-01,2024-09-30,2023-03-14,N,N,,,,,,1,,0,0,,"#131, #250",Inferred,3,,00 24 13; 00 41 00,00 24 13; 00 41 00,Contract & General
CWP 33,Yard Piping & Utilities,PROPOSED-AERATION-AIR-HEADER,Blower Building aeration air piping: 3-inch SS header (IE 24.26) with 3-inch butterfly valves; 6-inch SS outlets with 6-inch butterfly valves,Blower Building,Install,33-C01,Yard Piping & Utilities — Blower Building,2023-04-01,2023-07-31,2023-03-31,N,N,,,,,,1,,0,0,,#231,Inferred,1,C6.4; C6.5,33 31 00 (cited on C6.4),C6.4; C6.5,Process & Mechanical
CWP 33,Yard Piping & Utilities,PROPOSED-AIR-TO-TRAIN-3,"6-inch SS aeration air line, Blower Building to Train 3 (buried, IE 15.90 at drop)",Blower Building; Train 3,Install,33-C01,Yard Piping & Utilities — Blower Building,2023-04-01,2023-07-31,2023-03-31,N,Y,,,,,,1,,0,2,Pipe ID 20 (Civil & Site),#93,Inferred,1,C6.4; C6.5; C3.3; C3.5,33 31 00 (cited on C6.4); 46 53 00,C6.5; C6.4; C3.3; C3.5,Process & Mechanical
CWP 33,Yard Piping & Utilities,PROPOSED-AIR-TO-TRAIN-1-STUB,"6-inch air piping to Train #1, terminated with blind flange inside existing metal building",Blower Building,Install,33-C01,Yard Piping & Utilities — Blower Building,2023-04-01,2023-07-31,2023-03-31,N,N,,,,,,1,,0,0,,#108,Inferred,1,C6.5,,C6.5,Process & Mechanical
CWP 33,Yard Piping & Utilities,PROPOSED-AIR-TO-TRAIN-2-STUB,"6-inch air piping to Train #2, terminated with blind flange inside existing metal building",Blower Building,Install,33-C01,Yard Piping & Utilities — Blower Building,2023-04-01,2023-07-31,2023-03-31,N,N,,,,,,1,,0,0,,#109,Inferred,1,C6.5,,C6.5,Process & Mechanical
CWP 33,Yard Piping & Utilities,PROPOSED-Blower-Building-Foundation-Drains,"Perimeter foundation drains, 4 in rigid ABS perforated pipe or drain tile in drain rock — Blower Building slab edge",Blower Building,Install,33-C01,Yard Piping & Utilities — Blower Building,2023-04-01,2023-07-31,2023-03-31,Y,N,,,,,,1,,1,0,,"#128, #239",Inferred,1 (Inferred per 04),S2.3,,S2.3,Structural & Building
CWP 33,Yard Piping & Utilities,PROPOSED-Interim 8in HDPE effluent pipe,Interim 8-inch HDPE effluent pipe,Site,Temporary,33-C02,Yard Piping & Utilities — Temporary bypass and interim effluent piping,2023-04-01,2023-10-11,2023-03-31,Y,Y,,,,,,1,,3,8,PROPOSED-Temporary-8in-Effluent-Piping (Contract & General),#74,Unresolved,1,"C0.5 (KN 1, 8); C0.7 (cited)",33 33 00,C0.5; 33 33 00; Appendix F,Civil & Site
CWP 33,Yard Piping & Utilities,PROPOSED-Temporary-8in-Effluent-Piping,Temporary 8-inch effluent piping,Site,Temporary,33-C02,Yard Piping & Utilities — Temporary bypass and interim effluent piping,2023-04-01,2023-10-11,2023-03-31,N,N,,,,,,1,,0,0,PROPOSED-Interim 8in HDPE effluent pipe (Civil & Site),"#74, #250",Inferred,1,,00 31 13,00 31 13,Contract & General
CWP 33,Yard Piping & Utilities,PROPOSED-EFFLUENT-HEADER-TO-UV,"Secondary effluent header through 8-inch effluent flow meter to UV Channels #1 and #2, 8-inch, with 8-inch gate valves (hand wheel) at channel inlets",UV Disinfection Chamber & Digester,Install,33-C05,Yard Piping & Utilities — UV chamber and digester,2023-04-01,2023-11-01,2023-03-31,N,N,,,,,,1,,0,0,,#105,Inferred,1,G0.5; C5.1; C5.2; C5.3,,G0.5; C5.1; C5.2; C5.3,Process & Mechanical
CWP 33,Yard Piping & Utilities,PROPOSED-UV-CHAMBER-DRAIN,"UV chamber drain, 4-inch, with 4-inch gate valves",UV Disinfection Chamber & Digester,Install,33-C05,Yard Piping & Utilities — UV chamber and digester,2023-04-01,2023-11-01,2023-03-31,N,N,,,,,,1,,0,0,Pipe ID 2 (Civil & Site),#88,Inferred,1,G0.5; C5.1; C5.2; C5.3,,G0.5; C5.1; C5.2; C5.3,Process & Mechanical
CWP 33,Yard Piping & Utilities,PROPOSED-DIGESTER-AIR-LINES,"Aerobic digester air supply lines, 3-inch and 4-inch",UV Disinfection Chamber & Digester,Install,33-C05,Yard Piping & Utilities — UV chamber and digester,2023-04-01,2023-11-01,2023-03-31,N,N,,,,,,1,,0,0,Pipe ID 21 (Civil & Site),#94,Inferred,1,C5.1; C5.2; C5.3; C6.3,,C5.1; C5.2; C5.3; C6.3,Process & Mechanical
CWP 33,Yard Piping & Utilities,PROPOSED-DIGESTED-SLUDGE-LINE,"Digested sludge line, 2-inch SCH 80 PVC, digester to digested sludge pumps",UV Disinfection Chamber & Digester,Install,33-C05,Yard Piping & Utilities — UV chamber and digester,2023-04-01,2023-11-01,2023-03-31,N,N,,,,,,1,,0,0,Pipe ID 7 (Civil & Site),#90,Unresolved,1,G0.5; C5.1; C5.3; C6.2,,G0.5; C5.1; C5.3; C6.2,Process & Mechanical
CWP 33,Yard Piping & Utilities,PROPOSED-WAS-PUMP-DISCHARGE-TO-DIGESTER,"WAS pump discharge to aerobic digester, 3-inch",UV Disinfection Chamber & Digester,Install,33-C05,Yard Piping & Utilities — UV chamber and digester,2023-04-01,2023-11-01,2023-03-31,N,N,,,,,,1,,0,0,Pipe ID 19 (Civil & Site),#91,Unresolved,1,G0.5; C5.1; C5.3; C6.2,,G0.5; C5.1; C5.3; C6.2,Process & Mechanical
CWP 33,Yard Piping & Utilities,PROPOSED-Water line relocation at storm drain,Existing water line — relocate 1 ft clear below bottom of storm drain,Site,Install,33-C06,"Yard Piping & Utilities — Yard piping, vaults and site utilities",2023-04-01,2023-11-01,2023-03-31,Y,Y,,,,,,1,,3,7,,,Inferred,1,C0.5 (KN 22),33 32 00; 33 30 00,C0.5; 33 32 00; 33 30 00,Civil & Site
CWP 33,Yard Piping & Utilities,Pipe ID 1,8-inch existing effluent (DI gravity),Site,Modify / connect,33-C06,"Yard Piping & Utilities — Yard piping, vaults and site utilities",2023-04-01,2023-11-01,2023-03-31,N,N,,,,,,1,,0,0,,,Inferred,1,C1.3 (Add. 4 p.7),33 30 00,C1.3; 33 30 00,Civil & Site
CWP 33,Yard Piping & Utilities,Pipe ID 2,"4-inch UV disinfection drain and digester supernatant (DI gravity), 2% min",Site,Install,33-C06,"Yard Piping & Utilities — Yard piping, vaults and site utilities",2023-04-01,2023-11-01,2023-03-31,Y,Y,,,,,,1,,4,5,PROPOSED-UV-CHAMBER-DRAIN (Process & Mechanical),#88,Inferred,1,C1.3 (Add. 4 p.7),33 31 00; 33 30 00; 33 05 00,C1.3; 33 31 00; 33 30 00; 33 05 00,Civil & Site
CWP 33,Yard Piping & Utilities,Pipe ID 3,"8-inch influent (DI gravity), 0.4% min",Site,Install,33-C06,"Yard Piping & Utilities — Yard piping, vaults and site utilities",2023-04-01,2023-11-01,2023-03-31,Y,Y,,,,,,1,,4,5,PROPOSED-STEP-INFLUENT-CONNECTION (Process & Mechanical),#87,Inferred,1,C1.3 (Add. 4 p.7),33 31 00; 33 30 00; 33 05 00,C1.3; 33 31 00; 33 30 00; 33 05 00,Civil & Site
CWP 33,Yard Piping & Utilities,Pipe ID 4,"3-inch influent pump station air vent (SS), outlet 8 ft above finish grade, gooseneck down, fastened to exterior building wall",Site,Install,33-C06,"Yard Piping & Utilities — Yard piping, vaults and site utilities",2023-04-01,2023-11-01,2023-03-31,Y,Y,,,,,,1,,3,4,,,Inferred,1,C1.3 (Add. 4 p.7),33 30 00; 33 05 00,C1.3; 33 30 00; 33 05 00,Civil & Site
CWP 33,Yard Piping & Utilities,Pipe ID 5,"10-inch UV disinfection effluent (DI gravity), 0.28% min",Site,Install,33-C06,"Yard Piping & Utilities — Yard piping, vaults and site utilities",2023-04-01,2023-11-01,2023-03-31,Y,Y,,,,,,1,,4,5,PROPOSED-FINAL-EFFLUENT-LINE (Process & Mechanical),#92,Inferred,1,C1.3 (Add. 4 p.7),33 31 00; 33 30 00; 33 05 00,C1.3; 33 31 00; 33 30 00; 33 05 00,Civil & Site
CWP 33,Yard Piping & Utilities,Pipe ID 6,"4-inch building septic (Sch. 80 PVC gravity), 2% min",Site,Install,33-C06,"Yard Piping & Utilities — Yard piping, vaults and site utilities",2023-04-01,2023-11-01,2023-03-31,Y,Y,,,,,,1,,4,5,,,Inferred,1,C1.3 (Add. 4 p.7),33 31 00; 33 30 00; 33 05 00,C1.3; 33 31 00; 33 30 00; 33 05 00,Civil & Site
CWP 33,Yard Piping & Utilities,Pipe ID 7,"2-inch digested sludge (Sch. 80 PVC force main), positive slope throughout",Site; Existing building (C1.6A),Install,33-C06,"Yard Piping & Utilities — Yard piping, vaults and site utilities",2023-04-01,2023-11-01,2023-03-31,Y,Y,,,,,,1,,4,6,PROPOSED-DIGESTED-SLUDGE-LINE (Process & Mechanical),#90,Inferred,1,C1.3 (Add. 4 p.7); C1.6A (Add. 4 p.8),33 31 00; 33 30 00; 33 05 00,C1.3; C1.6A; 33 31 00; 33 30 00; 33 05 00,Civil & Site
CWP 33,Yard Piping & Utilities,Pipe ID 8,"4-inch vault drain (Sch. 80 PVC gravity), 2.0%",Site,Install,33-C06,"Yard Piping & Utilities — Yard piping, vaults and site utilities",2023-04-01,2023-11-01,2023-03-31,Y,Y,,,,,,1,,5,5,,,Inferred,1,C1.3 (Add. 4 p.7); C7.10,33 31 00; 33 30 00; 33 05 00,C1.3; C7.10; 33 31 00; 33 30 00; 33 05 00,Civil & Site
CWP 33,Yard Piping & Utilities,Pipe ID 9,"1-inch 2W water system air vent (SS), outlet 3 ft above grade, gooseneck down",Site,Install,33-C06,"Yard Piping & Utilities — Yard piping, vaults and site utilities",2023-04-01,2023-11-01,2023-03-31,Y,Y,,,,,,1,,3,4,,,Inferred,1,C1.3 (Add. 4 p.7),33 30 00; 33 05 00,C1.3; 33 30 00; 33 05 00,Civil & Site
CWP 33,Yard Piping & Utilities,Pipe ID 10,"3-inch 2W water line, HDPE (Add. 4; base: 2-inch Sch. 80 PVC force main)",Site; Existing building (C1.6A),Install,33-C06,"Yard Piping & Utilities — Yard piping, vaults and site utilities",2023-04-01,2023-11-01,2023-03-31,Y,Y,,,,,,1,,7,8,PROPOSED-2W-DISCHARGE-LINE (Process & Mechanical),#50,Inferred,1,C1.3 (Add. 4 p.7); C1.6A (Add. 4 p.8),33 31 00; 33 30 00; 33 05 00; 33 33 00,C1.3; C1.6A; 33 31 00; 33 30 00; 33 05 00; 33 33 00,Civil & Site
CWP 33,Yard Piping & Utilities,Pipe ID 11,"8-inch Train 3 influent (DI gravity), 0.4% min",Site,Install,33-C06,"Yard Piping & Utilities — Yard piping, vaults and site utilities",2023-04-01,2023-11-01,2023-03-31,Y,Y,,,,,,1,,4,5,INF3 (Process & Mechanical),#81,Inferred,1,C1.3 (Add. 4 p.7),33 31 00; 33 30 00; 33 05 00,C1.3; 33 31 00; 33 30 00; 33 05 00,Civil & Site
CWP 33,Yard Piping & Utilities,Pipe ID 12,2-inch water pipe (Sch. 80 PVC force main),Site,Install,33-C06,"Yard Piping & Utilities — Yard piping, vaults and site utilities",2023-04-01,2023-11-01,2023-03-31,Y,Y,,,,,,1,,4,7,,#191,Unresolved,1,C1.3 (Add. 4 p.7),33 32 00; 33 30 00; 33 05 00,C1.3; 33 32 00; 33 30 00,Civil & Site
CWP 33,Yard Piping & Utilities,Pipe ID 13,"8-inch Train 2 influent (DI gravity), 0.4% min",Site,Install,33-C06,"Yard Piping & Utilities — Yard piping, vaults and site utilities",2023-04-01,2023-11-01,2023-03-31,Y,Y,,,,,,1,,4,5,INF2 (Process & Mechanical),#80,Inferred,1,C1.3 (Add. 4 p.7),33 31 00; 33 30 00; 33 05 00,C1.3; 33 31 00; 33 30 00; 33 05 00,Civil & Site
CWP 33,Yard Piping & Utilities,Pipe ID 14,"8-inch Train 1 influent (DI gravity), 0.4% min",Site,Install,33-C06,"Yard Piping & Utilities — Yard piping, vaults and site utilities",2023-04-01,2023-11-01,2023-03-31,Y,Y,,,,,,1,,4,5,INF1 (Process & Mechanical),#79,Inferred,1,C1.3 (Add. 4 p.7),33 31 00; 33 30 00; 33 05 00,C1.3; 33 31 00; 33 30 00; 33 05 00,Civil & Site
CWP 33,Yard Piping & Utilities,Pipe ID 15,"2-inch Train 3 WAS (Sch. 80 PVC gravity), positive drainage throughout",Site; Existing building (C1.6A),Install,33-C06,"Yard Piping & Utilities — Yard piping, vaults and site utilities",2023-04-01,2023-11-01,2023-03-31,Y,Y,,,,,,1,,4,6,WAS3 (Process & Mechanical),#85,Unresolved,1,C1.3 (Add. 4 p.7); C1.6A (Add. 4 p.8),33 31 00; 33 30 00; 33 05 00,C1.3; C1.6A; 33 31 00; 33 30 00; 33 05 00,Civil & Site
CWP 33,Yard Piping & Utilities,Pipe ID 16,"8-inch Train 2 effluent (DI gravity), 0.4% min",Site; Existing building (C1.6A),Install,33-C06,"Yard Piping & Utilities — Yard piping, vaults and site utilities",2023-04-01,2023-11-01,2023-03-31,Y,Y,,,,,,1,,4,6,SE2 (Process & Mechanical),#83,Inferred,1,C1.3 (Add. 4 p.7); C1.6A (Add. 4 p.8),33 31 00; 33 30 00; 33 05 00,C1.3; C1.6A; 33 31 00; 33 30 00; 33 05 00,Civil & Site
CWP 33,Yard Piping & Utilities,Pipe ID 17,"8-inch Train 3 effluent (DI gravity), 0.4% min",Site,Install,33-C06,"Yard Piping & Utilities — Yard piping, vaults and site utilities",2023-04-01,2023-11-01,2023-03-31,Y,Y,,,,,,1,,4,5,SE3 (Process & Mechanical),#84,Inferred,1,C1.3 (Add. 4 p.7),33 31 00; 33 30 00; 33 05 00,C1.3; 33 31 00; 33 30 00; 33 05 00,Civil & Site
CWP 33,Yard Piping & Utilities,Pipe ID 18,"6-inch influent to flow splitter (DI force main), positive slope throughout",Site,Install,33-C06,"Yard Piping & Utilities — Yard piping, vaults and site utilities",2023-04-01,2023-11-01,2023-03-31,Y,Y,,,,,,1,,4,5,PROPOSED-IPS-DISCHARGE-TO-SPLITTER (Process & Mechanical),#86,Inferred,1,C1.3 (Add. 4 p.7),33 31 00; 33 30 00; 33 05 00,C1.3; 33 31 00; 33 30 00; 33 05 00,Civil & Site
CWP 33,Yard Piping & Utilities,Pipe ID 19,2-inch digester WAS influent (Sch. 80 PVC gravity),Site; Existing building (C1.6A),Install,33-C06,"Yard Piping & Utilities — Yard piping, vaults and site utilities",2023-04-01,2023-11-01,2023-03-31,Y,Y,,,,,,1,,4,6,PROPOSED-WAS-PUMP-DISCHARGE-TO-DIGESTER (Process & Mechanical),#91,Unresolved,1,C1.3 (Add. 4 p.7); C1.6A (Add. 4 p.8),33 31 00; 33 30 00; 33 05 00,C1.3; C1.6A; 33 31 00; 33 30 00; 33 05 00,Civil & Site
CWP 33,Yard Piping & Utilities,Pipe ID 20,6-inch Cell 3 air (SS),Site,Install,33-C06,"Yard Piping & Utilities — Yard piping, vaults and site utilities",2023-04-01,2023-11-01,2023-03-31,Y,Y,,,,,,1,,4,5,PROPOSED-AIR-TO-TRAIN-3 (Process & Mechanical),"#93, #159",Unresolved,1,C1.3 (Add. 4 p.7),33 31 00; 33 30 00; 33 05 00,C1.3; 33 31 00; 33 30 00; 33 05 00,Civil & Site
CWP 33,Yard Piping & Utilities,Pipe ID 21,4-inch digester air (SS),Site; Existing building (C1.6A),Install,33-C06,"Yard Piping & Utilities — Yard piping, vaults and site utilities",2023-04-01,2023-11-01,2023-03-31,Y,Y,,,,,,1,,4,6,PROPOSED-DIGESTER-AIR-LINES (Process & Mechanical),#94,Unresolved,1,C1.3 (Add. 4 p.7); C1.6A (Add. 4 p.8),33 31 00; 33 30 00; 33 05 00,C1.3; C1.6A; 33 31 00; 33 30 00; 33 05 00,Civil & Site
CWP 33,Yard Piping & Utilities,Pipe ID 22,"1-inch yard hydrants, 3 locations (Add. 4)",Site,Install,33-C06,"Yard Piping & Utilities — Yard piping, vaults and site utilities",2023-04-01,2023-11-01,2023-03-31,Y,Y,,,,,,1,,7,6,PROPOSED-YARD-HYDRANTS (Process & Mechanical),"#52, #180",Unresolved,1,C1.3 (Add. 4 p.7); C7.1 (Det. 1); C7.5 (Det. 1),33 31 00; 33 30 00; 33 05 00,C1.3; C7.1; C7.5; 33 31 00; 33 30 00; 33 05 00,Civil & Site
CWP 33,Yard Piping & Utilities,Pipe ID 23,"1-inch 2W water line, HDPE (Add. 4)",Site; Existing building (C1.6A),Install,33-C06,"Yard Piping & Utilities — Yard piping, vaults and site utilities",2023-04-01,2023-11-01,2023-03-31,Y,Y,,,,,,1,,7,8,PROPOSED-2W-BLADDER-TANK-SUPPLY (Process & Mechanical),"#51, #146",Inferred,1,C1.3 (Add. 4 p.7); C1.6A (Add. 4 p.8),33 31 00; 33 30 00; 33 05 00; 33 33 00,C1.3; C1.6A; 33 31 00; 33 30 00; 33 05 00; 33 33 00,Civil & Site
CWP 33,Yard Piping & Utilities,Pipe ID 24,"8-inch Train 1 effluent (DI gravity), 0.4% min (Add. 4)",Site,Install,33-C06,"Yard Piping & Utilities — Yard piping, vaults and site utilities",2023-04-01,2023-11-01,2023-03-31,Y,Y,,,,,,1,,4,5,SE1 (Process & Mechanical),#82,Inferred,1,C1.3 (Add. 4 p.7),33 31 00; 33 30 00; 33 05 00,C1.3; 33 31 00; 33 30 00; 33 05 00,Civil & Site
CWP 33,Yard Piping & Utilities,Pipe ID 25,"4-inch pressate drain (DI gravity), 2% min (Add. 4)",Site; Existing building (C1.6A),Install,33-C06,"Yard Piping & Utilities — Yard piping, vaults and site utilities",2023-04-01,2023-11-01,2023-03-31,Y,Y,,,,,,1,,4,6,PROPOSED-PLANT-DRAIN-LINE (Process & Mechanical),#89,Inferred,1,C1.3 (Add. 4 p.7); C1.6A (Add. 4 p.8),33 31 00; 33 30 00; 33 05 00,C1.3; C1.6A; 33 31 00; 33 30 00; 33 05 00,Civil & Site
CWP 33,Yard Piping & Utilities,Pipe ID 26,"4-inch building floor drain (DI gravity), 2% min (Add. 4)",Site,Install,33-C06,"Yard Piping & Utilities — Yard piping, vaults and site utilities",2023-04-01,2023-11-01,2023-03-31,Y,Y,,,,,,1,,4,5,,,Inferred,1,C1.3 (Add. 4 p.7),33 31 00; 33 30 00; 33 05 00,C1.3; 33 31 00; 33 30 00; 33 05 00,Civil & Site
CWP 33,Yard Piping & Utilities,Buried Valve ID 1,6-inch gate valve — influent flow meter isolation,Site,Install,33-C06,"Yard Piping & Utilities — Yard piping, vaults and site utilities",2023-04-01,2023-11-01,2023-03-31,Y,Y,,,,,,1,,4,5,,#177,Inferred,1,C1.4; C7.3 (Det. 2),33 30 00; 33 05 00,C1.4; C7.3; 33 30 00; 33 05 00,Civil & Site
CWP 33,Yard Piping & Utilities,Buried Valve ID 2,8-inch gate valve — Train 2 flow meter isolation,Site,Install,33-C06,"Yard Piping & Utilities — Yard piping, vaults and site utilities",2023-04-01,2023-11-01,2023-03-31,Y,Y,,,,,,1,,5,5,,,Unresolved,1,C1.4; C7.3 (Det. 2); C7.10,33 30 00; 33 05 00,C1.4; C7.3; C7.10; 33 30 00; 33 05 00,Civil & Site
CWP 33,Yard Piping & Utilities,Buried Valve ID 3,8-inch gate valve — Train 3 flow meter isolation,Site,Install,33-C06,"Yard Piping & Utilities — Yard piping, vaults and site utilities",2023-04-01,2023-11-01,2023-03-31,Y,Y,,,,,,1,,5,5,,,Unresolved,1,C1.4; C7.3 (Det. 2); C7.10,33 30 00; 33 05 00,C1.4; C7.3; C7.10; 33 30 00; 33 05 00,Civil & Site
CWP 33,Yard Piping & Utilities,Buried Valve ID 4,4-inch gate valve — drain flow meter isolation,Site,Install,33-C06,"Yard Piping & Utilities — Yard piping, vaults and site utilities",2023-04-01,2023-11-01,2023-03-31,Y,Y,,,,,,1,,4,5,,,Inferred,1,C1.4; C7.3 (Det. 2),33 30 00; 33 05 00,C1.4; C7.3; 33 30 00; 33 05 00,Civil & Site
CWP 33,Yard Piping & Utilities,Buried Valve ID 5,4-inch gate valve — drain flow meter isolation,Site,Install,33-C06,"Yard Piping & Utilities — Yard piping, vaults and site utilities",2023-04-01,2023-11-01,2023-03-31,Y,Y,,,,,,1,,4,5,,,Inferred,1,C1.4; C7.3 (Det. 2),33 30 00; 33 05 00,C1.4; C7.3; 33 30 00; 33 05 00,Civil & Site
CWP 33,Yard Piping & Utilities,Buried Valve ID 6,4-inch gate valve — treated effluent outlet box drain,Site,Install,33-C06,"Yard Piping & Utilities — Yard piping, vaults and site utilities",2023-04-01,2023-11-01,2023-03-31,Y,Y,,,,,,1,,4,5,,,Unresolved,1,C1.4; C7.3 (Det. 2),33 30 00; 33 05 00,C1.4; C7.3; 33 30 00; 33 05 00,Civil & Site
CWP 33,Yard Piping & Utilities,Buried Valve ID 7,4-inch gate valve — treated effluent outlet box drain,Site,Install,33-C06,"Yard Piping & Utilities — Yard piping, vaults and site utilities",2023-04-01,2023-11-01,2023-03-31,Y,Y,,,,,,1,,4,5,,,Unresolved,1,C1.4; C7.3 (Det. 2),33 30 00; 33 05 00,C1.4; C7.3; 33 30 00; 33 05 00,Civil & Site
CWP 33,Yard Piping & Utilities,Buried Valve ID 8,4-inch gate valve — UV disinfection drain,Site,Install,33-C06,"Yard Piping & Utilities — Yard piping, vaults and site utilities",2023-04-01,2023-11-01,2023-03-31,Y,Y,,,,,,1,,4,5,,,Unresolved,1,C1.4; C7.3 (Det. 2),33 30 00; 33 05 00,C1.4; C7.3; 33 30 00; 33 05 00,Civil & Site
CWP 33,Yard Piping & Utilities,Buried Valve ID 9,4-inch gate valve — sample sump drain,Site,Install,33-C06,"Yard Piping & Utilities — Yard piping, vaults and site utilities",2023-04-01,2023-11-01,2023-03-31,Y,Y,,,,,,1,,4,5,,,Unresolved,1,C1.4; C7.3 (Det. 2),33 30 00; 33 05 00,C1.4; C7.3; 33 30 00; 33 05 00,Civil & Site
CWP 33,Yard Piping & Utilities,Buried Valve ID 10,4-inch gate valve — pump station clean-out drain,Site,Install,33-C06,"Yard Piping & Utilities — Yard piping, vaults and site utilities",2023-04-01,2023-11-01,2023-03-31,Y,Y,,,,,,1,,4,5,,,Unresolved,1,C1.4; C7.3 (Det. 2),33 30 00; 33 05 00,C1.4; C7.3; 33 30 00; 33 05 00,Civil & Site
CWP 33,Yard Piping & Utilities,Buried Valve ID 11,4-inch gate valve — pump station clean-out drain,Site,Install,33-C06,"Yard Piping & Utilities — Yard piping, vaults and site utilities",2023-04-01,2023-11-01,2023-03-31,Y,Y,,,,,,1,,4,5,,,Unresolved,1,C1.4; C7.3 (Det. 2),33 30 00; 33 05 00,C1.4; C7.3; 33 30 00; 33 05 00,Civil & Site
CWP 33,Yard Piping & Utilities,Buried Valve ID 12,8-inch plug valve — effluent flow meter isolation,Site,Install,33-C06,"Yard Piping & Utilities — Yard piping, vaults and site utilities",2023-04-01,2023-11-01,2023-03-31,Y,Y,,,,,,1,,4,5,,,Unresolved,1,C1.4; C7.3 (Det. 2),33 30 00; 33 05 00,C1.4; C7.3; 33 30 00; 33 05 00,Civil & Site
CWP 33,Yard Piping & Utilities,Buried Valve ID 13,4-inch gate valve — drain flow meter isolation,Site,Install,33-C06,"Yard Piping & Utilities — Yard piping, vaults and site utilities",2023-04-01,2023-11-01,2023-03-31,Y,Y,,,,,,1,,4,5,,,Unresolved,1,C1.4; C7.3 (Det. 2),33 30 00; 33 05 00,C1.4; C7.3; 33 30 00; 33 05 00,Civil & Site
CWP 33,Yard Piping & Utilities,SD-1,"Storm drain alignment SD-1, 12-inch, 42 + 19 + 42 LF at 0.5%",Site,Install,33-C06,"Yard Piping & Utilities — Yard piping, vaults and site utilities",2023-04-01,2023-11-01,2023-03-31,Y,Y,,,,,,1,,3,3,,"#3, #207",Unresolved,1,C2.2,33 30 00; 33 41 00,C2.2; 33 30 00; 33 41 00,Civil & Site
CWP 33,Yard Piping & Utilities,PROPOSED-4in roof drain at SD-1,4-inch roof drain connection from SDCB #9 (8 LF and 17 LF at 2.00%),Site,Install,33-C06,"Yard Piping & Utilities — Yard piping, vaults and site utilities",2023-04-01,2023-11-01,2023-03-31,Y,Y,,,,,,1,,3,5,,,Inferred,1,C2.2,33 30 00; 33 41 00,C2.2; C0.5; 33 30 00; 33 41 00,Civil & Site
CWP 33,Yard Piping & Utilities,SDCB #5,"Storm drain catch basin #5, Type 1, rim 22.94 (STA 0+47.05)",Site,Install,33-C06,"Yard Piping & Utilities — Yard piping, vaults and site utilities",2023-04-01,2023-11-01,2023-03-31,Y,N,,,,,,1,,1,0,,,Unresolved,1,C2.2; C2.1; C2.3,33 41 00,C2.2; 33 41 00,Civil & Site
CWP 33,Yard Piping & Utilities,SDCB #8,"Storm drain catch basin #8, Type 1, rim 22.78 (STA 0+67.46)",Site,Install,33-C06,"Yard Piping & Utilities — Yard piping, vaults and site utilities",2023-04-01,2023-11-01,2023-03-31,Y,N,,,,,,1,,1,0,,,Unresolved,1,C2.2; C2.4; C2.1,33 41 00,C2.2; C2.4; 33 41 00,Civil & Site
CWP 33,Yard Piping & Utilities,SDCB #9,"Storm drain catch basin #9, Type 1, rim 22.75 (STA 1+09.93)",Site,Install,33-C06,"Yard Piping & Utilities — Yard piping, vaults and site utilities",2023-04-01,2023-11-01,2023-03-31,Y,N,,,,,,1,,1,0,,,Unresolved,1,C2.2; C2.4; C2.1,33 41 00,C2.2; C2.4; 33 41 00,Civil & Site
CWP 33,Yard Piping & Utilities,SDCB #7,"Storm drain catch basin #7, Type 1, rim 23.00 (west trench drain)",Site,Install,33-C06,"Yard Piping & Utilities — Yard piping, vaults and site utilities",2023-04-01,2023-11-01,2023-03-31,Y,N,,,,,,1,,1,0,,,Unresolved,1,C2.4; C2.1; C2.3,33 41 00,C2.4; 33 41 00,Civil & Site
CWP 33,Yard Piping & Utilities,SDCB #10,"Storm drain catch basin #10, Type 1, rim 23.10 (STA 0+77.60, east trench drain)",Site,Install,33-C06,"Yard Piping & Utilities — Yard piping, vaults and site utilities",2023-04-01,2023-11-01,2023-03-31,Y,N,,,,,,1,,1,0,,,Unresolved,1,C2.4; C2.1; C2.3,33 41 00,C2.4; 33 41 00,Civil & Site
CWP 33,Yard Piping & Utilities,SDCB #2,"Storm drain catch basin #2, rim 22.65",Site,Install,33-C06,"Yard Piping & Utilities — Yard piping, vaults and site utilities",2023-04-01,2023-11-01,2023-03-31,Y,N,,,,,,1,,1,0,,,Unresolved,1,C2.4; C2.1; C2.3,33 41 00,C2.4; 33 41 00,Civil & Site
CWP 33,Yard Piping & Utilities,SDCB #3,"Storm drain catch basin #3, rim 22.70",Site,Install,33-C06,"Yard Piping & Utilities — Yard piping, vaults and site utilities",2023-04-01,2023-11-01,2023-03-31,Y,N,,,,,,1,,1,0,,,Unresolved,1,C2.4; C2.1; C2.3,33 41 00,C2.4; 33 41 00,Civil & Site
CWP 33,Yard Piping & Utilities,SDCB #4,"Storm drain catch basin #4, rim 23.15",Site,Install,33-C06,"Yard Piping & Utilities — Yard piping, vaults and site utilities",2023-04-01,2023-11-01,2023-03-31,Y,N,,,,,,1,,1,0,,,Unresolved,1,C2.4; C2.1; C2.3,33 41 00,C2.4; 33 41 00,Civil & Site
CWP 33,Yard Piping & Utilities,SDCB #6,"Storm drain catch basin #6, rim 23.00",Site,Install,33-C06,"Yard Piping & Utilities — Yard piping, vaults and site utilities",2023-04-01,2023-11-01,2023-03-31,Y,N,,,,,,1,,1,0,,,Unresolved,1,C2.4; C2.1; C2.3,33 41 00,C2.4; 33 41 00,Civil & Site
CWP 33,Yard Piping & Utilities,SDCB 1076,Existing storm drain catch basin 1076 (Type 1) — new 12-inch connection on east side at IE 20.35,Site,Modify / connect,33-C06,"Yard Piping & Utilities — Yard piping, vaults and site utilities",2023-04-01,2023-11-01,2023-03-31,N,N,,,,,,1,,0,0,,,Inferred,1,C2.2; C0.1,33 41 00,C2.2; C0.1; 33 41 00,Civil & Site
CWP 33,Yard Piping & Utilities,PROPOSED-East trench drains,"East trench drains, north and south of SDCB #10, rim 23.10",Site,Install,33-C06,"Yard Piping & Utilities — Yard piping, vaults and site utilities",2023-04-01,2023-11-01,2023-03-31,N,N,,,,,,1,,0,0,,,Inferred,1,C2.4; C7.4 (Det. 5),33 41 00,C2.4; C7.4,Civil & Site
CWP 33,Yard Piping & Utilities,PROPOSED-West trench drain,"West trench drain, about 51 ft, north side of SDCB #7",Site,Install,33-C06,"Yard Piping & Utilities — Yard piping, vaults and site utilities",2023-04-01,2023-11-01,2023-03-31,N,N,,,,,,1,,0,0,,,Inferred,1,C2.4; C7.4 (Det. 5),33 41 00,C2.4; C7.4,Civil & Site
CWP 33,Yard Piping & Utilities,PROPOSED-New septic tank,New septic tank (replaces SSMH 1285),Site,Install,33-C06,"Yard Piping & Utilities — Yard piping, vaults and site utilities",2023-04-01,2023-11-01,2023-03-31,N,N,,,,,,1,,0,0,,,Inferred,1,C0.5 (KN 4); C7.1 (Det. 3),Appendix H,C0.5; Appendix H; C7.1,Civil & Site
CWP 33,Yard Piping & Utilities,PROPOSED-Gravity sewer cleanouts,Gravity sewer cleanouts (6-in or 8-in) with cast iron ring and cover in concrete block,Site,Install,33-C06,"Yard Piping & Utilities — Yard piping, vaults and site utilities",2023-04-01,2023-11-01,2023-03-31,Y,Y,,,,,,1,,4,4,,,Inferred,1,C7.1 (Det. 5),33 31 00; 33 30 00,C7.1; 33 31 00; 33 30 00,Civil & Site
CWP 33,Yard Piping & Utilities,PROPOSED-Buried valve label markers,Bronze buried valve label markers (Berntsen #C35FB) with cast iron valve boxes and concrete pads,Site,Install,33-C06,"Yard Piping & Utilities — Yard piping, vaults and site utilities",2023-04-01,2023-11-01,2023-03-31,N,N,,,,,,1,,0,0,,#99,Unresolved,1,"C7.3 (Det. 2, 4); C1.4",,C7.3; C1.4,Civil & Site
CWP 33,Yard Piping & Utilities,PROPOSED-Post hydrant,Post hydrant on 2-inch HDPE supply with buried 2-inch gate valve,Site,Install,33-C06,"Yard Piping & Utilities — Yard piping, vaults and site utilities",2023-04-01,2023-11-01,2023-03-31,Y,Y,,,,,,1,,4,2,PROPOSED-POST-HYDRANTS (Process & Mechanical),#53,Unresolved,1,C7.5 (Det. 2),33 30 00,C7.5; 33 30 00,Civil & Site
CWP 33,Yard Piping & Utilities,"PROPOSED-Composite manholes, double manhole condition",Lightweight composite manholes (Morrison Bros. 418LC-3800 AM or equal) in cast-in-place traffic ring,Not stated,Install,33-C06,"Yard Piping & Utilities — Yard piping, vaults and site utilities",2023-04-01,2023-11-01,2023-03-31,N,N,,,,,,1,,0,0,,,Unresolved,1,C7.5 (Det. 3),33 30 00,C7.5; 33 30 00,Civil & Site
CWP 33,Yard Piping & Utilities,SDCB #1,"Storm drain catch basin #1, Type 1L, rim 22.3; 12-in (SE) invert 19.3",Site,Install,33-C06,"Yard Piping & Utilities — Yard piping, vaults and site utilities",2023-04-01,2023-11-01,2023-03-31,Y,N,,,,,,1,,1,0,,,Unresolved,1,C0.3; C2.1 (KN 7); C2.3 (SD-3),33 41 00,C2.1; C2.3,Civil & Site
CWP 33,Yard Piping & Utilities,SD-2,Storm drain alignment SD-2: SDCB #5 → #6 → #7 → #10; 48 LF of 12-in and 23 LF of 6-in at 0.5%; 4-in roof drain 21 LF at 2.00%,Site,Install,33-C06,"Yard Piping & Utilities — Yard piping, vaults and site utilities",2023-04-01,2023-11-01,2023-03-31,Y,Y,,,,,,1,,3,3,,,Inferred,1,C2.3 (plan and profile); C2.1,33 30 00; 33 41 00,C2.3,Civil & Site
CWP 33,Yard Piping & Utilities,SD-3,Storm drain alignment SD-3: SDCB #1 → #2 → #3 → #4 → trench drain; 83 LF of 12-in and 28 LF of 6-in at 0.5%,Site,Install,33-C06,"Yard Piping & Utilities — Yard piping, vaults and site utilities",2023-04-01,2023-11-01,2023-03-31,Y,Y,,,,,,1,,3,3,,,Unresolved,1,C2.3 (plan and profile); C2.1,33 30 00; 33 41 00,C2.3,Civil & Site
CWP 33,Yard Piping & Utilities,"PROPOSED-4in roof drain connections (SD-2, SD-3)",4-in roof drain connections: SD-2 STA 0+47.16 (21 LF at 2.00%); SD-3 STA 0+26.94 and 0+70.26,Site,Install,33-C06,"Yard Piping & Utilities — Yard piping, vaults and site utilities",2023-04-01,2023-11-01,2023-03-31,Y,Y,,,,,,1,,3,3,,,Inferred,1,C2.3; C2.1 (KN 3),33 30 00; 33 41 00,C2.3; C2.1,Civil & Site
CWP 33,Yard Piping & Utilities,SE1,Train 1 secondary effluent line to effluent flow meter and UV,Site,Install,33-C06,"Yard Piping & Utilities — Yard piping, vaults and site utilities",2023-04-01,2023-11-01,2023-03-31,N,N,,,,,,1,,0,0,Pipe ID 24 (Civil & Site),#82,Inferred,1,G0.5,,G0.5,Process & Mechanical
CWP 33,Yard Piping & Utilities,SE2,Train 2 secondary effluent line to effluent flow meter and UV,Site,Install,33-C06,"Yard Piping & Utilities — Yard piping, vaults and site utilities",2023-04-01,2023-11-01,2023-03-31,N,N,,,,,,1,,0,0,Pipe ID 16 (Civil & Site),#83,Inferred,1,G0.5,,G0.5,Process & Mechanical
CWP 33,Yard Piping & Utilities,WAS1,Train 1 waste activated sludge line to WAS pump,Site,Install,33-C06,"Yard Piping & Utilities — Yard piping, vaults and site utilities",2023-04-01,2023-11-01,2023-03-31,N,N,,,,,,1,,0,0,,"#101, #162",Inferred,1,G0.5; C6.2,,G0.5; C6.2,Process & Mechanical
CWP 33,Yard Piping & Utilities,WAS2,Train 2 waste activated sludge line to WAS pump,Site,Install,33-C06,"Yard Piping & Utilities — Yard piping, vaults and site utilities",2023-04-01,2023-11-01,2023-03-31,N,N,,,,,,1,,0,0,,"#102, #162",Inferred,1,G0.5; C6.2,,G0.5; C6.2,Process & Mechanical
CWP 33,Yard Piping & Utilities,PROPOSED-FINAL-EFFLUENT-LINE,"Final effluent, UV chamber to existing SSMH *1288 and 12-inch outfall, 10-inch",Site,Install,33-C06,"Yard Piping & Utilities — Yard piping, vaults and site utilities",2023-04-01,2023-11-01,2023-03-31,N,N,,,,,,1,,0,0,Pipe ID 5 (Civil & Site),#92,Unresolved,1,G0.5; G0.6; C5.2; C5.3,,G0.5; G0.6; C5.2; C5.3,Process & Mechanical
CWP 33,Yard Piping & Utilities,PROPOSED-8in-Effluent-Piping,8-inch effluent piping (new),Site,Install,33-C06,"Yard Piping & Utilities — Yard piping, vaults and site utilities",2023-04-01,2023-11-01,2023-03-31,N,Y,,,,,,1,,0,3,,"#105, #250",Inferred,1,,00 31 13; 01 45 00,00 31 13; 01 45 00,Contract & General
CWP 33,Yard Piping & Utilities,PROPOSED-Yard-Piping,Yard piping,Site,Install,33-C06,"Yard Piping & Utilities — Yard piping, vaults and site utilities",2023-04-01,2023-11-01,2023-03-31,N,Y,,,,,,1,,0,5,,#250,Inferred,1,,00 31 13; 00 73 00; 01 45 00,00 31 13; 00 73 00; 01 45 00,Contract & General
CWP 33,Yard Piping & Utilities,INF1,"Train 1 influent line, flow splitter to existing Train 1, 8-inch",Influent Flow Splitter,Install,33-C03,Yard Piping & Utilities — Influent pump station and flow splitter,2023-06-01,2023-10-25,2023-03-31,N,N,,,,,,1,,0,0,Pipe ID 14 (Civil & Site),"#79, #162",Inferred,1,G0.5; C3.1; C3.2,,G0.5; C3.1; C3.2,Process & Mechanical
CWP 33,Yard Piping & Utilities,INF2,"Train 2 influent line, flow splitter to existing Train 2, 8-inch DI",Influent Flow Splitter,Install,33-C03,Yard Piping & Utilities — Influent pump station and flow splitter,2023-06-01,2023-10-25,2023-03-31,N,N,,,,,,1,,0,0,Pipe ID 13 (Civil & Site),"#80, #162",Inferred,1,G0.5; C3.1; C3.2,,G0.5; C3.1; C3.2,Process & Mechanical
CWP 33,Yard Piping & Utilities,INF3,"Train 3 influent line, flow splitter to Train 3, 8-inch",Influent Flow Splitter; Train 3,Install,33-C03,Yard Piping & Utilities — Influent pump station and flow splitter,2023-06-01,2023-10-25,2023-03-31,N,N,,,,,,1,,0,0,Pipe ID 11 (Civil & Site),"#81, #162",Inferred,1,G0.5; C3.1; C3.2; C3.3; C3.5,,G0.5; C3.1; C3.2; C3.3; C3.5,Process & Mechanical
CWP 33,Yard Piping & Utilities,PROPOSED-STEP-INFLUENT-CONNECTION,"8-inch STEP influent connection to the new Influent Pump Station, IE 19.50",Influent Pump Station,Install,33-C03,Yard Piping & Utilities — Influent pump station and flow splitter,2023-06-01,2023-10-25,2023-03-31,N,N,,,,,,1,,0,0,Pipe ID 3 (Civil & Site),#87,Inferred,1,G0.5; G0.6; C3.1; C4.1,,G0.5; G0.6; C3.1; C4.1,Process & Mechanical
CWP 33,Yard Piping & Utilities,PROPOSED-Floor drains,"Floor drains, 4-inch stainless steel with 2-inch trap",Not stated (in Train 2 and Train 3 flow meter vaults per C7.10),Install,33-C04,Yard Piping & Utilities — Train 3,2023-08-01,2024-07-08,2023-03-31,N,N,,,,,,1,,0,0,,,Inferred,1,C7.1 (Det. 2); C7.10,33 31 00,C7.1; C7.10; 33 31 00,Civil & Site
CWP 33,Yard Piping & Utilities,SE3,"Train 3 secondary effluent line, 8-inch",Train 3,Install,33-C04,Yard Piping & Utilities — Train 3,2023-08-01,2024-07-08,2023-03-31,N,N,,,,,,1,,0,0,Pipe ID 17 (Civil & Site),#84,Inferred,1,G0.5; C3.3; C3.5,,G0.5; C3.3; C3.5,Process & Mechanical
CWP 40,Process Interconnections,PROPOSED-DIGESTER-TELESCOPING-VALVE,"Aerobic digester telescoping valve, 4-inch rising stem, 48-inch min travel, Waterman TS-2 or equal",UV Disinfection Chamber & Digester,Install,40-C01,Process Interconnections — UV chamber and digester,2023-04-01,2023-11-01,2023-03-31,Y,N,,,,,,1,,4,0,,,Inferred,1,G0.6; G0.7; C5.1; C5.3,40 05 71,G0.6; G0.7; C5.1; C5.3; 40 05 71,Process & Mechanical
CWP 41,Material Handling (Screw Conveyors),Receiving Conveyor,"Receiving conveyor, horizontal shaftless, 9-in. flight, 6 ft 9 in., 304 SS U-trough, two inlets from rotary press cake chutes, 1 HP",Rotary Fan Press System,Install,41-C01,Material Handling (Screw Conveyors) — Sludge dewatering (rotary fan press),2023-11-01,2024-02-09,2023-10-31,Y,Y,,,,,,1,,2,4,,#111,Unresolved,1; Equipment Alternate C,,41 12 13,41 12 13; 46 76 26,Process & Mechanical
CWP 41,Material Handling (Screw Conveyors),Inclined Conveyor,"Inclined conveyor, shafted, 9-in. flight at 5-in. pitch, 17 ft 4 in. at 35 degrees, 304 SS tubular trough, outlet to bin, 5 HP",Rotary Fan Press System,Install,41-C01,Material Handling (Screw Conveyors) — Sludge dewatering (rotary fan press),2023-11-01,2024-02-09,2023-10-31,Y,Y,,,,,,1,,2,4,,#112,Unresolved,1; Equipment Alternate C,,41 12 13,41 12 13; 46 76 26,Process & Mechanical
CWP 43,Blowers & 2W Plant Water System,ESWD WWTP – Biological Treatment System Blowers (Trains 1 – 3),"Biological treatment blowers (4), Kaeser Com-paK DB 166 C, 20 HP 460 V, VFD, 315 scfm at 8.9 psig each",Blower Building,Install,43-C02,Blowers & 2W Plant Water System — Blower Building,2023-04-01,2023-07-31,2023-03-31,Y,Y,,,,,,1,,1,1,BL-2 (Electrical & Controls); BL-3 (Electrical & Controls); BL-4 (Electrical & Controls); PROPOSED-Blowers-Blower-Building (Structural & Building); PROPOSED-Blowers (Contract & General); BL-1 (Electrical & Controls),#18,Inferred,1; 6,C6.4; C6.5,43 11 00,C6.4; C6.5; 43 11 00,Process & Mechanical
CWP 43,Blowers & 2W Plant Water System,PROPOSED-EYE-WASH-STATIONS,Wall-mount eye wash stations (quantity and locations not stated),Not stated,Install,43-C02,Blowers & 2W Plant Water System — Blower Building,2023-04-01,2023-07-31,2023-03-31,Y,N,,,,,,1,,1,0,,"#113, #180",Inferred,1,,43 22 10,43 22 10,Process & Mechanical
CWP 43,Blowers & 2W Plant Water System,BL-1,"Aeration Blower No.1 — cell aeration blower, Cell 1, 20 HP, VFD in MCC",Blower Building,Install,43-C02,Blowers & 2W Plant Water System — Blower Building,2023-04-01,2023-07-31,2023-03-31,Not stated,Not stated,,,,,,1,,0,0,PROPOSED-Blowers-Blower-Building (Structural & Building); PROPOSED-Blowers (Contract & General); ESWD WWTP – Biological Treatment System Blowers (Trains 1 – 3) (Process & Mechanical),"#18, #202, #215",Inferred,"1 (equipment, Inferred per 04); 6 (power and control)",E2.1; E6.1; E6.3; E7.1; E7.2; E7.3; E7.4; E9.1; E9.2,,E2.1; E6.1; E6.3; E7.1; E7.2; E7.3; E7.4; E9.1; E9.2,Electrical & Controls
CWP 43,Blowers & 2W Plant Water System,BL-2,"Aeration Blower No.2 — cell aeration blower, Cell 2, 20 HP, VFD in MCC",Blower Building,Install,43-C02,Blowers & 2W Plant Water System — Blower Building,2023-04-01,2023-07-31,2023-03-31,Not stated,Not stated,,,,,,1,,0,0,PROPOSED-Blowers-Blower-Building (Structural & Building); PROPOSED-Blowers (Contract & General); ESWD WWTP – Biological Treatment System Blowers (Trains 1 – 3) (Process & Mechanical),#18,Inferred,"1 (equipment, Inferred per 04); 6 (power and control)",E2.1; E6.1; E6.3; E7.1; E7.2; E7.3; E7.4; E9.1; E9.2,,E2.1; E6.1; E6.3; E7.1; E7.2; E7.3; E7.4; E9.1; E9.2,Electrical & Controls
CWP 43,Blowers & 2W Plant Water System,BL-3,"Aeration Blower No.3 — cell aeration blower, Cell 3, 20 HP, VFD in MCC",Blower Building,Install,43-C02,Blowers & 2W Plant Water System — Blower Building,2023-04-01,2023-07-31,2023-03-31,Not stated,Not stated,,,,,,1,,0,0,PROPOSED-Blowers-Blower-Building (Structural & Building); PROPOSED-Blowers (Contract & General); ESWD WWTP – Biological Treatment System Blowers (Trains 1 – 3) (Process & Mechanical),#18,Inferred,"1 (equipment, Inferred per 04); 6 (power and control)",E2.1; E6.1; E6.3; E7.1; E7.2; E7.3; E7.4; E9.1; E9.2,,E2.1; E6.1; E6.3; E7.1; E7.2; E7.3; E7.4; E9.1; E9.2,Electrical & Controls
CWP 43,Blowers & 2W Plant Water System,BL-4,"Aeration Blower No.4 — backup, 20 HP, VFD in MCC",Blower Building,Install,43-C02,Blowers & 2W Plant Water System — Blower Building,2023-04-01,2023-07-31,2023-03-31,Not stated,Not stated,,,,,,1,,0,0,PROPOSED-Blowers-Blower-Building (Structural & Building); PROPOSED-Blowers (Contract & General); ESWD WWTP – Biological Treatment System Blowers (Trains 1 – 3) (Process & Mechanical),"#18, #202, #215",Inferred,"1 (equipment, Inferred per 04); 6 (power and control)",E2.1; E6.1; E6.3; E7.1; E7.2; E7.3; E7.4; E9.1; E9.2,,E2.1; E6.1; E6.3; E7.1; E7.2; E7.3; E7.4; E9.1; E9.2,Electrical & Controls
CWP 43,Blowers & 2W Plant Water System,DB,"Digester blower, 5 HP, VFD in MCC","Not stated — drawn on E2.1 outside the Blower Building outline, beside a ""building interior wall""",Install,43-C02,Blowers & 2W Plant Water System — Blower Building,2023-04-01,2023-07-31,2023-03-31,Not stated,Not stated,,,,,,1,,0,0,ESWD WWTP – Aerobic Digester Blower (Process & Mechanical),#19,Inferred,"1 (equipment, Inferred per 04); 6 (power and control)",E2.1; E6.1; E6.3; E7.1; E7.2; E7.3; E7.4; E9.1; E9.2,,E2.1; E6.1; E6.3; E7.1; E7.2; E7.3; E7.4; E9.1; E9.2,Electrical & Controls
CWP 43,Blowers & 2W Plant Water System,PROPOSED-Blowers-Blower-Building,Blowers (4) on the blower pad,Blower Building,Install,43-C02,Blowers & 2W Plant Water System — Blower Building,2023-04-01,2023-07-31,2023-03-31,Not stated,Not stated,,,,,,1,,0,0,BL-2 (Electrical & Controls); BL-3 (Electrical & Controls); BL-4 (Electrical & Controls); ESWD WWTP – Biological Treatment System Blowers (Trains 1 – 3) (Process & Mechanical); BL-1 (Electrical & Controls),"#18, #224",Inferred,1 (Inferred per 04),A1.1; A1.3,,A1.1; A1.3,Structural & Building
CWP 43,Blowers & 2W Plant Water System,PROPOSED-2W-Bladder-Tank-Assembly,"2W bladder tank assembly — 2 tanks, 24 in diameter",Blower Building,Install,43-C02,Blowers & 2W Plant Water System — Blower Building,2023-04-01,2023-07-31,2023-03-31,Not stated,Not stated,,,,,,1,,0,0,PROPOSED-2W-DIAPHRAGM-TANKS (Process & Mechanical),"#25, #227",Inferred,1 (Inferred per 04),A1.1,,A1.1,Structural & Building
CWP 43,Blowers & 2W Plant Water System,PROPOSED-Blowers,Blower equipment (blowers and drives),Blower Building,Install,43-C02,Blowers & 2W Plant Water System — Blower Building,2023-04-01,2023-07-31,2023-03-31,Y,Y,,,,,,1,,11,4,BL-2 (Electrical & Controls); BL-3 (Electrical & Controls); BL-4 (Electrical & Controls); PROPOSED-Blowers-Blower-Building (Structural & Building); ESWD WWTP – Biological Treatment System Blowers (Trains 1 – 3) (Process & Mechanical); BL-1 (Electrical & Controls),"#18, #251",Inferred,1,,01 91 00; 01 33 00; 01 70 00,01 91 00; 01 33 00; 01 70 00; CQA Plan,Contract & General
CWP 43,Blowers & 2W Plant Water System,ESWD WWTP – Aerobic Digester Blower,"Aerobic digester blower (1), Kaeser Com-paK BB 52 C, 5 HP 460 V, VFD, 120 scfm at 4.0 psig, on 3.25 x 2.25 ft pad",Existing Metal Building adjacent to Train #2 (Digester Blower),Install,43-C04,Blowers & 2W Plant Water System — Aerobic digester,2023-04-01,2023-11-01,2023-03-31,Y,Y,,,,,,1,,1,1,DB (Electrical & Controls),"#19, #173",Inferred,1; 6,C6.3; C6.4,43 11 00,C6.3; C6.4; 43 11 00,Process & Mechanical
CWP 43,Blowers & 2W Plant Water System,Hot Box #1,2W water hot box #1 — flow meter and isolation valve (relocated per Add. 4),Site,Install,43-C05,"Blowers & 2W Plant Water System — Yard piping, vaults and site utilities",2023-04-01,2023-11-01,2023-03-31,N,N,,,,,,1,,0,0,PROPOSED-Hot-Box-1 (Electrical & Controls),"#16, #95, #149, #193, #206",Inferred,1,C1.3 (Add. 4 p.7); C7.6 (Det. 1),,C1.3; C7.6,Civil & Site
CWP 43,Blowers & 2W Plant Water System,Hot Box #2,2W water hot box #2 — air gap piping (relocated per Add. 4),Site,Install,43-C05,"Blowers & 2W Plant Water System — Yard piping, vaults and site utilities",2023-04-01,2023-11-01,2023-03-31,N,N,,,,,,1,,0,0,PROPOSED-Hot-Box-2 (Electrical & Controls); PROPOSED-2W-AIR-GAP-ENCLOSURE (Process & Mechanical); PROPOSED-2W-Air-Gap-Water-System (Contract & General),"#17, #169, #183",Inferred,1,C1.3 (Add. 4 p.7); C7.6 (Det. 2–3),,C1.3; C7.6,Civil & Site
CWP 43,Blowers & 2W Plant Water System,PROPOSED-Hot Box #1 solenoid valve,"Solenoid valve, ASCO Redhat 8221, 3/4-inch, slow-closing, normally closed, 120 VAC, NEMA 4X",Site,Install,43-C05,"Blowers & 2W Plant Water System — Yard piping, vaults and site utilities",2023-04-01,2023-11-01,2023-03-31,N,N,,,,,,1,,0,0,PROPOSED-2W-Isolation-Valve-Solenoid (Electrical & Controls),"#49, #100",Inferred,1,C7.6 (Det. 1),,C7.6,Civil & Site
CWP 43,Blowers & 2W Plant Water System,PROPOSED-2W-AIR-GAP-ENCLOSURE,"2W air gap system in a fiberglass enclosure (""2W (Air Gap) Water Hot Box"")",Site (on C1.3 per Add. 4 p.3),Install,43-C05,"Blowers & 2W Plant Water System — Yard piping, vaults and site utilities",2023-04-01,2023-11-01,2023-03-31,Y,N,,,,,,1,,2,0,PROPOSED-Hot-Box-2 (Electrical & Controls); Hot Box #2 (Civil & Site); PROPOSED-2W-Air-Gap-Water-System (Contract & General),#17,Inferred,1,,43 22 10,43 22 10; C4.2,Process & Mechanical
CWP 43,Blowers & 2W Plant Water System,PROPOSED-2W-FLOW-METER,"Plant water (2W) flow meter, 1-inch electromagnetic, 0-25 gpm, in a fiberglass enclosure (43 22 10 flow meter system)",Not stated (2W system),Install,43-C01,Blowers & 2W Plant Water System — 2W air gap water system,2023-05-01,2023-10-18,2023-03-31,Y,N,,,,,,1,,1,0,PROPOSED-Hot Box #1 flow meter (Civil & Site); PROPOSED-2W-Flow-Meter (Electrical & Controls),#11,Inferred,1,G0.7,43 22 10,G0.7; 43 22 10,Process & Mechanical
CWP 43,Blowers & 2W Plant Water System,PROPOSED-2W-PUMP-STATION-WET-WELL | PROPOSED-2W-Pump-Station-Wet-Well,"2W plant water pump station wet well, 96-inch precast, floor 10.00, top 21.50, with 30-inch fiberglass access structure, insulated gasketed lid and 38-inch traffic-rated lid and ring | 2W water system pump station wet well",2W Pump Station,Install,43-C01,Blowers & 2W Plant Water System — 2W air gap water system,2023-05-01,2023-10-18,2023-03-31,Y,Y,,,,,,1,,4,5,PROPOSED-2W-Pump-Station-Precast-Wet-Well (Structural & Building),"#47, #251, #252",Inferred,1,C4.2,43 22 10; 01 45 00; 01 50 00,C4.2; 43 22 10; 01 45 00; 01 50 00,Process & Mechanical; Contract & General
CWP 43,Blowers & 2W Plant Water System,PROPOSED-2W-PUMPS,"2W plant water pumps (2), submersible well pumps, 1 duty and 1 standby, 20-80 gpm",2W Pump Station,Install,43-C01,Blowers & 2W Plant Water System — 2W air gap water system,2023-05-01,2023-10-18,2023-03-31,Y,Y,,,,,,1,,2,2,2W-P1 (Electrical & Controls); 2W-P2 (Electrical & Controls),"#45, #193",Inferred,1; 6,G0.7; C4.2,43 22 10,G0.7; C4.2; 43 22 10,Process & Mechanical
CWP 43,Blowers & 2W Plant Water System,F1–F4 [2W Pump Station],2W pump station float switches F1-F4,2W Pump Station,Install,43-C01,Blowers & 2W Plant Water System — 2W air gap water system,2023-05-01,2023-10-18,2023-03-31,N,N,,,,,,1,,0,0,F2 (2W Pump Station) (Electrical & Controls); LSH-111 (Electrical & Controls); F3 (2W Pump Station) (Electrical & Controls); LSL-111 (Electrical & Controls),#46,Inferred,1,C4.2,43 22 10,C4.2; 43 22 10,Process & Mechanical
CWP 43,Blowers & 2W Plant Water System,PROPOSED-2W-DIAPHRAGM-TANKS,"2W air diaphragm (bladder) tanks (2), Amtrol Well-X-Trol WX-350D, 119 gal (26 x 62 in.), with manifold, gauge and relief valves",Train #2 Building (per Add. 4 p.6),Install,43-C01,Blowers & 2W Plant Water System — 2W air gap water system,2023-05-01,2023-10-18,2023-03-31,Y,Y,,,,,,1,,1,2,PROPOSED-2W-Bladder-Tank-Assembly (Structural & Building),#25,Unresolved,1,C4.3; C6.4,43 22 10,C4.3; C6.4; 43 22 10,Process & Mechanical
CWP 43,Blowers & 2W Plant Water System,PIT-620,"2W system pressure transducer, 0-150 psi (operating 55-75 psi)",2W Equipment Layout (room not named on C4.3),Install,43-C01,Blowers & 2W Plant Water System — 2W air gap water system,2023-05-01,2023-10-18,2023-03-31,N,N,,,,,,1,,0,0,PROPOSED-2W-Pressure-Transducer (Electrical & Controls),#48,Inferred,1,C4.3,43 22 10,C4.3; 43 22 10,Process & Mechanical
CWP 43,Blowers & 2W Plant Water System,PROPOSED-2W-DISCHARGE-LINE,"2W plant water discharge, 2-inch SCH 80 PVC to 3-inch HDPE",2W Pump Station,Install,43-C01,Blowers & 2W Plant Water System — 2W air gap water system,2023-05-01,2023-10-18,2023-03-31,N,N,,,,,,1,,0,0,Pipe ID 10 (Civil & Site),#50,Inferred,1,C4.2; C6.3; C6.4,43 22 10,C4.2; C6.3; C6.4; 43 22 10,Process & Mechanical
CWP 43,Blowers & 2W Plant Water System,PROPOSED-2W-FILL-LINE,"2W water fill from air gap to 2W wet well, 4-inch SCH 80 PVC at 2% slope, inlet IE 19.50",2W Pump Station,Install,43-C01,Blowers & 2W Plant Water System — 2W air gap water system,2023-05-01,2023-10-18,2023-03-31,N,N,,,,,,1,,0,0,,#169,Unresolved,1,C4.2,43 22 10,C4.2; 43 22 10,Process & Mechanical
CWP 43,Blowers & 2W Plant Water System,PROPOSED-2W-BLADDER-TANK-SUPPLY,"1-inch 2W supply piping to the bladder tanks, routed below existing concrete floor, slab penetration at tank connection",Train #2 Building (per Add. 4 p.6),Install,43-C01,Blowers & 2W Plant Water System — 2W air gap water system,2023-05-01,2023-10-18,2023-03-31,N,N,,,,,,1,,0,0,Pipe ID 23 (Civil & Site),#51,Inferred,1,C6.4,43 22 10,C6.4; 43 22 10,Process & Mechanical
CWP 43,Blowers & 2W Plant Water System,2W-P1,"2W Water Pump No.1, 5 HP, VFD in MCC (E4.3 tags it P-2W-1)",2W Pump Station,Install,43-C01,Blowers & 2W Plant Water System — 2W air gap water system,2023-05-01,2023-10-18,2023-03-31,Not stated,Not stated,,,,,,1,,0,0,PROPOSED-2W-PUMPS (Process & Mechanical),"#45, #193",Unresolved,"1 (equipment, Inferred per 04); 6 (power and control)",E4.3; E6.1; E6.3; E7.3; E7.4; E9.1,,E4.3; E6.1; E6.3; E7.3; E7.4; E9.1,Electrical & Controls
CWP 43,Blowers & 2W Plant Water System,2W-P2,"2W Water Pump No.2, 5 HP, VFD in MCC (E4.3 tags it P-2W-2)",2W Pump Station,Install,43-C01,Blowers & 2W Plant Water System — 2W air gap water system,2023-05-01,2023-10-18,2023-03-31,Not stated,Not stated,,,,,,1,,0,0,PROPOSED-2W-PUMPS (Process & Mechanical),"#45, #193",Unresolved,"1 (equipment, Inferred per 04); 6 (power and control)",E4.3; E6.1; E6.3; E7.3; E7.4; E9.1,,E4.3; E6.1; E6.3; E7.3; E7.4; E9.1,Electrical & Controls
CWP 43,Blowers & 2W Plant Water System,PROPOSED-Hot-Box-1,"Hot Box #1 (2W): houses the 1-in 2W flow meter, isolation valve solenoid, heat trace, GFEP and J-box",2W Pump Station,Install,43-C01,Blowers & 2W Plant Water System — 2W air gap water system,2023-05-01,2023-10-18,2023-03-31,Not stated,Not stated,,,,,,1,,0,0,Hot Box #1 (Civil & Site),"#16, #95",Unresolved,"1 (enclosure, Inferred per 04); 6 (electrical)",E4.3; E6.2; E6.3,,E4.3; E6.2; E6.3,Electrical & Controls
CWP 43,Blowers & 2W Plant Water System,PROPOSED-Hot-Box-2,Hot Box #2 (2W): heat trace on exposed piping,2W Pump Station,Install,43-C01,Blowers & 2W Plant Water System — 2W air gap water system,2023-05-01,2023-10-18,2023-03-31,Not stated,Not stated,,,,,,1,,0,0,Hot Box #2 (Civil & Site); PROPOSED-2W-AIR-GAP-ENCLOSURE (Process & Mechanical); PROPOSED-2W-Air-Gap-Water-System (Contract & General),#17,Unresolved,"1 (enclosure, Inferred per 04); 6 (electrical)",E4.3; E6.2; E6.3,,E4.3; E6.2; E6.3,Electrical & Controls
CWP 43,Blowers & 2W Plant Water System,PROPOSED-2W-Isolation-Valve-Solenoid,Isolation valve solenoid in Hot Box #1 (2W line),2W Pump Station,Install,43-C01,Blowers & 2W Plant Water System — 2W air gap water system,2023-05-01,2023-10-18,2023-03-31,Not stated,Not stated,,,,,,1,,0,0,PROPOSED-Hot Box #1 solenoid valve (Civil & Site),"#49, #100",Verified-Visual,"1 (equipment, Inferred per 04); 6 (power and control)",E4.3; E6.3; E7.4,,E4.3; E6.3; E7.4,Electrical & Controls
CWP 43,Blowers & 2W Plant Water System,PROPOSED-2W-Air-Gap-Water-System,2W air gap water system,2W Pump Station,Install,43-C01,Blowers & 2W Plant Water System — 2W air gap water system,2023-05-01,2023-10-18,2023-03-31,Y,Y,,,,,,1,,11,4,PROPOSED-Hot-Box-2 (Electrical & Controls); Hot Box #2 (Civil & Site); PROPOSED-2W-AIR-GAP-ENCLOSURE (Process & Mechanical),"#17, #251",Inferred,1,,00 31 13; 01 33 00; 01 70 00; 01 91 00,00 31 13; 01 33 00; 01 70 00; 01 91 00; CQA Plan,Contract & General
CWP 43,Blowers & 2W Plant Water System,PROPOSED-2W-SUPPLY-TO-PRESS,"2W water supply to rotary fan press, 2-inch",Rotary Fan Press System,Install,43-C03,Blowers & 2W Plant Water System — Sludge dewatering (rotary fan press),2023-11-01,2024-02-09,2023-03-31,N,N,,,,,,1,,0,0,,,Inferred,1,C6.1,43 22 10; 46 76 26,C6.1; 43 22 10; 46 76 26,Process & Mechanical
CWP 45,Process Valves,PROPOSED-AIR-BUTTERFLY-VALVES,"Aeration air butterfly valves: 3-inch and 6-inch at the biological blowers, 4-inch at the digester blower; Bray Series 31 lug or Dezurik or equal",Blower Building; Digester Blower,Install,45-C01,Process Valves — Aerobic digester,2023-04-01,2023-11-01,2023-03-31,Y,Y,,,,,,1,,3,2,,,Inferred,1,C6.3; C6.5,45 05 00,C6.3; C6.5; 45 05 00,Process & Mechanical
CWP 45,Process Valves,PROPOSED-SLUDGE-MANIFOLD-PIPING,Sludge pump and valving area manifold: 2-inch SCH 80 PVC with 2-inch PVC ball valves and unions; 4-inch SCH 80 PVC digested sludge header; 4x2 reducer; 2x3 expansion to press,Sludge Pump and Valving Area,Install,45-C03,Process Valves — Sludge pumps and valving,2023-04-01,2023-11-01,2023-03-31,N,N,,,,,,1,,0,0,,,Unresolved,1,C6.2,45 05 00,C6.2; 45 05 00,Process & Mechanical
CWP 45,Process Valves,PROPOSED-IPS-CHECK-VALVES,"Influent Pump Station discharge check valves, 4-inch and 6-inch FxF, swing check with external lever, spring and limit switch (MH 259-02ALS)",Influent Pump Station,Install,45-C02,Process Valves — Influent pump station and flow splitter,2023-06-01,2023-10-25,2023-03-31,Y,Y,,,,,,1,,4,2,,,Inferred,1,C4.1,45 05 00,C4.1; 45 05 00,Process & Mechanical
CWP 45,Process Valves,PROPOSED-IPS-GATE-VALVES,Influent Pump Station gate valves: 4-inch and 6-inch FxF in the valve vaults; 4-inch and 6-inch buried gate valves FLxMJ with valve boxes,Influent Pump Station,Install,45-C02,Process Valves — Influent pump station and flow splitter,2023-06-01,2023-10-25,2023-03-31,Y,Y,,,,,,1,,4,2,,,Inferred,1,C4.1,45 05 00,C4.1; 45 05 00,Process & Mechanical
CWP 46,Treatment Equipment,PROPOSED-WAS-SOLENOID-VALVES,"WAS inlet solenoid valves (3, on WAS #1-#3), ASCO Redhat 8221G013, 2-inch, normally closed, 120 V coil, NEMA 4X",Sludge Pump and Valving Area,Install,46-C03,Treatment Equipment — Sludge pumps and valving,2023-04-01,2023-11-01,2023-03-31,N,N,,,,,,1,,0,0,PROPOSED-WAS-Solenoid-Valves (Electrical & Controls),"#12, #107, #172",Inferred,1,C6.2,,C6.2,Process & Mechanical
CWP 46,Treatment Equipment,DW-1,"Dewatering skid with skid control panel DW-1: pre-wired and factory tested, UL/ETL labeled per WA L&I, 15 HP, 480 V 3-ph; skid PLC, operator interface and network switch","Treatment Building (existing; E4.1 key note 3 calls it ""Dewatering Building"" — see Issues)",Install,46-C05,Treatment Equipment — Existing dewatering / treatment building,2023-04-01,2024-02-09,2023-03-31,Not stated,Not stated,,,,,,1,,0,0,PROPOSED-Dewatering-System (Contract & General); PROPOSED-RFP-CONTROL-PANEL (Process & Mechanical); PROPOSED-ROTARY-FAN-PRESS (Process & Mechanical),"#63, #207",Verified-Visual,"1 (equipment, Inferred per 04); 6 (power and control)",E4.1; E6.1; E6.3; E7.0; E9.1,,E4.1; E6.1; E6.3; E7.0; E9.1,Electrical & Controls
CWP 46,Treatment Equipment,PROPOSED-WAS-Solenoid-Valves,"WAS solenoid valves (3), WAS #1 to #3, 120 V from the IPS panel","Treatment Building (existing; E4.1 key note 3 calls it ""Dewatering Building"" — see Issues)",Install,46-C05,Treatment Equipment — Existing dewatering / treatment building,2023-04-01,2024-02-09,2023-03-31,Not stated,Not stated,,,,,,1,,0,0,PROPOSED-WAS-SOLENOID-VALVES (Process & Mechanical),"#12, #107",Verified-Visual,"1 (equipment, Inferred per 04); 6 (power and control)",E4.1; E6.3; E8.4,,E4.1; E6.3; E8.4,Electrical & Controls
CWP 46,Treatment Equipment,PROPOSED-Polymer-Feed-Pump,Polymer feed pump at the dewatering skid; 120 V GFCI receptacle LP2-6 and 4–20 mA flow pace,"Treatment Building (existing; E4.1 key note 3 calls it ""Dewatering Building"" — see Issues)",Install,46-C05,Treatment Equipment — Existing dewatering / treatment building,2023-04-01,2024-02-09,2023-03-31,Not stated,Not stated,,,,,,1,,0,0,PROPOSED-POLYMER-SYSTEM (Process & Mechanical),#64,Verified-Visual,"1 (equipment, Inferred per 04); 6 (power and control)",E4.1; E6.2; E6.3; E8.6; E10.2,,E4.1; E6.2; E6.3; E8.6; E10.2,Electrical & Controls
CWP 46,Treatment Equipment,PROPOSED-UV-TRANSMISSIVITY-ANALYZER,"UV transmissivity analyzer, Hach DR 1900 (1)",Not stated,Install,46-C06,Treatment Equipment — UV chamber,2023-04-01,2023-10-11,2023-03-31,Y,Y,,,,,,1,,1,1,,#115,Inferred,1,,46 66 10,46 66 10,Process & Mechanical
CWP 46,Treatment Equipment,UV1,"UV disinfection unit No.1 (UV modules on 10-ft cords, 2 per PDR)",UV Disinfection Chamber,Install,46-C06,Treatment Equipment — UV chamber,2023-04-01,2023-10-11,2023-03-31,Not stated,Not stated,,,,,,1,,0,0,PROPOSED-UV-Disinfection-System (Contract & General); PROPOSED-UV-SYSTEM (Process & Mechanical),#54,Inferred,"1 (equipment, Inferred per 04); 6 (power and control)",E5.1; E6.2; E6.3; E7.3; E7.5,,E5.1; E6.2; E6.3; E7.3; E7.5; 26 80 00,Electrical & Controls
CWP 46,Treatment Equipment,UV2,"UV disinfection unit No.2 (UV modules on 10-ft cords, 2 per PDR)",UV Disinfection Chamber,Install,46-C06,Treatment Equipment — UV chamber,2023-04-01,2023-10-11,2023-03-31,Not stated,Not stated,,,,,,1,,0,0,PROPOSED-UV-Disinfection-System (Contract & General); PROPOSED-UV-SYSTEM (Process & Mechanical),#54,Inferred,"1 (equipment, Inferred per 04); 6 (power and control)",E5.1; E6.2; E6.3; E7.3; E7.5,,E5.1; E6.2; E6.3; E7.3; E7.5; 26 80 00,Electrical & Controls
CWP 46,Treatment Equipment,PROPOSED-UV-SYSTEM,"UV disinfection system, Trojan UV3000 PTP or equal: 2 open-channel systems (UV Channels #1 and #2), 6 modules per bank, 4 lamps per module, 48 lamps, stainless channels with level control weirs",UV Disinfection Chamber & Digester,Install,46-C07,Treatment Equipment — UV chamber and digester,2023-04-01,2023-11-01,2023-03-31,Y,Y,,,,,,1,,10,6,PROPOSED-UV-Disinfection-System (Contract & General); UV1 (Electrical & Controls); UV2 (Electrical & Controls),#54,Unresolved,1; Equipment Alternate D,G0.5; G0.6; G0.7; C5.1; C5.2; C5.3; C5.4,46 66 00,G0.5; G0.6; G0.7; C5.1; C5.2; C5.3; C5.4; 46 66 00,Process & Mechanical
CWP 46,Treatment Equipment,PROPOSED-UV-CONTROL-PANELS,"UV control panels on chamber walls (2 on C5.1): splitter panel, power distribution receptacles and wall-mounted system monitor per UV unit (C5.4)",UV Disinfection Chamber & Digester,Install,46-C07,Treatment Equipment — UV chamber and digester,2023-04-01,2023-11-01,2023-03-31,Y,Y,,,,,,1,,8,4,PROPOSED-UV-Control-Panel-1 (Electrical & Controls); PROPOSED-UV-Control-Panel-2 (Electrical & Controls); PROPOSED-UV-Power-Distribution-1 (Electrical & Controls); PROPOSED-UV-Power-Distribution-2 (Electrical & Controls),#55,Unresolved,1; Equipment Alternate D,C5.1; C5.2; C5.3; C5.4,46 66 00,C5.1; C5.4; 46 66 00,Process & Mechanical
CWP 46,Treatment Equipment,PROPOSED-DIGESTER-DIFFUSERS,"Aerobic digester coarse bubble diffusers, 24-in. 316 SS, open bottom with rubber inlet check valve (G0.7: 6 at 20 cfm)",UV Disinfection Chamber & Digester,Install,46-C07,Treatment Equipment — UV chamber and digester,2023-04-01,2023-11-01,2023-03-31,Y,N,,,,,,1,,4,0,,,Inferred,1,G0.7; C5.1; C5.2; C5.3,46 51 21,G0.7; C5.1; C5.2; C5.3; 46 51 21,Process & Mechanical
CWP 46,Treatment Equipment,PROPOSED-UV-INTENSITY-SENSORS,"UV intensity sensors (2, one per bank), submersible, with low-UV alarm contact",UV Disinfection Chamber & Digester,Install,46-C07,Treatment Equipment — UV chamber and digester,2023-04-01,2023-11-01,2023-03-31,Y,Y,,,,,,1,,5,2,,#114,Inferred,1; Equipment Alternate D,,46 66 00,46 66 00,Process & Mechanical
CWP 46,Treatment Equipment,PROPOSED-UV-Disinfection-System,UV disinfection system equipment,UV Disinfection Chamber & Digester,Install,46-C07,Treatment Equipment — UV chamber and digester,2023-04-01,2023-11-01,2023-03-31,Y,Y,,,,,,1,,12,6,PROPOSED-UV-SYSTEM (Process & Mechanical); UV1 (Electrical & Controls); UV2 (Electrical & Controls),"#54, #251",Inferred,1; Equipment Alternate D,,00 31 13; 00 41 00; 00 73 00; 01 33 00; 01 70 00; 01 91 00,00 31 13; 00 41 00; 00 73 00; 01 33 00; 01 70 00; 01 91 00; CQA Plan,Contract & General
CWP 46,Treatment Equipment,PROPOSED-PLANT-DRAIN-LINE,"Filtrate, pressate and digester supernatant drain line to Influent Pump Station, 4-inch (IE 13.40 at wet well)",Site,Install,46-C08,"Treatment Equipment — Yard piping, vaults and site utilities",2023-04-01,2023-11-01,2023-03-31,N,N,,,,,,1,,0,0,Pipe ID 25 (Civil & Site),#89,Inferred,1,G0.5; G0.6; C4.1; C5.1; C5.3; C6.1,46 76 26,G0.5; G0.6; C4.1; C5.1; C5.3; C6.1; 46 76 26,Process & Mechanical
CWP 46,Treatment Equipment,PROPOSED-FLOW-SPLITTER-BOX,"Influent flow splitter box, prefabricated 316 SS, 4 equal chambers with adjustable weirs, removable cover",Influent Flow Splitter,Install,46-C02,Treatment Equipment — Influent pump station and flow splitter,2023-06-01,2023-10-25,2023-03-31,N,N,,,,,,1,,0,0,PROPOSED-Influent-Flow-Splitter (Contract & General); PROPOSED-Flow-Splitter (Structural & Building),"#75, #103",Inferred,1,G0.5; G0.6; C3.1; C3.2,,G0.5; G0.6; C3.1; C3.2,Process & Mechanical
CWP 46,Treatment Equipment,PROPOSED-Influent-Sampler,"Influent sampler (Owner-furnished, contractor-installed); 120 V GFCI receptacle LP2-8 and 4–20 mA flow pace",Influent Pump Station,Install,46-C02,Treatment Equipment — Influent pump station and flow splitter,2023-06-01,2023-10-25,2023-03-31,Not stated,Not stated,,,,,,1,,0,0,,"#13, #122, #251",Verified-Visual,"6 (installation, receptacle, flow-pace signal); sampler Owner-furnished",E4.1; E6.2; E6.3; E8.6,,E4.1; E6.2; E6.3; E8.6; 26 80 00,Electrical & Controls
CWP 46,Treatment Equipment,PROPOSED-Flow-Splitter,"Flow splitter — per civil, attachment by others",Flow Splitter,Install,46-C02,Treatment Equipment — Influent pump station and flow splitter,2023-06-01,2023-10-25,2023-03-31,Not stated,Not stated,,,,,,1,,0,0,PROPOSED-Influent-Flow-Splitter (Contract & General); PROPOSED-FLOW-SPLITTER-BOX (Process & Mechanical),"#75, #103, #237",Inferred,1 (Inferred per 04),S2.4,,S2.4,Structural & Building
CWP 46,Treatment Equipment,PROPOSED-Influent-Flow-Splitter,Influent flow splitter,Influent Flow Splitter,Install,46-C02,Treatment Equipment — Influent pump station and flow splitter,2023-06-01,2023-10-25,2023-03-31,N,Y,,,,,,1,,0,6,PROPOSED-Flow-Splitter (Structural & Building); PROPOSED-FLOW-SPLITTER-BOX (Process & Mechanical),"#75, #103, #251",Inferred,1,,00 31 13; 00 73 00; 01 45 00; 01 50 00,00 31 13; 00 73 00; 01 45 00; 01 50 00; CQA Plan,Contract & General
CWP 46,Treatment Equipment,PROPOSED-Influent-Sampler,Influent sampler,Not stated,Install,46-C02,Treatment Equipment — Influent pump station and flow splitter,2023-06-01,2023-10-25,2023-03-31,Y,Y,,,,,,1,,9,3,,"#13, #122, #251",Inferred,Not stated,,00 31 13; 01 33 00; 01 70 00,00 31 13; 01 33 00; 01 70 00,Contract & General
CWP 46,Treatment Equipment,WAS3,"Train 3 WAS / clarifier drain line to WAS pump manifold, 2-inch",Train 3,Install,46-C04,Treatment Equipment — Train 3,2023-08-01,2024-07-08,2023-03-31,N,N,,,,,,1,,0,0,Pipe ID 15 (Civil & Site),"#85, #162",Inferred,1,G0.5; C3.3; C3.4; C6.2,46 53 00,G0.5; C3.3; C3.4; 46 53 00; C6.2,Process & Mechanical
CWP 46,Treatment Equipment,DO #1 | DO-1,"Dissolved oxygen / pH sensor, Train 3 Aeration Zone #1 | Dissolved oxygen sensor and transmitter, Zone 1 (Hach LDO probe, SC200 transmitter, 24 VDC)",Train 3 | Train No.3,Install,46-C04,Treatment Equipment — Train 3,2023-08-01,2024-07-08,2023-03-31,Y,Y,,,,,,1,,4,3,PROPOSED-Train-3-pH-Sensors (Contract & General); PROPOSED-Train-3-Dissolved-Oxygen-Sensors (Contract & General),"#1, #35, #160, #255",Unresolved,1; 18 — Unresolved (see 04); 19; Equipment Alternate B | 6,C3.3; E3.1; E7.6,46 53 00; 26 80 00,C3.3; 46 53 00; E3.1; E7.6; 26 80 00,Process & Mechanical; Electrical & Controls
CWP 46,Treatment Equipment,DO #2 | DO-2,"Dissolved oxygen / pH sensor, Train 3 Aeration Zone #2 | Dissolved oxygen sensor and transmitter, second monitor (Hach LDO/SC200)",Train 3 | Train No.3,Install,46-C04,Treatment Equipment — Train 3,2023-08-01,2024-07-08,2023-03-31,Y,Y,,,,,,1,,4,3,PROPOSED-Train-3-pH-Sensors (Contract & General); PROPOSED-Train-3-Dissolved-Oxygen-Sensors (Contract & General),"#2, #35, #160, #255",Unresolved,1; 18 — Unresolved (see 04); 19; Equipment Alternate B | 6,C3.3; E3.1; E6.3; E7.6,46 53 00; 26 80 00,C3.3; 46 53 00; E3.1; E6.3; E7.6; 26 80 00,Process & Mechanical; Electrical & Controls
CWP 46,Treatment Equipment,PROPOSED-TRAIN-3-TANK,"Train 3 tank, reinforced concrete bullseye tank, 32-ft ID, 34-ft OD, 12-inch walls",Train 3,Install,46-C04,Treatment Equipment — Train 3,2023-08-01,2024-07-08,2023-03-31,N,N,,,,,,1,,0,0,PROPOSED-Train-3-Concrete-Tank (Structural & Building),"#29, #158, #255",Unresolved,1; 18 — Unresolved (see 04); 19; Equipment Alternate B,G0.5; G0.6; G0.7; C3.3; C3.4; C3.5,46 53 00,G0.5; G0.6; G0.7; C3.3; C3.4; C3.5; 46 53 00,Process & Mechanical
CWP 46,Treatment Equipment,PROPOSED-TRAIN-3-TREATMENT-SYSTEM,"Train 3 biological treatment system package, Smith & Loveless Model R Oxigest (basis of design) or approved equal",Train 3,Install,46-C04,Treatment Equipment — Train 3,2023-08-01,2024-07-08,2023-03-31,Y,Y,,,,,,1,,4,3,PROPOSED-Train-3-Biological-Treatment-Equipment (Contract & General),"#30, #255",Unresolved,1; 18 — Unresolved (see 04); 19; Equipment Alternate B,G0.5; G0.6; G0.7; C3.3; C3.4; C3.5,46 53 00,46 53 00; C3.3; C3.4; C3.5,Process & Mechanical
CWP 46,Treatment Equipment,PROPOSED-TRAIN-3-INNER-WALLS,"Train 3 steel inner walls and zone partition walls, structural steel plate 1/4-inch minimum",Train 3,Install,46-C04,Treatment Equipment — Train 3,2023-08-01,2024-07-08,2023-03-31,Y,N,,,,,,1,,2,0,,#255,Unresolved,1; 18 — Unresolved (see 04); 19; Equipment Alternate B,C3.3,46 53 00,C3.3; 46 53 00,Process & Mechanical
CWP 46,Treatment Equipment,PROPOSED-TRAIN-3-CLARIFIER-MECHANISM,"Train 3 clarifier mechanism, 18-ft dia.: center drive, feed well, rake arms, skimmer, scum baffle, effluent trough and weirs, scum airlift",Train 3,Install,46-C04,Treatment Equipment — Train 3,2023-08-01,2024-07-08,2023-03-31,Y,Y,,,,,,1,,2,1,PROPOSED-Train-3-Clarifier-Drive-Motor (Electrical & Controls); PROPOSED-Clarifier (Contract & General),"#33, #255",Unresolved,1; 18 — Unresolved (see 04); 19; Equipment Alternate B,C3.3; C3.4; C3.5,46 53 00,C3.3; C3.4; C3.5; 46 53 00,Process & Mechanical
CWP 46,Treatment Equipment,PROPOSED-TRAIN-3-WALKWAYS-AND-LADDER,"Train 3 access walkway (3-ft clarifier bridge), 2-ft peripheral service walkway, aluminum grating and handrail, aluminum ladder with concrete pad",Train 3,Install,46-C04,Treatment Equipment — Train 3,2023-08-01,2024-07-08,2023-03-31,Y,N,,,,,,1,,2,0,PROPOSED-Handrails (Contract & General); PROPOSED-Train-3-Guardrail-and-Ladders (Structural & Building),"#34, #255",Unresolved,1; 18 — Unresolved (see 04); 19; Equipment Alternate B,C3.3; C3.4; C3.5,46 53 00,C3.3; C3.4; 46 53 00,Process & Mechanical
CWP 46,Treatment Equipment,PROPOSED-TRAIN-3-AERATION-DIFFUSERS,"Train 3 aeration system: air header, drop pipes with unions and air control valves, medium bubble (plenum) diffusers, 8 in Aeration Zone 1 and 2 in Aeration Zone 2",Train 3,Install,46-C04,Treatment Equipment — Train 3,2023-08-01,2024-07-08,2023-03-31,Y,Y,,,,,,1,,2,2,,#255,Unresolved,1; 18 — Unresolved (see 04); 19; Equipment Alternate B,G0.7; C3.3; C3.4; C3.5,46 53 00,G0.7; C3.3; C3.4; C3.5; 46 53 00,Process & Mechanical
CWP 46,Treatment Equipment,PROPOSED-TRAIN-3-ANOXIC-MIXERS,"Train 3 submersible mixers (2), 5 HP, 460 V 3-phase, one per anoxic zone",Train 3,Install,46-C04,Treatment Equipment — Train 3,2023-08-01,2024-07-08,2023-03-31,Y,Y,,,,,,1,,4,3,PROPOSED-Train-3-Submersible-Mixer-A (Electrical & Controls); PROPOSED-Train-3-Submersible-Mixer-B (Electrical & Controls),"#32, #255",Unresolved,1; 18 — Unresolved (see 04); 19; Equipment Alternate B,G0.7; C3.3; C3.4,46 53 00; 46 41 23,G0.7; C3.3; C3.4; 46 53 00; 46 41 23,Process & Mechanical
CWP 46,Treatment Equipment,PROPOSED-TRAIN-3-DAVIT-CRANES,"Portable lifting davits (2) for the Train 3 mixers, stainless, manual brake winch, on top mast brackets",Train 3,Install,46-C04,Treatment Equipment — Train 3,2023-08-01,2024-07-08,2023-03-31,Y,N,,,,,,1,,2,0,,#255,Unresolved,1; 18 — Unresolved (see 04); 19; Equipment Alternate B,C3.3; C3.4,46 41 23,C3.3; C3.4; 46 41 23,Process & Mechanical
CWP 46,Treatment Equipment,PROPOSED-TRAIN-3-RAS-AIRLIFT,"RAS airlift pump, 3-inch steel riser with flow division (weir) box, 51 gpm at 15 cfm max",Train 3,Install,46-C04,Treatment Equipment — Train 3,2023-08-01,2024-07-08,2023-03-31,Y,Y,,,,,,1,,3,2,,#255,Unresolved,1; 18 — Unresolved (see 04); 19; Equipment Alternate B,G0.5; G0.7; C3.3; C3.5,46 53 00,G0.5; G0.7; C3.3; C3.5; 46 53 00,Process & Mechanical
CWP 46,Treatment Equipment,PROPOSED-TRAIN-3-MLR-AIRLIFT,"Nitrate (mixed liquor) recycle airlift pump(s), 6-inch steel riser, Liqui-Lift weir box, 6-inch MLR pipe",Train 3,Install,46-C04,Treatment Equipment — Train 3,2023-08-01,2024-07-08,2023-03-31,Y,Y,,,,,,1,,3,2,,#255,Unresolved,1; 18 — Unresolved (see 04); 19; Equipment Alternate B,G0.5; G0.7; C3.3; C3.4; C3.5,46 53 00,G0.5; G0.7; C3.3; C3.4; C3.5; 46 53 00,Process & Mechanical
CWP 46,Treatment Equipment,PROPOSED-CARBON-FEED-PUMPS,"Carbon feed peristaltic metering pumps (2: 1 duty, 1 standby), Stenner Model S3V02AA302N",Not stated (feeds Train 3 Anoxic 2 per G0.5),Install,46-C04,Treatment Equipment — Train 3,2023-08-01,2024-07-08,2023-03-31,Y,Y,,,,,,1,,3,1,,"#161, #255",Unresolved,1; 18 — Unresolved (see 04); 19; Equipment Alternate B,G0.5,46 53 00,G0.5; 46 53 00,Process & Mechanical
CWP 46,Treatment Equipment,PROPOSED-TRAIN-3-CONTROL-PANEL,"Treatment system control panel, NEMA 4X 316 SS, 460 V 3-phase input, UL listed",Train 3,Install,46-C04,Treatment Equipment — Train 3,2023-08-01,2024-07-08,2023-03-31,Y,Y,,,,,,1,,2,1,TCP-3 (Electrical & Controls),"#31, #161, #255",Unresolved,1; 18 — Unresolved (see 04); 19; Equipment Alternate B,,46 53 00,46 53 00,Process & Mechanical
CWP 46,Treatment Equipment,TCP-3,"Train No.3 control panel TCP-3 (by treatment system provider), 480 V 3-ph input, NEMA 4X Type 316 SS",Train No.3,Install,46-C04,Treatment Equipment — Train 3,2023-08-01,2024-07-08,2023-03-31,Not stated,Not stated,,,,,,1,,0,0,PROPOSED-TRAIN-3-CONTROL-PANEL (Process & Mechanical),"#31, #161",Inferred,"1 (equipment, Inferred per 04); 6 (power and control)",E3.1; E6.1; E6.3; E7.3; E9.1,,E3.1; E6.1; E6.3; E7.3; E9.1,Electrical & Controls
CWP 46,Treatment Equipment,PROPOSED-Train-3-Clarifier-Drive-Motor,Train No.3 clarifier drive motor,Train No.3,Install,46-C04,Treatment Equipment — Train 3,2023-08-01,2024-07-08,2023-03-31,Not stated,Not stated,,,,,,1,,0,0,PROPOSED-Clarifier (Contract & General); PROPOSED-TRAIN-3-CLARIFIER-MECHANISM (Process & Mechanical),#33,Inferred,"1 (equipment, Inferred per 04); 6 (power and control)",E3.1; E6.3,,E3.1; E6.3,Electrical & Controls
CWP 46,Treatment Equipment,PROPOSED-Train-3-Submersible-Mixer-A,Train No.3 submersible mixer A,Train No.3,Install,46-C04,Treatment Equipment — Train 3,2023-08-01,2024-07-08,2023-03-31,Not stated,Not stated,,,,,,1,,0,0,PROPOSED-TRAIN-3-ANOXIC-MIXERS (Process & Mechanical),#32,Inferred,"1 (equipment, Inferred per 04); 6 (power and control)",E3.1; E6.3,,E3.1; E6.3,Electrical & Controls
CWP 46,Treatment Equipment,PROPOSED-Train-3-Submersible-Mixer-B,Train No.3 submersible mixer B,Train No.3,Install,46-C04,Treatment Equipment — Train 3,2023-08-01,2024-07-08,2023-03-31,Not stated,Not stated,,,,,,1,,0,0,PROPOSED-TRAIN-3-ANOXIC-MIXERS (Process & Mechanical),#32,Inferred,"1 (equipment, Inferred per 04); 6 (power and control)",E3.1; E6.3,,E3.1; E6.3,Electrical & Controls
CWP 46,Treatment Equipment,PROPOSED-Hypochlorite-Feed-Pump,Hypochlorite feed pump; 120 V GFCI receptacle on LP1-16 and 4–20 mA flow pace,Not stated (drawn on E4.1),Install,46-C04,Treatment Equipment — Train 3,2023-08-01,2024-07-08,2023-03-31,Not stated,Not stated,,,,,,1,,0,0,,#121,Verified-Visual,"1 (equipment, Inferred per 04); 6 (power and control)",E2.2; E4.1; E6.2; E6.3; E7.7; E10.2,,E2.2; E4.1; E6.2; E6.3; E7.7; E10.2,Electrical & Controls
CWP 46,Treatment Equipment,PROPOSED-Effluent-Sampler,"Effluent sampler (Owner-furnished, contractor-installed); 120 V GFCI receptacle on LP1-14 and 4–20 mA flow pace",Not stated (drawn on E4.1),Install,46-C04,Treatment Equipment — Train 3,2023-08-01,2024-07-08,2023-03-31,Not stated,Not stated,,,,,,1,,0,0,,#123,Verified-Visual,"6 (installation, receptacle, flow-pace signal); sampler Owner-furnished",E2.2; E4.1; E6.2; E6.3; E7.7,,E2.2; E4.1; E6.2; E6.3; E7.7; 26 80 00,Electrical & Controls
CWP 46,Treatment Equipment,PROPOSED-Train-3,Train 3 (third treatment train),Train 3,Install,46-C04,Treatment Equipment — Train 3,2023-08-01,2024-07-08,2023-03-31,N,Y,,,,,,1,,0,6,,"#251, #253",Inferred,1,,00 31 13; 00 24 13; 00 73 00; 01 45 00; 01 50 00,00 31 13; 00 24 13; 00 73 00; 01 45 00; 01 50 00; CQA Plan,Contract & General
CWP 46,Treatment Equipment,PROPOSED-Train-3-Biological-Treatment-Equipment,Train 3 biological treatment system equipment,Train 3,Install,46-C04,Treatment Equipment — Train 3,2023-08-01,2024-07-08,2023-03-31,Y,Y,,,,,,1,,12,7,PROPOSED-TRAIN-3-TREATMENT-SYSTEM (Process & Mechanical),"#30, #251, #255",Unresolved,1; Equipment Alternate B; 18 — Unresolved (see 04); 19,,00 24 13; 00 41 00; 01 33 00; 01 70 00; 01 91 00; 01 45 00,00 24 13; 00 41 00; 01 33 00; 01 70 00; 01 91 00; 01 45 00,Contract & General
CWP 46,Treatment Equipment,PROPOSED-Aeration-Basins,Aeration basins (Train 3),Train 3,Install,46-C04,Treatment Equipment — Train 3,2023-08-01,2024-07-08,2023-03-31,N,Y,,,,,,1,,0,4,,"#251, #252",Inferred,1,,01 45 00; 01 50 00,01 45 00; 01 50 00,Contract & General
CWP 46,Treatment Equipment,PROPOSED-Anoxic-Basins,Anoxic basins (Train 3),Train 3,Install,46-C04,Treatment Equipment — Train 3,2023-08-01,2024-07-08,2023-03-31,N,Y,,,,,,1,,0,4,,"#251, #252",Inferred,1,,01 45 00; 01 50 00,01 45 00; 01 50 00,Contract & General
CWP 46,Treatment Equipment,PROPOSED-Clarifier,Clarifier (Train 3),Train 3,Install,46-C04,Treatment Equipment — Train 3,2023-08-01,2024-07-08,2023-03-31,N,Y,,,,,,1,,0,5,PROPOSED-Train-3-Clarifier-Drive-Motor (Electrical & Controls); PROPOSED-TRAIN-3-CLARIFIER-MECHANISM (Process & Mechanical),"#33, #251, #252",Inferred,1,,01 45 00; 01 50 00; 01 91 00,01 45 00; 01 50 00; 01 91 00,Contract & General
CWP 46,Treatment Equipment,PROPOSED-Train-3-Dissolved-Oxygen-Sensors,"Dissolved oxygen (DO) sensors, Train 3",Train 3,Install,46-C04,Treatment Equipment — Train 3,2023-08-01,2024-07-08,2023-03-31,Y,Y,,,,,,1,,11,4,DO #1 (Process & Mechanical); DO-1 (Process & Mechanical); DO #2 (Process & Mechanical); DO-2 (Process & Mechanical),"#35, #251, #253",Inferred,1; Equipment Alternate B (package — Inferred),,01 91 00; 01 33 00; 01 70 00,01 91 00; 01 33 00; 01 70 00,Contract & General
CWP 46,Treatment Equipment,PROPOSED-Train-3-pH-Sensors,"pH sensors, Train 3",Train 3,Install,46-C04,Treatment Equipment — Train 3,2023-08-01,2024-07-08,2023-03-31,Y,Y,,,,,,1,,11,4,DO #1 (Process & Mechanical); DO-1 (Process & Mechanical); DO #2 (Process & Mechanical); DO-2 (Process & Mechanical),"#35, #251, #253",Inferred,1; Equipment Alternate B (package — Inferred),,01 91 00; 01 33 00; 01 70 00,01 91 00; 01 33 00; 01 70 00,Contract & General
CWP 46,Treatment Equipment,PROPOSED-Handrails,Handrails,Not stated,Install,46-C04,Treatment Equipment — Train 3,2023-08-01,2024-07-08,2023-03-31,N,N,,,,,,1,,0,0,PROPOSED-TRAIN-3-WALKWAYS-AND-LADDER (Process & Mechanical); PROPOSED-Train-3-Guardrail-and-Ladders (Structural & Building),"#34, #252",Inferred,1,,01 70 00,01 70 00,Contract & General
CWP 46,Treatment Equipment,PROPOSED-DIGESTED-SLUDGE-FLOW-METER,"Rotary press sludge flowmeter, 3-inch electromagnetic (E+H 10W), 24-800 gpm, at the flocculator inlet (G0.5 digested sludge FM)",Rotary Fan Press System,Install,46-C01,Treatment Equipment — Sludge dewatering (rotary fan press),2023-11-01,2024-02-09,2023-03-31,Y,N,,,,,,1,,2,0,,#172,Unresolved,1; Equipment Alternate C,G0.5; C6.2,46 76 26,G0.5; C6.2; 46 76 26,Process & Mechanical
CWP 46,Treatment Equipment,PROPOSED-ROTARY-FAN-PRESS,"Rotary fan press (rotary press model), steel, 1 unit",Rotary Fan Press System,Install,46-C01,Treatment Equipment — Sludge dewatering (rotary fan press),2023-11-01,2024-02-09,2023-03-31,Y,Y,,,,,,1,,3,5,PROPOSED-Dewatering-System (Contract & General); DW-1 (Electrical & Controls),#63,Inferred,1; Equipment Alternate C,G0.5; G0.6; G0.7; C6.1,46 76 26,C6.1; G0.7; 46 76 26,Process & Mechanical
CWP 46,Treatment Equipment,PROPOSED-RFP-FLOCCULATOR,"Rotary fan press flocculator, steel, 1",Rotary Fan Press System,Install,46-C01,Treatment Equipment — Sludge dewatering (rotary fan press),2023-11-01,2024-02-09,2023-03-31,Y,Y,,,,,,1,,1,3,,,Inferred,1; Equipment Alternate C,C6.1,46 76 26,C6.1; 46 76 26,Process & Mechanical
CWP 46,Treatment Equipment,PROPOSED-RFP-SLUDGE-MANIFOLD,"Rotary fan press sludge manifold and piping, 316 SS, 1",Rotary Fan Press System,Install,46-C01,Treatment Equipment — Sludge dewatering (rotary fan press),2023-11-01,2024-02-09,2023-03-31,Y,Y,,,,,,1,,1,3,,,Inferred,1; Equipment Alternate C,C6.1,46 76 26,C6.1; 46 76 26,Process & Mechanical
CWP 46,Treatment Equipment,PROPOSED-RFP-CAKE-CHUTE,"Rotary fan press cake chute, LLDPE, 1",Rotary Fan Press System,Install,46-C01,Treatment Equipment — Sludge dewatering (rotary fan press),2023-11-01,2024-02-09,2023-03-31,Y,N,,,,,,1,,1,0,,,Inferred,1; Equipment Alternate C,C6.1,46 76 26,C6.1; 46 76 26,Process & Mechanical
CWP 46,Treatment Equipment,PROPOSED-RFP-AIR-COMPRESSOR,"Rotary fan press air compressor, material not listed, 1",Rotary Fan Press System,Install,46-C01,Treatment Equipment — Sludge dewatering (rotary fan press),2023-11-01,2024-02-09,2023-03-31,Y,N,,,,,,1,,1,0,,,Inferred,1; Equipment Alternate C,C6.1,46 76 26,C6.1; 46 76 26,Process & Mechanical
CWP 46,Treatment Equipment,PROPOSED-RFP-CONTROL-PANEL,"Rotary fan press control panel with operator interface, 1",Rotary Fan Press System,Install,46-C01,Treatment Equipment — Sludge dewatering (rotary fan press),2023-11-01,2024-02-09,2023-03-31,Y,Y,,,,,,1,,1,3,PROPOSED-Dewatering-System (Contract & General); DW-1 (Electrical & Controls),#63,Unresolved,1; Equipment Alternate C,C6.1,46 76 26,C6.1; 46 76 26,Process & Mechanical
CWP 46,Treatment Equipment,PROPOSED-POLYMER-SYSTEM,"Emulsion (liquid) polymer make-up system, Fournier frame with Watson-Marlow peristaltic dosing pump; C6.1 plan labels a dry polymer mix unit",Rotary Fan Press System,Install,46-C01,Treatment Equipment — Sludge dewatering (rotary fan press),2023-11-01,2024-02-09,2023-03-31,Y,N,,,,,,1,,2,0,PROPOSED-Polymer-Feed-Pump (Electrical & Controls),#64,Unresolved,1; Equipment Alternate C,C6.1,46 33 33,C6.1; 46 33 33; 46 76 26,Process & Mechanical
CWP 46,Treatment Equipment,PROPOSED-SCREW-CONVEYOR,"Screw conveyor system, stainless steel, dewatered cake to mobile dumpster/bin (system row; components below)",Rotary Fan Press System,Install,46-C01,Treatment Equipment — Sludge dewatering (rotary fan press),2023-11-01,2024-02-09,2023-03-31,Y,Y,,,,,,1,,3,5,,,Unresolved,1; Equipment Alternate C,C6.1,46 12 13 (as printed on C6.1; not in the spec); 41 12 13,C6.1; 41 12 13; 46 76 26,Process & Mechanical
CWP 46,Treatment Equipment,PROPOSED-DIGESTED-SLUDGE-FEED-TO-PRESS,"Digested sludge feed to rotary fan press, 3-inch",Rotary Fan Press System,Install,46-C01,Treatment Equipment — Sludge dewatering (rotary fan press),2023-11-01,2024-02-09,2023-03-31,N,N,,,,,,1,,0,0,,#106,Inferred,1,G0.5; C6.1; C6.2,,G0.5; C6.1; C6.2,Process & Mechanical
CWP 46,Treatment Equipment,PROPOSED-RFP-POLYMER-FLOWMETER,"Rotary press polymer (dilution) flowmeter, 1-inch electromagnetic (E+H 10P), 5-80 gpm, at the flocculator inlet",Rotary Fan Press System,Install,46-C01,Treatment Equipment — Sludge dewatering (rotary fan press),2023-11-01,2024-02-09,2023-03-31,Y,N,,,,,,1,,2,0,,#116,Inferred,1; Equipment Alternate C,,46 76 26; 46 33 33,46 76 26; 46 33 33,Process & Mechanical
CWP 46,Treatment Equipment,PROPOSED-RFP-INLET-PRESSURE-TRANSMITTER,"Flocculator inlet pressure transmitter, E+H PMC71, 0-30 psi, HART",Rotary Fan Press System,Install,46-C01,Treatment Equipment — Sludge dewatering (rotary fan press),2023-11-01,2024-02-09,2023-03-31,Y,N,,,,,,1,,1,0,,#117,Inferred,1; Equipment Alternate C,,46 76 26,46 76 26,Process & Mechanical
CWP 46,Treatment Equipment,PROPOSED-Dewatering-System,Sludge dewatering system (rotary fan press),Rotary Fan Press System,Install,46-C01,Treatment Equipment — Sludge dewatering (rotary fan press),2023-11-01,2024-02-09,2023-03-31,Y,Y,,,,,,1,,12,6,PROPOSED-RFP-CONTROL-PANEL (Process & Mechanical); PROPOSED-ROTARY-FAN-PRESS (Process & Mechanical); DW-1 (Electrical & Controls),"#15, #63, #251",Unresolved,1; Equipment Alternate C,,00 31 13; 00 41 00; 00 73 00; 01 33 00; 01 70 00; 01 91 00,00 31 13; 00 41 00; 00 73 00; 01 33 00; 01 70 00; 01 91 00; CQA Plan,Contract & General
